constituency,constituency_id,name,party,status,votes
AJMER,AJMER (13),BHAGIRATH CHOUDHARY,BHARATIYA JANATA PARTY,won,747462
AJMER,AJMER (13),RAMCHANDRA CHOUDHARY,INDIAN NATIONAL CONGRESS,lost,417471
AJMER,AJMER (13),NOTA,NONE OF THE ABOVE,nan,11402
AJMER,AJMER (13),RAMDEV,BAHUJAN SAMAJ PARTY,lost,4944
AJMER,AJMER (13),SURENDRA SINGH RANAVAT,INDEPENDENT,lost,4373
AJMER,AJMER (13),MUKESH GENA,BHARATIYA YUVA JAN EKTA PARTY,lost,3196
AJMER,AJMER (13),JITENDRA BOYAT,AAZAD SAMAJ PARTY (KANSHI RAM),lost,2633
AJMER,AJMER (13),SATYANARAYAN MALI,INDEPENDENT,lost,2420
AJMER,AJMER (13),VISHRAM BABU,INDEPENDENT,lost,1524
AJMER,AJMER (13),SHABUDADIN,NATIONAL FUTURE PARTY,lost,1197
AJMER,AJMER (13),PREM LATA,INDEPENDENT,lost,1155
AJMER,AJMER (13),YUSUF,INDEPENDENT,lost,1000
AJMER,AJMER (13),BHAWARLAL SONI,INDEPENDENT,lost,938
AJMER,AJMER (13),RAMLAL,AKHIL BHARTIYA AAMJAN PARTY,lost,818
AJMER,AJMER (13),DAYA MOHAN GARG,INDEPENDENT,lost,646
ALWAR,ALWAR(8),BHUPENDER YADAV,BHARATIYA JANATA PARTY,won,631992
ALWAR,ALWAR(8),LALIT YADAV,INDIAN NATIONAL CONGRESS,lost,583710
ALWAR,ALWAR(8),FAZAL HUSSAIN,BAHUJAN SAMAJ PARTY,lost,19287
ALWAR,ALWAR(8),NOTA,NONE OF THE ABOVE,nan,5822
ALWAR,ALWAR(8),PARDEEP KUMAR,SARV SAMAJ PARTY,lost,4362
ALWAR,ALWAR(8),VIVEK JAIN,INDEPENDENT,lost,2438
ALWAR,ALWAR(8),RAMBABU SHARMA,INDEPENDENT,lost,2232
ALWAR,ALWAR(8),AMIT GUPTA,INDEPENDENT,lost,1389
ALWAR,ALWAR(8),CHHAGAN LAL,INDEPENDENT,lost,1327
ALWAR,ALWAR(8),VISHVNATH KHINCHI,HINDUSTAN JANTA PARTY,lost,879
AMBALA,AMBALA(1),VARUN CHAUDHRY,INDIAN NATIONAL CONGRESS,won,663657
AMBALA,AMBALA(1),BANTO KATARIA,BHARATIYA JANATA PARTY,lost,614621
AMBALA,AMBALA(1),PAWAN RANDHAWA,BAHUJAN SAMAJ PARTY,lost,23583
AMBALA,AMBALA(1),GURPREET SINGH,INDIAN NATIONAL LOK DAL,lost,8986
AMBALA,AMBALA(1),KAMAL KUMAR BARARA,AAZAD SAMAJ PARTY (KANSHI RAM),lost,8754
AMBALA,AMBALA(1),NOTA,NONE OF THE ABOVE,nan,6452
AMBALA,AMBALA(1),KIRAN PUNIA,JANNAYAK JANTA PARTY,lost,6092
AMBALA,AMBALA(1),RAKESH KUMAR,HARYANA JANSENA PARTY,lost,3111
AMBALA,AMBALA(1),BALJEET SINGH,BHARATHEEYA JAWAN KISAN PARTY,lost,2502
AMBALA,AMBALA(1),MEHAR SINGH CHALIA,EKAM SANATAN BHARAT DAL,lost,2397
AMBALA,AMBALA(1),GULAB SINGH NARWAL,PEOPLES PARTY OF INDIA (DEMOCRATIC),lost,1690
AMBALA,AMBALA(1),SURAJ KUMAR,BAHUJAN MUKTI PARTY,lost,1506
AMBALA,AMBALA(1),MOHAR SINGH STATION MASTER (RETD.),INDEPENDENT,lost,1263
AMBALA,AMBALA(1),BETA MAM CHAND RATTUWALA,BHARATIYA YUVA JAN EKTA PARTY,lost,1251
AMBALA,AMBALA(1),DR. NITESH CHOPRA (HONEY),BHARTIYA SHAKTI CHETNA PARTY,lost,857
ANANTNAG-RAJOURI,ANANTNAG-RAJOURI(3),MIAN ALTAF AHMAD,JAMMU & KASHMIR NATIONAL CONFERENCE,won,521836
ANANTNAG-RAJOURI,ANANTNAG-RAJOURI(3),MEHBOOBA MUFTI,JAMMU & KASHMIR PEOPLES DEMOCRATIC PARTY,lost,240042
ANANTNAG-RAJOURI,ANANTNAG-RAJOURI(3),ZAFAR IQBAL KHAN MANHAS,JAMMU AND KASHMIR APNI PARTY,lost,142195
ANANTNAG-RAJOURI,ANANTNAG-RAJOURI(3),MOHAMAD SALEEM PARAY,DEMOCRATIC PROGRESSIVE AZAD PARTY,lost,25561
ANANTNAG-RAJOURI,ANANTNAG-RAJOURI(3),ABDUL RAOUF MALIK,INDEPENDENT,lost,10582
ANANTNAG-RAJOURI,ANANTNAG-RAJOURI(3),SUSHIL KUMAR SHARMA,INDEPENDENT,lost,9228
ANANTNAG-RAJOURI,ANANTNAG-RAJOURI(3),ABDUL ROUF NAIK,INDEPENDENT,lost,9149
ANANTNAG-RAJOURI,ANANTNAG-RAJOURI(3),SAJAD AHMAD DAR,INDEPENDENT,lost,8004
ANANTNAG-RAJOURI,ANANTNAG-RAJOURI(3),IMRAN SHEIKH,INDEPENDENT,lost,7485
ANANTNAG-RAJOURI,ANANTNAG-RAJOURI(3),IMTIYAZ AHMAD,NATIONAL LOKTANTRIK PARTY,lost,7013
ANANTNAG-RAJOURI,ANANTNAG-RAJOURI(3),ARSHEED AHMED LONE,JAMMU & KASHMIR NATIONAL PANTHERS PARTY (BHIM),lost,6389
ANANTNAG-RAJOURI,ANANTNAG-RAJOURI(3),NOTA,NONE OF THE ABOVE,nan,6223
ANANTNAG-RAJOURI,ANANTNAG-RAJOURI(3),BALDEV KUMAR,INDEPENDENT,lost,6189
ANANTNAG-RAJOURI,ANANTNAG-RAJOURI(3),ALI MOHAMMAD WANI,INDEPENDENT,lost,5255
ANANTNAG-RAJOURI,ANANTNAG-RAJOURI(3),SHEIKH MUZAFAR AHMED,JAMMU AND KASHMIR NATIONALIST PEOPLE'S FRONT,lost,4814
ANANTNAG-RAJOURI,ANANTNAG-RAJOURI(3),DILIP KUMAR PANDITA,INDEPENDENT,lost,3722
ANANTNAG-RAJOURI,ANANTNAG-RAJOURI(3),RAVINDER SINGH,INDEPENDENT,lost,2962
ANANTNAG-RAJOURI,ANANTNAG-RAJOURI(3),GULSHAN AKHTER,INDEPENDENT,lost,2807
ANANTNAG-RAJOURI,ANANTNAG-RAJOURI(3),MOHAMMAD MAQBOOL TELI,GARIB DEMOCRATIC PARTY,lost,2748
ANANTNAG-RAJOURI,ANANTNAG-RAJOURI(3),SUDARSHAN SINGH,NATIONAL AWAMI UNITED PARTY,lost,2382
ANANTNAG-RAJOURI,ANANTNAG-RAJOURI(3),JAVAID AHMED,ALL INDIA FORWARD BLOC,lost,1562
ARAKKONAM,ARAKKONAM(7),S JAGATHRATCHAKAN,DRAVIDA MUNNETRA KAZHAGAM,won,563216
ARAKKONAM,ARAKKONAM(7),L VIJAYAN,ALL INDIA ANNA DRAVIDA MUNNETRA KAZHAGAM,lost,256657
ARAKKONAM,ARAKKONAM(7),K BALU,PATTALI MAKKAL KATCHI,lost,202325
ARAKKONAM,ARAKKONAM(7),S AFSHIA NASRIN,NAAM TAMILAR KATCHI,lost,98944
ARAKKONAM,ARAKKONAM(7),NOTA,NONE OF THE ABOVE,nan,12613
ARAKKONAM,ARAKKONAM(7),D PANDIYAN,BAHUJAN SAMAJ PARTY,lost,6212
ARAKKONAM,ARAKKONAM(7),A PALANI,INDEPENDENT,lost,3866
ARAKKONAM,ARAKKONAM(7),K MANIGANDAN,INDEPENDENT,lost,2049
ARAKKONAM,ARAKKONAM(7),INDU W,TAMIL MANILA MURPOKKU DRAVIDA KAZHAGAM,lost,1938
ARAKKONAM,ARAKKONAM(7),DR A V NARENDRAN,INDEPENDENT,lost,1722
ARAKKONAM,ARAKKONAM(7),M VIJAYAN,INDEPENDENT,lost,1678
ARAKKONAM,ARAKKONAM(7),M BALU,INDEPENDENT,lost,1561
ARAKKONAM,ARAKKONAM(7),SHETTU S,INDEPENDENT,lost,1561
ARAKKONAM,ARAKKONAM(7),V BABU,UNITED REPUBLICAN PARTY OF INDIA,lost,1366
ARAKKONAM,ARAKKONAM(7),M THULASIRAMAN,INDEPENDENT,lost,1053
ARAKKONAM,ARAKKONAM(7),D JANAKIRAMAN,INDEPENDENT,lost,837
ARAKKONAM,ARAKKONAM(7),S SURESH KUMAR,INDEPENDENT,lost,835
ARAKKONAM,ARAKKONAM(7),R VINOTH,VEERATH THIYAGI VISWANATHADOSS THOZHILALARKAL KATCHI,lost,821
ARAKKONAM,ARAKKONAM(7),V VINAYAGAM,INDEPENDENT,lost,729
ARAKKONAM,ARAKKONAM(7),VIJAYAN K,ALL INDIA JANANAYAKA MAKKAL KAZHAGAM,lost,633
ARAKKONAM,ARAKKONAM(7),SHANAVAS J,INDEPENDENT,lost,583
ARAKKONAM,ARAKKONAM(7),V KRISHNANANDAN,ANNA MGR DRAVIDA MAKKAL KALGAM,lost,582
ARAKKONAM,ARAKKONAM(7),A JAYACHANDRAN,INDEPENDENT,lost,538
ARAKKONAM,ARAKKONAM(7),N SUGUMAR,INDEPENDENT,lost,432
ARAKKONAM,ARAKKONAM(7),M VIJAY,INDEPENDENT,lost,427
ARAKKONAM,ARAKKONAM(7),G SUDHAKAR,INDEPENDENT,lost,380
ARAKKONAM,ARAKKONAM(7),K VENKATESAN,INDEPENDENT,lost,264
ARANI,ARANI(12),THARANIVENTHAN M S,DRAVIDA MUNNETRA KAZHAGAM,won,500099
ARANI,ARANI(12),"GAJENDRAN, G.V.",ALL INDIA ANNA DRAVIDA MUNNETRA KAZHAGAM,lost,291333
ARANI,ARANI(12),DR GANESH KUMAR A ME PHD,PATTALI MAKKAL KATCHI,lost,236571
ARANI,ARANI(12),"BAKIYALAKSHMI, K.",NAAM TAMILAR KATCHI,lost,66740
ARANI,ARANI(12),NOTA,NONE OF THE ABOVE,nan,9188
ARANI,ARANI(12),"MANIGANDAN, V.",INDEPENDENT,lost,4808
ARANI,ARANI(12),"GANESH KUMAR, U.",INDEPENDENT,lost,3812
ARANI,ARANI(12),DURAI M,BAHUJAN SAMAJ PARTY,lost,3685
ARANI,ARANI(12),"GAJENDRAN, J.",INDEPENDENT,lost,3400
ARANI,ARANI(12),"KARVANNAN, K.",INDEPENDENT,lost,3036
ARANI,ARANI(12),"GAJENDIRAN, E.",INDEPENDENT,lost,2613
ARANI,ARANI(12),"KOTTAI VENKATESAN, M.",INDEPENDENT,lost,1908
ARANI,ARANI(12),"SENTHIL KUMAR, D.",INDEPENDENT,lost,1475
ARANI,ARANI(12),"SEKAR, N.",INDEPENDENT,lost,1400
ARANI,ARANI(12),SAKTHIVEL A,THAKKAM KATCHI,lost,1186
ARANI,ARANI(12),"GANESH, P.",INDEPENDENT,lost,980
ARANI,ARANI(12),NAGARAJAN P,VEERATH THIYAGI VISWANATHADOSS THOZHILALARKAL KATCHI,lost,927
ARANI,ARANI(12),CAPTAIN SETTU M,VIRO KE VIR INDIAN PARTY,lost,922
ARANI,ARANI(12),"JAISANKAR, M.",INDEPENDENT,lost,840
ARANI,ARANI(12),EZHIL ARASU M,INDEPENDENT,lost,753
ARANI,ARANI(12),BABU N,INDEPENDENT,lost,674
ARANI,ARANI(12),"DURUGAN, M.",UNITED REPUBLICAN PARTY OF INDIA,lost,604
ARANI,ARANI(12),MOHMMAD SIDDIQ M H,INDEPENDENT,lost,528
ARANI,ARANI(12),"ARUL, M.",INDEPENDENT,lost,510
ARANI,ARANI(12),"MANAVALAN, A.",ANNA MGR DRAVIDA MAKKAL KALGAM,lost,480
ARANI,ARANI(12),"DHARANI, D.",INDEPENDENT,lost,468
ARANI,ARANI(12),"MURUGESAN, D.",INDEPENDENT,lost,403
ARANI,ARANI(12),"ELLAPPAN, R.",INDEPENDENT,lost,378
ARANI,ARANI(12),"FEROZKHAN, A.",INDEPENDENT,lost,298
ARANI,ARANI(12),"DHAMODHARAN, G.",INDEPENDENT,lost,242
Adilabad,Adilabad (1),GODAM NAGESH,BHARATIYA JANATA PARTY,won,568168
Adilabad,Adilabad (1),ATHRAM SUGUNA,INDIAN NATIONAL CONGRESS,lost,477516
Adilabad,Adilabad (1),ATHRAM SAKKU,BHARAT RASHTRA SAMITHI,lost,137300
Adilabad,Adilabad (1),NOTA,NONE OF THE ABOVE,nan,11762
Adilabad,Adilabad (1),MALOTHU SYAMLAL NAYAK,ALLIANCE OF DEMOCRATIC REFORMS PARTY,lost,7499
Adilabad,Adilabad (1),MESRAM JANGUBAPU,BAHUJAN SAMAJ PARTY,lost,6744
Adilabad,Adilabad (1),RATHOD SUBASH,INDEPENDENT,lost,6528
Adilabad,Adilabad (1),BUKYA JAIVANTH RAO,INDEPENDENT,lost,6446
Adilabad,Adilabad (1),CHAVAN SUDHARSHAN,ANNA YSR CONGRESS PARTY,lost,4644
Adilabad,Adilabad (1),GANGADEVI MESRAM,DHARMA SAMAJ PARTY,lost,3468
Adilabad,Adilabad (1),N. TIRUPATI,VIDHYARTHULA RAJAKIYA PARTY,lost,2292
Adilabad,Adilabad (1),KODAPA VAMAN RAO,GONDWANA DANDKARANYA PARTY,lost,1685
Adilabad,Adilabad (1),GEDAM. SAGAR,INDIA PRAJA BANDHU PARTY,lost,1545
Agra,Agra(18),PROF S P SINGH BAGHEL,BHARATIYA JANATA PARTY,won,599397
Agra,Agra(18),SURESH CHAND KARDAM,SAMAJWADI PARTY,lost,328103
Agra,Agra(18),POOJA AMROHI,BAHUJAN SAMAJ PARTY,lost,176474
Agra,Agra(18),NOTA,NONE OF THE ABOVE,nan,7014
Agra,Agra(18),ARAM SINGH,PEOPLES PARTY OF INDIA (DEMOCRATIC),lost,4143
Agra,Agra(18),KULDEEP KUMAR,BHARATIYA KISAN PARIVARTAN PARTY,lost,2002
Agra,Agra(18),MAHENDRA SINGH,INDEPENDENT,lost,1785
Agra,Agra(18),POOJA,INDEPENDENT,lost,1370
Agra,Agra(18),SARVESH KUMAR,BHARATIYA MAJDOOR JANTA PARTY,lost,1133
Agra,Agra(18),AMBEDAKARI HASANURAM AMBEDAKARI,INDEPENDENT,lost,933
Agra,Agra(18),JITENDRA GAUTAM,LOKPRIYA RASHTRAWADI PARTY,lost,782
Agra,Agra(18),CHANDRA PAL,ADARSH SAMAJ PARTY,lost,643
Ahmedabad East,Ahmedabad East(7),HASMUKHBHAI PATEL (H.S.PATEL),BHARATIYA JANATA PARTY,won,770459
Ahmedabad East,Ahmedabad East(7),HIMMATSINH PRAHLADSINH PATEL,INDIAN NATIONAL CONGRESS,lost,308704
Ahmedabad East,Ahmedabad East(7),NOTA,NONE OF THE ABOVE,nan,10503
Ahmedabad East,Ahmedabad East(7),MAKWANA JAYANTIBHAI KANJIBHAI,BAHUJAN SAMAJ PARTY,lost,10482
Ahmedabad East,Ahmedabad East(7),BRIJESH SHARMA,INDEPENDENT,lost,4526
Ahmedabad East,Ahmedabad East(7),HARSHAD BABUBHAI NANDOLIYA,INDEPENDENT,lost,3571
Ahmedabad East,Ahmedabad East(7),MAHESHKUMAR SOMABHAI THAKOR,INDEPENDENT,lost,3033
Ahmedabad East,Ahmedabad East(7),KALPESHBHAI SHETE,GUNJ SATYA NI JANATA PARTY,lost,2937
Ahmedabad East,Ahmedabad East(7),PATANI VISHNUBHAI NATAVARBHAI,INDEPENDENT,lost,2420
Ahmedabad East,Ahmedabad East(7),ZALA SANJAYKUMAR MAHOBATSINH,INDEPENDENT,lost,2366
Ahmedabad East,Ahmedabad East(7),DASHARATHBHAI KANTILAL PANCHAL,INDEPENDENT,lost,1480
Ahmedabad East,Ahmedabad East(7),PRAMOD SAHDEVBHAI GUDADE,SWATANTRATA ABHIVYAKTI PARTY,lost,1279
Ahmedabad East,Ahmedabad East(7),RAJESH HARIRAM MAURYA,PRAJATANTRA AADHAR PARTY,lost,1212
Ahmedabad East,Ahmedabad East(7),INGOLE ROOPESHBHAI BABUBHAI,INDEPENDENT,lost,1169
Ahmedabad East,Ahmedabad East(7),DHANANJAY GIRJASHANKAR RAJPUT,BHARTIYA JAN PARISHAD,lost,1120
Ahmedabad East,Ahmedabad East(7),MANISH KUMAR DUBEY,SWARAJ KRANTI PARTY,lost,909
Ahmedabad East,Ahmedabad East(7),CHAUHAN MOHAMADFARUK AHEMADHASANBHAI,INDEPENDENT,lost,778
Ahmedabad East,Ahmedabad East(7),HITENDRABHAI PATEL,AADI BHARAT PARTY,lost,742
Ahmedabad East,Ahmedabad East(7),PIYUSHBHAI BHAVSAR,YOUTH INDIA PEACE PARTY,lost,649
Ahmedabad West,Ahmedabad West(8),DINESHBHAI MAKWANA (ADVOCATE),BHARATIYA JANATA PARTY,won,611704
Ahmedabad West,Ahmedabad West(8),BHARAT YOGENDRA MAKWANA,INDIAN NATIONAL CONGRESS,lost,325267
Ahmedabad West,Ahmedabad West(8),NOTA,NONE OF THE ABOVE,nan,14007
Ahmedabad West,Ahmedabad West(8),ANILKUMAR VASANTBHAI VAGHELA,BAHUJAN SAMAJ PARTY,lost,9600
Ahmedabad West,Ahmedabad West(8),BHITORA BHAVESHKUMAR CHIMANLAL,GUJARAT LOKTANTRA PARTY,lost,2458
Ahmedabad West,Ahmedabad West(8),SHANKARBHAI KHUSHALBHAI RATHOD,DEMOCRATIC BHARATIYA SAMAJ PARTY,lost,2389
Ahmedabad West,Ahmedabad West(8),VEDUBHAI KAUTIKBHAI SIRASAT,JAN SEWA DRIVER PARTY,lost,1221
Ahmednagar,Ahmednagar(37),NILESH DNYANDEV LANKE,NATIONALIST CONGRESS PARTY – SHARADCHANDRA PAWAR,won,624797
Ahmednagar,Ahmednagar(37),DR. SUJAY RADHAKRISHNA VIKHEPATIL,BHARATIYA JANATA PARTY,lost,595868
Ahmednagar,Ahmednagar(37),ALEKAR GORAKH DASHRATH,INDEPENDENT,lost,44597
Ahmednagar,Ahmednagar(37),DEELIP KONDIBA KHEDKAR,VANCHIT BAHUJAN AAGHADI,lost,13749
Ahmednagar,Ahmednagar(37),AMOL VILAS PACHUNDKAR,INDEPENDENT,lost,5493
Ahmednagar,Ahmednagar(37),BHAGWAT DHONDIBA GAIKWAD,SAMATA PARTY,lost,4944
Ahmednagar,Ahmednagar(37),UMASHANKAR SHYAMBABU YADAV,BAHUJAN SAMAJ PARTY,lost,4539
Ahmednagar,Ahmednagar(37),ADV. JAMIR SHAIKH,INDEPENDENT,lost,3935
Ahmednagar,Ahmednagar(37),AARTI KISHORKUMAR HALDAR,PRABUDDHA REPUBLICAN PARTY,lost,3799
Ahmednagar,Ahmednagar(37),NOTA,NONE OF THE ABOVE,nan,3282
Ahmednagar,Ahmednagar(37),NAVSHAD MUNSILAL SHAIKH,INDEPENDENT,lost,2226
Ahmednagar,Ahmednagar(37),SURYABHAN (ALIAS SURESH) DATTATRAYA LAMBE,INDEPENDENT,lost,2092
Ahmednagar,Ahmednagar(37),KALIRAM BAHIRU POPALGHAT,BHARTIYA NAVJAWAN SENA (PAKSHA),lost,1981
Ahmednagar,Ahmednagar(37),GAVADE MACCHINDRA RADHAKISAN,INDEPENDENT,lost,1941
Ahmednagar,Ahmednagar(37),PRAVIN SUBHASH DALVI,INDEPENDENT,lost,1898
Ahmednagar,Ahmednagar(37),MADAN KANIFNATH SONVANE,RIGHT TO RECALL PARTY,lost,1451
Ahmednagar,Ahmednagar(37),DR. KAILASH NIVRUTTI JADHAV,MAHARASHTRA VIKAS AGHADI,lost,1435
Ahmednagar,Ahmednagar(37),KOTHARI RAVINDRA LILACHAND,RASHTRIYA JANMANCH (SECULAR),lost,1333
Ahmednagar,Ahmednagar(37),ADV. SHIVAJIRAO WAMAN DAMALE (EX. SGT OF IAF),SAINIK SAMAJ PARTY,lost,1104
Ahmednagar,Ahmednagar(37),GANGADHAR HARIBHAU KOLEKAR,INDEPENDENT,lost,1059
Ahmednagar,Ahmednagar(37),DATTATRAY APPA WAGHMODE,RASHTRIYA JANKRANTI PARTY,lost,873
Ahmednagar,Ahmednagar(37),WABLE BHAUSAHEB BAPURAO,BHARATHEEYA JAWAN KISAN PARTY,lost,801
Ahmednagar,Ahmednagar(37),SHEKATKAR ANIL GANPAT,INDEPENDENT,lost,702
Ahmednagar,Ahmednagar(37),ADV. MAHENDRA DADASAHEB SHINDE,INDEPENDENT,lost,675
Ahmednagar,Ahmednagar(37),BILAL GAFUR SHAIKH,INDEPENDENT,lost,531
Ahmednagar,Ahmednagar(37),RAOSAHEB SHANKAR KALE,INDEPENDENT,lost,372
Akbarpur,Akbarpur(44),DEVENDRA SINGH ALIAS BHOLE SINGH,BHARATIYA JANATA PARTY,won,517423
Akbarpur,Akbarpur(44),RAJARAM PAL,SAMAJWADI PARTY,lost,473078
Akbarpur,Akbarpur(44),RAJESH KUMAR DWIVEDI,BAHUJAN SAMAJ PARTY,lost,73140
Akbarpur,Akbarpur(44),NOTA,NONE OF THE ABOVE,nan,7649
Akbarpur,Akbarpur(44),RAJARAM,INDEPENDENT,lost,4642
Akbarpur,Akbarpur(44),ASHOK PASWAN ADVOCATE,SABHI JAN PARTY,lost,3173
Akbarpur,Akbarpur(44),CHANDRESH SINGH,BHARTIYA SHAKTI CHETNA PARTY,lost,2654
Akbarpur,Akbarpur(44),YOGESH JAISWAL,INDEPENDENT,lost,2543
Akbarpur,Akbarpur(44),VIPIN KUMAR,RASHTRIYA SANSKRITI PARTY,lost,1494
Akbarpur,Akbarpur(44),RAMGOPAL,RASHTRIYA JANUTTHAN PARTY,lost,1157
Akola,Akola(6),ANUP SANJAY DHOTRE,BHARATIYA JANATA PARTY,won,457030
Akola,Akola(6),ABHAY KASHINATH PATIL,INDIAN NATIONAL CONGRESS,lost,416404
Akola,Akola(6),AMBEDKAR PRAKASH YASHWANT,VANCHIT BAHUJAN AAGHADI,lost,276747
Akola,Akola(6),NOTA,NONE OF THE ABOVE,nan,5783
Akola,Akola(6),ADV NAJIB SHAIKH,INDIAN NATIONAL LEAGUE,lost,3300
Akola,Akola(6),KASHINATH VISHWANATH DHAMODE,BAHUJAN SAMAJ PARTY,lost,2760
Akola,Akola(6),MURLIDHAR LALSING PAWAR,INDEPENDENT,lost,2066
Akola,Akola(6),ADHAU RAVIKANT RAMKRUSHNA,JAY VIDARBHA PARTY,lost,1734
Akola,Akola(6),AACHARYADIP SUBHASHCHANDRA GANOJE,INDEPENDENT,lost,1618
Akola,Akola(6),UJWALA VINAYAK RAUT,INDEPENDENT,lost,1306
Akola,Akola(6),DHARMENDRA CHANDRAPRAKASH KOTHARI,INDEPENDENT,lost,1240
Akola,Akola(6),DILIP SHATRUGHAN MHAISANE,INDEPENDENT,lost,862
Akola,Akola(6),ASHOK KISANRAO THORAT,INDEPENDENT,lost,581
Akola,Akola(6),MOHMMAD AJAZ MOHMMAD TAHER,AZAD ADHIKAR SENA,lost,568
Akola,Akola(6),BABAN MAHADEV SAYAM,JANSEVA GONDWANA PARTY,lost,537
Akola,Akola(6),PRITI PRAMOD SADANSHIV,REPUBLICAN PARTY OF INDIA (SOCIAL),lost,536
Alappuzha,Alappuzha(15),K. C VENUGOPAL,INDIAN NATIONAL CONGRESS,won,404560
Alappuzha,Alappuzha(15),A. M ARIFF,COMMUNIST PARTY OF INDIA (MARXIST),lost,341047
Alappuzha,Alappuzha(15),SOBHA SURENDRAN,BHARATIYA JANATA PARTY,lost,299648
Alappuzha,Alappuzha(15),NOTA,NONE OF THE ABOVE,nan,7365
Alappuzha,Alappuzha(15),MURALEEDHARAN KONCHERILLAM,BAHUJAN SAMAJ PARTY,lost,1626
Alappuzha,Alappuzha(15),ARJUNAN,SOCIALIST UNITY CENTRE OF INDIA (COMMUNIST),lost,1319
Alappuzha,Alappuzha(15),ADV.K.M SHAJAHAN,INDEPENDENT,lost,682
Alappuzha,Alappuzha(15),VAYALAR RAJEEVAN,BAHUJAN DRAVIDA PARTY,lost,675
Alappuzha,Alappuzha(15),SHAJAHAN V.A. S/O ABDUL AZEES,INDEPENDENT,lost,576
Alappuzha,Alappuzha(15),SATHEESH SHENOI,INDEPENDENT,lost,482
Alappuzha,Alappuzha(15),JAYAKRISHNAN P,INDEPENDENT,lost,385
Alappuzha,Alappuzha(15),JYOTHI ABRAHAM,INDEPENDENT,lost,338
Alathur,Alathur (9),K.RADHAKRISHNAN,COMMUNIST PARTY OF INDIA (MARXIST),won,403447
Alathur,Alathur (9),RAMYA HARIDAS,INDIAN NATIONAL CONGRESS,lost,383336
Alathur,Alathur (9),DR T N SARASU,BHARATIYA JANATA PARTY,lost,188230
Alathur,Alathur (9),NOTA,NONE OF THE ABOVE,nan,12033
Alathur,Alathur (9),HARI ARUMBIL,BAHUJAN SAMAJ PARTY,lost,2871
Alathur,Alathur (9),KRISHNANKUTTY KUNISSERY,INDEPENDENT,lost,2351
Aligarh,Aligarh(15),SATISH KUMAR GAUTAM,BHARATIYA JANATA PARTY,won,501834
Aligarh,Aligarh(15),BIJENDRA SINGH,SAMAJWADI PARTY,lost,486187
Aligarh,Aligarh(15),HITENDRA KUMAR ALIAS BUNTY UPADHYAY,BAHUJAN SAMAJ PARTY,lost,123929
Aligarh,Aligarh(15),NOTA,NONE OF THE ABOVE,nan,4934
Aligarh,Aligarh(15),GYANI RAM,INDEPENDENT,lost,3799
Aligarh,Aligarh(15),SATISH KUMAR,INDEPENDENT,lost,3561
Aligarh,Aligarh(15),SATISH KUMAR,SWATANTRA JANTARAJ PARTY,lost,1648
Aligarh,Aligarh(15),MANOJ KUMAR ALIAS MANOJ LODHI,SAMAN ADHIKAR PARTY,lost,1440
Aligarh,Aligarh(15),KESHAV DEV ALIAS PANDIT KESHAV DEV GAUTAM,INDEPENDENT,lost,1319
Aligarh,Aligarh(15),SURENDRA,MOULIK ADHIKAR PARTY,lost,1178
Aligarh,Aligarh(15),RAJESH KUMAR,INDEPENDENT,lost,1056
Aligarh,Aligarh(15),DILEEP SHARMA AD.,INDEPENDENT,lost,955
Aligarh,Aligarh(15),MAHESH CHANDRA SHARMA,INDEPENDENT,lost,736
Aligarh,Aligarh(15),RAJ KUMAR,RASHTRIYA SHOSHIT SAMAJ PARTY,lost,412
Aligarh,Aligarh(15),MANOJ KUMAR SHARMA ADVOCATE,LOKTANTRIK JANSHAKTI PARTY,lost,378
Alipurduars,Alipurduars(2),MANOJ TIGGA,BHARATIYA JANATA PARTY,won,695314
Alipurduars,Alipurduars(2),PRAKASH CHIK BARAIK,ALL INDIA TRINAMOOL CONGRESS,lost,619867
Alipurduars,Alipurduars(2),MILI ORAON,REVOLUTIONARY SOCIALIST PARTY,lost,39709
Alipurduars,Alipurduars(2),NOTA,NONE OF THE ABOVE,nan,21298
Alipurduars,Alipurduars(2),PARIMAL ORAON,INDEPENDENT,lost,12584
Alipurduars,Alipurduars(2),ARJUN INDWAR,INDEPENDENT,lost,11122
Alipurduars,Alipurduars(2),MUNIB NARJINARY,BAHUJAN SAMAJ PARTY,lost,6648
Alipurduars,Alipurduars(2),RAHUL MARAK,KISAN MAZDOOR SANGHARSH PARTY,lost,5695
Alipurduars,Alipurduars(2),CHANDAN ORAON,SOCIALIST UNITY CENTRE OF INDIA (COMMUNIST),lost,2787
Alipurduars,Alipurduars(2),BINAY MURMU,NORTH BENGAL PEOPLE’S PARTY,lost,2758
Alipurduars,Alipurduars(2),NRIPENDRA NARAYAN DEBKARJEE,KAMATAPUR PEOPLE’S PARTY (UNITED),lost,2055
Alipurduars,Alipurduars(2),BABITA BARA,GANA SURAKSHA PARTY,lost,1552
Allahabad,Allahabad(52),UJJWAL RAMAN SINGH,INDIAN NATIONAL CONGRESS,won,462145
Allahabad,Allahabad(52),NEERAJ TRIPATHI,BHARATIYA JANATA PARTY,lost,403350
Allahabad,Allahabad(52),RAMESH KUMAR PATEL,BAHUJAN SAMAJ PARTY,lost,49144
Allahabad,Allahabad(52),NOTA,NONE OF THE ABOVE,nan,9952
Allahabad,Allahabad(52),GOPAL SWROOP JOSHI,INDEPENDENT,lost,4248
Allahabad,Allahabad(52),AJEET KUMAR PATEL,PRAGATISHEEL SAMAJ PARTY,lost,2642
Allahabad,Allahabad(52),MOOLNIWASI HEMRAJ SINGH,PEOPLES PARTY OF INDIA (DEMOCRATIC),lost,2355
Allahabad,Allahabad(52),GEETA RANI SHARMA,INDEPENDENT,lost,2197
Allahabad,Allahabad(52),HANSHRAJ KOL,APNA DAL (KAMERAWADI),lost,2141
Allahabad,Allahabad(52),RAJENDRA PRASAD PRAJAPATI,BHAGIDARI PARTY(P),lost,1847
Allahabad,Allahabad(52),AVANEESH KUMAR,INDEPENDENT,lost,1835
Allahabad,Allahabad(52),ANUJ SWAROOP SHUKLA,INDEPENDENT,lost,1616
Allahabad,Allahabad(52),SHIV PRASAD VISHWAKARMA,SAMYAK PARTY,lost,1326
Allahabad,Allahabad(52),SARVAJEET SINGH,KAMERA SAMAJ PARTY,lost,1177
Allahabad,Allahabad(52),RAJDHAR SINGH PATEL,RASHTRIYA SAMAJ DAL (R),lost,1025
Almora,Almora(3),AJAY TAMTA,BHARATIYA JANATA PARTY,won,429167
Almora,Almora(3),PRADEEP TAMTA,INDIAN NATIONAL CONGRESS,lost,195070
Almora,Almora(3),NOTA,NONE OF THE ABOVE,nan,17019
Almora,Almora(3),NARAYAN RAM,BAHUJAN SAMAJ PARTY,lost,10075
Almora,Almora(3),KIRAN ARYA,UTTARAKHAND PARIVARTAN PARTY,lost,5778
Almora,Almora(3),ARJUN PRASAD,INDEPENDENT,lost,4707
Almora,Almora(3),DR PRAMOD KUMAR,PEOPLES PARTY OF INDIA (DEMOCRATIC),lost,4457
Almora,Almora(3),ER JYOTI PRAKASH TAMTA,BAHUJAN MUKTI PARTY,lost,2224
Amalapuram,Amalapuram (SC)(7),G M HARISH (BALAYOGI),TELUGU DESAM,won,796981
Amalapuram,Amalapuram (SC)(7),RAPAKA VARAPRASADA RAO,YUVAJANA SRAMIKA RYTHU CONGRESS PARTY,lost,454785
Amalapuram,Amalapuram (SC)(7),GOUTHAM JANGA,INDIAN NATIONAL CONGRESS,lost,15082
Amalapuram,Amalapuram (SC)(7),NOTA,NONE OF THE ABOVE,nan,13518
Amalapuram,Amalapuram (SC)(7),DORABABU YALLA,BAHUJAN SAMAJ PARTY,lost,5388
Amalapuram,Amalapuram (SC)(7),KATRU NAGA BABU,TELUGU NAVA GARJANA PARTY,lost,3741
Amalapuram,Amalapuram (SC)(7),VADDI LALITH KUMAR,INDEPENDENT,lost,2977
Amalapuram,Amalapuram (SC)(7),MAKEY DAVY PRASAD,INDEPENDENT,lost,2111
Amalapuram,Amalapuram (SC)(7),GUDE VENKATESWARULU,INDEPENDENT,lost,1745
Amalapuram,Amalapuram (SC)(7),RAMESH JILLELLA,JATIYA JANA SENA PARTY,lost,872
Amalapuram,Amalapuram (SC)(7),YALANGI RAMESH,JAIBHIM RAO BHARAT PARTY,lost,740
Amalapuram,Amalapuram (SC)(7),GIDDI JNANA PRAKASA RAO,REPUBLICAN PARTY OF INDIA,lost,726
Amalapuram,Amalapuram (SC)(7),MATHA KRISHNA,PYRAMID PARTY OF INDIA,lost,719
Amalapuram,Amalapuram (SC)(7),YADLA RAJESH,LIBERATION CONGRESS PARTY,lost,635
Amalapuram,Amalapuram (SC)(7),KAPA KALYAN,REPUBLICAN PARTY OF INDIA (A),lost,581
Amalapuram,Amalapuram (SC)(7),PATHURI RAMESH,PEOPLES PARTY OF INDIA (DEMOCRATIC),lost,505
Ambedkar Nagar,Ambedkar Nagar(55),LALJI VERMA,SAMAJWADI PARTY,won,544959
Ambedkar Nagar,Ambedkar Nagar(55),RITESH PANDEY,BHARATIYA JANATA PARTY,lost,407712
Ambedkar Nagar,Ambedkar Nagar(55),QAMAR HAYAT,BAHUJAN SAMAJ PARTY,lost,199499
Ambedkar Nagar,Ambedkar Nagar(55),NOTA,NONE OF THE ABOVE,nan,7448
Ambedkar Nagar,Ambedkar Nagar(55),NEELAM SINGH,MOOLNIWASI SAMAJ PARTY,lost,4331
Ambedkar Nagar,Ambedkar Nagar(55),SHABANA KHATOON,PEACE PARTY,lost,3990
Ambedkar Nagar,Ambedkar Nagar(55),JAVED AHMAD SIDDIQUI,INDEPENDENT,lost,3860
Ambedkar Nagar,Ambedkar Nagar(55),RAM NARESH PRAJAPATI,BHAGIDARI PARTY(P),lost,3413
Ambedkar Nagar,Ambedkar Nagar(55),VIVEK KUMAR,BHARTIYA SHAKTI CHETNA PARTY,lost,1850
Amethi,Amethi(37),KISHORI LAL,INDIAN NATIONAL CONGRESS,won,539228
Amethi,Amethi(37),SMRITI IRANI,BHARATIYA JANATA PARTY,lost,372032
Amethi,Amethi(37),NANHE SINGH CHAUHAN,BAHUJAN SAMAJ PARTY,lost,34534
Amethi,Amethi(37),NOTA,NONE OF THE ABOVE,nan,9383
Amethi,Amethi(37),SURENDRA KUMAR,INDEPENDENT,lost,5699
Amethi,Amethi(37),DINESH CHANDRA MAURYA,JANSHAKTI SAMTA PARTY,lost,4577
Amethi,Amethi(37),JAGDAMBA PRASAD YADAV,INDEPENDENT,lost,4020
Amethi,Amethi(37),BHAGWANDIN PASI,MOULIK ADHIKAR PARTY,lost,2334
Amethi,Amethi(37),CHANDRAWATI,INDEPENDENT,lost,2291
Amethi,Amethi(37),MOHD HASAN LAHRI,RASHTRIYA NARAYANWADI VIKAS PARTY,lost,1527
Amethi,Amethi(37),KHUSHIRAM,INDEPENDENT,lost,1401
Amethi,Amethi(37),UDAYRAJ,INDEPENDENT,lost,1305
Amethi,Amethi(37),SANTRAM,SAMAJHDAR PARTY,lost,1212
Amethi,Amethi(37),SHAILENDRA KUMAR MISHRA,SANYOGWADI PARTY,lost,1128
Amravati,Amravati (7),BALWANT BASWANT WANKHADE,INDIAN NATIONAL CONGRESS,won,526271
Amravati,Amravati (7),NAVNEET RAVI RANA,BHARATIYA JANATA PARTY,lost,506540
Amravati,Amravati (7),DINESH GANESHDAS BUB,PRAHAR JANSHAKTI PARTY,lost,85300
Amravati,Amravati (7),ANANDRAJ YASHWANT AMBEDKAR,REPUBLICAN SENA,lost,18793
Amravati,Amravati (7),KISHOR BHIMRAO LABADE,INDEPENDENT,lost,4524
Amravati,Amravati (7),SANJAYKUMAR FATTESINGH GADGE,BAHUJAN SAMAJ PARTY,lost,4513
Amravati,Amravati (7),SUMITRA SAHEBRAO GAIKWAD,INDEPENDENT,lost,2690
Amravati,Amravati (7),NOTA,NONE OF THE ABOVE,nan,2544
Amravati,Amravati (7),ARUN YASHWANTRAO BHAGAT,INDEPENDENT,lost,2088
Amravati,Amravati (7),KISHOR DNYANESHWAR TAYDE,INDEPENDENT,lost,2072
Amravati,Amravati (7),SURAJ DHANRAJ NAGDVANE,INDEPENDENT,lost,1818
Amravati,Amravati (7),GAUTAM ALIAS ANANTA RAMDAS INGALE,INDEPENDENT,lost,1570
Amravati,Amravati (7),PRAMOD RAMKRUSHNA CHOURPAGAR,INDEPENDENT,lost,1307
Amravati,Amravati (7),ANIL THAWARE ALIAS DR. ANILKUMAR NAGBUDDHA,INDEPENDENT,lost,1206
Amravati,Amravati (7),SURESH PUNDLIK MESHRAM,INDEPENDENT,lost,1052
Amravati,Amravati (7),SATISH YASHWANTRAO GEDAM,INDEPENDENT,lost,943
Amravati,Amravati (7),MANOHAR KRUSHNAJI KURHADE,INDEPENDENT,lost,871
Amravati,Amravati (7),DIGAMBAR WAMAN BHAGAT,NAKI BHARATIYA EKTA PARTY,lost,762
Amravati,Amravati (7),ENGI. AVINASH HARISHCHANDRA DHANAWATE,PEOPLES PARTY OF INDIA (DEMOCRATIC),lost,730
Amravati,Amravati (7),HIMMAT BHIMRAO DHOLE,INDEPENDENT,lost,670
Amravati,Amravati (7),SUSHAMA GAJANAN AWACHAR,JAY VIDARBHA PARTY,lost,659
Amravati,Amravati (7),GANESH NANAJI RAMTEKE,AKHIL BHARTIYA PARIVAR PARTY,lost,629
Amravati,Amravati (7),MANKAR DNYANESHWAR KASHIRAO,INDEPENDENT,lost,539
Amravati,Amravati (7),TARA SURESH WANKHADE,INDEPENDENT,lost,527
Amravati,Amravati (7),SHRIKRUSHNA SAKHARAMJI KSHIRSAGAR,INDEPENDENT,lost,510
Amravati,Amravati (7),ADV. RAJU MADHUKARRAO KALANE,BAHUJAN BHARAT PARTY,lost,495
Amravati,Amravati (7),VARSHA BHAGAWANTRAO BHAGAT,INDEPENDENT,lost,443
Amravati,Amravati (7),BHARAT CHAMPATRAO YANGAD,INDEPENDENT,lost,441
Amravati,Amravati (7),NARENDRA BABULAL KATHANE,DESH JANHIT PARTY,lost,422
Amravati,Amravati (7),PRABHAKAR PANDURANG BHATKAR,INDEPENDENT,lost,365
Amravati,Amravati (7),ADV. PRUTHVISAMRAT MUKINDRAO DIPWANSH,INDEPENDENT,lost,337
Amravati,Amravati (7),GHAZI SAADUDDIN ZAHEER AHMED,RASHTRIYA ULAMA COUNCIL,lost,331
Amravati,Amravati (7),BHAURAO SAMPATRAO WANKHADE,ALL INDIA FORWARD BLOC,lost,329
Amravati,Amravati (7),RAVI GUNWANTRAO WANKHADE,INDEPENDENT,lost,288
Amravati,Amravati (7),SONALI SANJAY MESHRAM,INDEPENDENT,lost,272
Amravati,Amravati (7),SANDEEP BABULAL MESHRAM,INDEPENDENT,lost,257
Amravati,Amravati (7),RAJESH TULSHIRAM KHADE,INDEPENDENT,lost,239
Amravati,Amravati (7),RAJU MAHADEVRAO SONONE,INDEPENDENT,lost,232
Amreli,Amreli(14),BHARATBHAI MANUBHAI SUTARIYA,BHARATIYA JANATA PARTY,won,580872
Amreli,Amreli(14),JENNY THUMMAR,INDIAN NATIONAL CONGRESS,lost,259804
Amreli,Amreli(14),NOTA,NONE OF THE ABOVE,nan,11349
Amreli,Amreli(14),CHAUHAN RAVAJIBHAI MULABHAI,BAHUJAN SAMAJ PARTY,lost,7543
Amreli,Amreli(14),SANKHAT VIKRAMBHAI VISABHAI,GLOBAL REPUBLICAN PARTY,lost,5009
Amreli,Amreli(14),BAVKUBHAI AMARUBHAI VALA,INDEPENDENT,lost,3777
Amreli,Amreli(14),BHAVESHBHAI JENTIBHAI RANK,INDEPENDENT,lost,3671
Amreli,Amreli(14),PUNJABHAI BAVBHAI DAFDA,INDEPENDENT,lost,2621
Amreli,Amreli(14),PRITESH CHAUHAN (LALU),INDEPENDENT,lost,1780
Amritsar,Amritsar(2),GURJEET SINGH AUJLA,INDIAN NATIONAL CONGRESS,won,255181
Amritsar,Amritsar(2),KULDEEP SINGH DHALIWAL,AAM AADMI PARTY,lost,214880
Amritsar,Amritsar(2),TARANJIT SINGH SANDHU SAMUNDRI,BHARATIYA JANATA PARTY,lost,207205
Amritsar,Amritsar(2),ANIL JOSHI,SHIROMANI AKALI DAL,lost,162896
Amritsar,Amritsar(2),EMAAN SINGH MANN,SHIROMANI AKALI DAL (AMRITSAR)(SIMRANJIT SINGH MANN),lost,26796
Amritsar,Amritsar(2),NOTA,NONE OF THE ABOVE,nan,3714
Amritsar,Amritsar(2),SATBIR SINGH JAMMU,INDEPENDENT,lost,3399
Amritsar,Amritsar(2),VISHAL SIDHU,BAHUJAN SAMAJ PARTY,lost,2733
Amritsar,Amritsar(2),DASWINDER KAUR,COMMUNIST PARTY OF INDIA,lost,2481
Amritsar,Amritsar(2),SHARANJIT KAUR,INDEPENDENT,lost,2460
Amritsar,Amritsar(2),AMANPREET SINGH MAHADIPUR,INDEPENDENT,lost,2362
Amritsar,Amritsar(2),GURINDER SINGH SABHI GILL,INDEPENDENT,lost,2129
Amritsar,Amritsar(2),SAHIB SINGH,INDEPENDENT,lost,1988
Amritsar,Amritsar(2),SHAMSHER SINGH SHERA,INDEPENDENT,lost,1507
Amritsar,Amritsar(2),SHAM LAL GANDHI,INDEPENDENT,lost,1487
Amritsar,Amritsar(2),LOVEPREET SHARMA,AAS PUNJAB PARTY,lost,1375
Amritsar,Amritsar(2),MASTER HARJINDER PAL,INDEPENDENT,lost,1358
Amritsar,Amritsar(2),JASPAL MASIH,INDEPENDENT,lost,1227
Amritsar,Amritsar(2),RESHAM SINGH,INDEPENDENT,lost,1133
Amritsar,Amritsar(2),BAL KRISHAN SHARMA,INDEPENDENT,lost,1107
Amritsar,Amritsar(2),SIMRANPREET SINGH,INDEPENDENT,lost,1106
Amritsar,Amritsar(2),NARINDER KAUR,AAM JANTA PARTY (INDIA),lost,1097
Amritsar,Amritsar(2),DILDAR MASIH,SHIROMANI LOK DAL PARTY,lost,1044
Amritsar,Amritsar(2),RAJINDER KUMAR SHARMA,INDEPENDENT,lost,900
Amritsar,Amritsar(2),BALWINDER SINGH,INDEPENDENT,lost,857
Amritsar,Amritsar(2),GURPREET SINGH RATTAN,REPUBLICAN PARTY OF INDIA (ATHAWALE),lost,738
Amritsar,Amritsar(2),DR RAMESH KUMAR,SACHO SACH PARTY,lost,652
Amritsar,Amritsar(2),GAGANDEEP,INDEPENDENT,lost,610
Amritsar,Amritsar(2),PRITHVI PAL,INDEPENDENT,lost,434
Amritsar,Amritsar(2),NEELAM,INDEPENDENT,lost,409
Amritsar,Amritsar(2),DILBAGH SINGH,INDEPENDENT,lost,391
Amroha,Amroha(9),KANWAR SINGH TANWAR,BHARATIYA JANATA PARTY,won,476506
Amroha,Amroha(9),KUNWAR DANISH ALI,INDIAN NATIONAL CONGRESS,lost,447836
Amroha,Amroha(9),MUJAHID HUSAIN,BAHUJAN SAMAJ PARTY,lost,164099
Amroha,Amroha(9),NOTA,NONE OF THE ABOVE,nan,5900
Amroha,Amroha(9),DHANISH,INDEPENDENT,lost,3617
Amroha,Amroha(9),SURESH,INDEPENDENT,lost,2717
Amroha,Amroha(9),JEETPAL RANA,INDEPENDENT,lost,2556
Amroha,Amroha(9),SUHEL HAIDER,AKHIL BHARTIYA PARIVAR PARTY,lost,2504
Amroha,Amroha(9),NARENDRA SINGH,INDEPENDENT,lost,1779
Amroha,Amroha(9),NAEEMUDDIN,INDEPENDENT,lost,1004
Amroha,Amroha(9),KUSHAGRA,INDEPENDENT,lost,858
Amroha,Amroha(9),KASHIF HUSAIN,INDEPENDENT,lost,679
Amroha,Amroha(9),KUMDESH KUMAR,INDEPENDENT,lost,635
Anakapalle,Anakapalle(5),C.M.RAMESH,BHARATIYA JANATA PARTY,won,762069
Anakapalle,Anakapalle(5),BUDI MUTYALA NAIDU,YUVAJANA SRAMIKA RYTHU CONGRESS PARTY,lost,465539
Anakapalle,Anakapalle(5),NOTA,NONE OF THE ABOVE,nan,26235
Anakapalle,Anakapalle(5),VEGI VENKATESH,INDIAN NATIONAL CONGRESS,lost,25651
Anakapalle,Anakapalle(5),PALAKA SREERAMA MURTHY,BAHUJAN SAMAJ PARTY,lost,19157
Anakapalle,Anakapalle(5),VANKAYALA RAMACHANDRA RAO,INDEPENDENT,lost,4002
Anakapalle,Anakapalle(5),LOVARAJU SIDDHA,INDEPENDENT,lost,3852
Anakapalle,Anakapalle(5),KRISHNA SWAROOP VADLAMURI,DALITA BAHUJANA PARTY,lost,3557
Anakapalle,Anakapalle(5),GARA SURYA RAO,INDEPENDENT,lost,3124
Anakapalle,Anakapalle(5),APPALA RAJU NAMMI,BHARATHA CHAITANYA YUVAJANA PARTY,lost,2619
Anakapalle,Anakapalle(5),NAGESWARA RAO PETLA,INDEPENDENT,lost,2184
Anakapalle,Anakapalle(5),ADARI SARAT CHANDRA,JAI BHARAT NATIONAL PARTY,lost,1913
Anakapalle,Anakapalle(5),VIJAYA LAKSHMI KARRI,PYRAMID PARTY OF INDIA,lost,1591
Anakapalle,Anakapalle(5),DR. THUMMAPALA HARI SHANKAR,INDEPENDENT,lost,1576
Anakapalle,Anakapalle(5),JUNNURI J SRINIVAS,INDEPENDENT,lost,1201
Anakapalle,Anakapalle(5),APPALANAIDU TUMMAGUNTA,INDEPENDENT,lost,1062
Anand,Anand(16),MITESH PATEL (BAKABHAI),BHARATIYA JANATA PARTY,won,612484
Anand,Anand(16),AMIT CHAVDA,INDIAN NATIONAL CONGRESS,lost,522545
Anand,Anand(16),NOTA,NONE OF THE ABOVE,nan,15930
Anand,Anand(16),SURESHBHAI DHULABHAI PATEL,BAHUJAN SAMAJ PARTY,lost,5831
Anand,Anand(16),BHOI ASHISHKUMAR THAKORBHAI,INDEPENDENT,lost,5542
Anand,Anand(16),KEYURBHAI PRAVINBHAI PATEL (BAKABHAI),INDEPENDENT,lost,2298
Anand,Anand(16),DHEERAJKUMAR KSHATRIYA,GARIB KALYAN PARTY,lost,1747
Anand,Anand(16),BHATT SUNILKUMAR NARENDRABHAI,RIGHT TO RECALL PARTY,lost,1592
Anandpur Sahib,Anandpur Sahib(6),MALVINDER SINGH KANG,AAM AADMI PARTY,won,313217
Anandpur Sahib,Anandpur Sahib(6),VIJAY INDER SINGLA,INDIAN NATIONAL CONGRESS,lost,302371
Anandpur Sahib,Anandpur Sahib(6),DR SUBHASH SHARMA,BHARATIYA JANATA PARTY,lost,186578
Anandpur Sahib,Anandpur Sahib(6),PREM SINGH CHANDUMAJRA,SHIROMANI AKALI DAL,lost,117936
Anandpur Sahib,Anandpur Sahib(6),JASVIR SINGH GARHI,BAHUJAN SAMAJ PARTY,lost,90157
Anandpur Sahib,Anandpur Sahib(6),KUSHAL PAL SINGH MANN,SHIROMANI AKALI DAL (AMRITSAR)(SIMRANJIT SINGH MANN),lost,24831
Anandpur Sahib,Anandpur Sahib(6),NOTA,NONE OF THE ABOVE,nan,6402
Anandpur Sahib,Anandpur Sahib(6),GAJJAN SINGH,INDEPENDENT,lost,6171
Anandpur Sahib,Anandpur Sahib(6),SIMPLE KUMAR,INDEPENDENT,lost,2962
Anandpur Sahib,Anandpur Sahib(6),SATPAL,INDEPENDENT,lost,2297
Anandpur Sahib,Anandpur Sahib(6),GURMIT SINGH,INDEPENDENT,lost,2182
Anandpur Sahib,Anandpur Sahib(6),DHARMINDER SINGH HARMAN,AKHIL BHARTIYA PARIVAR PARTY,lost,2043
Anandpur Sahib,Anandpur Sahib(6),SUNIL KUMAR,BHARTIYA JAN SAMMAN PARTY,lost,1977
Anandpur Sahib,Anandpur Sahib(6),ER DALJEET SINGH SAINI,BHARATHEEYA JAWAN KISAN PARTY,lost,1715
Anandpur Sahib,Anandpur Sahib(6),KULWINDER SINGH,DEMOCRATIC BHARATIYA SAMAJ PARTY,lost,1652
Anandpur Sahib,Anandpur Sahib(6),SUNAINA,BHARTIYA RASHTRIYA DAL,lost,1640
Anandpur Sahib,Anandpur Sahib(6),ADV KULWINDER SINGH,INDEPENDENT,lost,1600
Anandpur Sahib,Anandpur Sahib(6),MEGH RAJ,INDEPENDENT,lost,1430
Anandpur Sahib,Anandpur Sahib(6),HARWINDER KARWAL,INDEPENDENT,lost,1311
Anandpur Sahib,Anandpur Sahib(6),DAVINDER SINGH,INDEPENDENT,lost,1175
Anandpur Sahib,Anandpur Sahib(6),DARSHAN SINGH,PUNJAB NATIONAL PARTY,lost,1172
Anandpur Sahib,Anandpur Sahib(6),HANISH SHARMA,EKAM SANATAN BHARAT DAL,lost,1076
Anandpur Sahib,Anandpur Sahib(6),DEEPAK SHARMA,INDEPENDENT,lost,1012
Anandpur Sahib,Anandpur Sahib(6),PARMINDER SINGH,INDEPENDENT,lost,930
Anandpur Sahib,Anandpur Sahib(6),YOG RAJ SAHOTA,REVOLUTIONARY SOCIALIST PARTY,lost,925
Anandpur Sahib,Anandpur Sahib(6),RAMJAAN KHAN,INDEPENDENT,lost,672
Anandpur Sahib,Anandpur Sahib(6),ROHTASH,INDEPENDENT,lost,619
Anandpur Sahib,Anandpur Sahib(6),MANDAR SINGH,INDEPENDENT,lost,555
Anandpur Sahib,Anandpur Sahib(6),KIRAN JAIN,HINDUSTAN SHAKTI SENA,lost,515
Ananthapur,Ananthapur(19),AMBICA G LAKSHMINARAYANA VALMIKI,TELUGU DESAM,won,768245
Ananthapur,Ananthapur(19),MALAGUNDLA SANKAR NARAYANA,YUVAJANA SRAMIKA RYTHU CONGRESS PARTY,lost,579690
Ananthapur,Ananthapur(19),MALLIKARJUNA VAJJALA,INDIAN NATIONAL CONGRESS,lost,43217
Ananthapur,Ananthapur(19),NOTA,NONE OF THE ABOVE,nan,9199
Ananthapur,Ananthapur(19),G.V.RAMANA REDDY,INDEPENDENT,lost,6439
Ananthapur,Ananthapur(19),BANASI NARAYANAPPA,BAHUJAN SAMAJ PARTY,lost,6396
Ananthapur,Ananthapur(19),V.MURALI PRASAD REDDY,INDEPENDENT,lost,5778
Ananthapur,Ananthapur(19),DR.NALLANI RAMESH NAIDU,ANDHRA RASTRA PRAJA SAMITHI,lost,4989
Ananthapur,Ananthapur(19),M.SURENDRA,PYRAMID PARTY OF INDIA,lost,2935
Ananthapur,Ananthapur(19),U.C.VENKATASUBBAIAH,JAATHIA CHETHI VRUTHULA IKYA VEDIKA PARTY,lost,2540
Ananthapur,Ananthapur(19),P.CHOWDESWARI,INDEPENDENT,lost,1518
Ananthapur,Ananthapur(19),VADLA KESAVAIAH,INDEPENDENT,lost,1494
Ananthapur,Ananthapur(19),B.RAGHAVENDRA PRASAD,INDEPENDENT,lost,1318
Ananthapur,Ananthapur(19),LOKANATH GOWD SURAGOWINI,INDEPENDENT,lost,1091
Ananthapur,Ananthapur(19),KETHIREDDY RAGHUNATHAREDDY,INDEPENDENT,lost,1091
Ananthapur,Ananthapur(19),SREERANGARAJULA GOPINATH ROYAL,INDEPENDENT,lost,904
Ananthapur,Ananthapur(19),SHAIK.NIZAM,SAMAJWADI PARTY,lost,753
Ananthapur,Ananthapur(19),RAMAVTH CHINNA RAMAPPA NAIK,JAIBHIM RAO BHARAT PARTY,lost,745
Ananthapur,Ananthapur(19),KURUBA MALLIKARJUNA.S.,ALL INDIA KISAN JANATHA PARTY,lost,578
Ananthapur,Ananthapur(19),B.NAGAMUTHYALU,SOCIALIST UNITY CENTRE OF INDIA (COMMUNIST),lost,570
Ananthapur,Ananthapur(19),SRINIVASA RAJU.O,BHARTIYA PANCHYAT PARTY,lost,494
Ananthapur,Ananthapur(19),DURGA PRASAD D BYATARAYANAJI,CHALLENGERS PARTY,lost,444
Andaman and Nicobar Islands,Andaman and Nicobar Islands(1),BISHNU PADA RAY,BHARATIYA JANATA PARTY,won,102436
Andaman and Nicobar Islands,Andaman and Nicobar Islands(1),KULDEEP RAI SHARMA,INDIAN NATIONAL CONGRESS,lost,78040
Andaman and Nicobar Islands,Andaman and Nicobar Islands(1),MANOJ PAUL,ANDAMAN NICOBAR DEMOCRATIC CONGRESS,lost,8254
Andaman and Nicobar Islands,Andaman and Nicobar Islands(1),D AYYAPPAN,COMMUNIST PARTY OF INDIA (MARXIST),lost,6017
Andaman and Nicobar Islands,Andaman and Nicobar Islands(1),V.K. ABDUL AZIZ,INDEPENDENT,lost,2203
Andaman and Nicobar Islands,Andaman and Nicobar Islands(1),NOTA,NONE OF THE ABOVE,nan,1809
Andaman and Nicobar Islands,Andaman and Nicobar Islands(1),K J B SELVARAJ,ALL INDIA ANNA DRAVIDA MUNNETRA KAZHAGAM,lost,914
Andaman and Nicobar Islands,Andaman and Nicobar Islands(1),DR ARUN KUMAR MALLIK,BAHUJAN SAMAJ PARTY,lost,719
Andaman and Nicobar Islands,Andaman and Nicobar Islands(1),RINKU MALA MONDAL,INDEPENDENT,lost,542
Andaman and Nicobar Islands,Andaman and Nicobar Islands(1),K VENKAT RAM BABU,INDEPENDENT,lost,507
Andaman and Nicobar Islands,Andaman and Nicobar Islands(1),USHA KUMARI,INDEPENDENT,lost,380
Andaman and Nicobar Islands,Andaman and Nicobar Islands(1),SALAMAT MONDAL,SOCIALIST UNITY CENTRE OF INDIA (COMMUNIST),lost,351
Andaman and Nicobar Islands,Andaman and Nicobar Islands(1),ANAND RAMNATH ARLEKAR,INDEPENDENT,lost,342
Aonla,Aonla(24),NEERAJ MAURYA,SAMAJWADI PARTY,won,492515
Aonla,Aonla(24),DHARMENDRA KASHYAP,BHARATIYA JANATA PARTY,lost,476546
Aonla,Aonla(24),ABID ALI,BAHUJAN SAMAJ PARTY,lost,95630
Aonla,Aonla(24),NOTA,NONE OF THE ABOVE,nan,6858
Aonla,Aonla(24),KAUSAR KHAN,PEACE PARTY,lost,4213
Aonla,Aonla(24),PREM PAL SAGAR,VANCHITSAMAJ INSAAF PARTY,lost,3330
Aonla,Aonla(24),MAKKHAN LAL,INDEPENDENT,lost,2953
Aonla,Aonla(24),RAJ KUMAR PATEL,SARDAR PATEL SIDDHANT PARTY,lost,2706
Aonla,Aonla(24),MOHAMMAD AMIR KHAN,BHARAT JODO PARTY,lost,2355
Aonla,Aonla(24),NIRMOD KUMAR SINGH,BHARTIYA SHAKTI CHETNA PARTY,lost,1790
Araku,Araku (ST)(1),GUMMA THANUJA RANI,YUVAJANA SRAMIKA RYTHU CONGRESS PARTY,won,477005
Araku,Araku (ST)(1),KOTHAPALLI GEETHA,BHARATIYA JANATA PARTY,lost,426425
Araku,Araku (ST)(1),APPALANARASA PACHIPENTA,COMMUNIST PARTY OF INDIA (MARXIST),lost,123129
Araku,Araku (ST)(1),NOTA,NONE OF THE ABOVE,nan,50470
Araku,Araku (ST)(1),AVASHYA LAHARI . VARAM,BAHUJAN SAMAJ PARTY,lost,25750
Araku,Araku (ST)(1),SAMAREDDY BALAKRISHNA,INDEPENDENT,lost,9535
Araku,Araku (ST)(1),NIMMAKA JAYARAJU,INDEPENDENT,lost,9462
Araku,Araku (ST)(1),ATHIDHI,INDEPENDENT,lost,8136
Araku,Araku (ST)(1),CHANTI BADNAINA,JAI BHARAT NATIONAL PARTY,lost,7252
Araku,Araku (ST)(1),MOTTADAM . RAJABABU,BHARAT ADIVASI PARTY,lost,6766
Araku,Araku (ST)(1),RANJITH KUMAR PALAKA,INDEPENDENT,lost,6047
Araku,Araku (ST)(1),MANDALA GIRIDHARA RAO,INDEPENDENT,lost,4967
Araku,Araku (ST)(1),RAMBABU JALLI,TELUGU RAJADHIKARA SAMITI PARTY,lost,4959
Araku,Araku (ST)(1),VUYAKA NIREEKSHAN (V. CHENCHU),INDIA PRAJA BANDHU PARTY,lost,4542
Arambagh,Arambagh(29),BAG MITALI,ALL INDIA TRINAMOOL CONGRESS,won,712587
Arambagh,Arambagh(29),ARUP KANTI DIGAR,BHARATIYA JANATA PARTY,lost,706188
Arambagh,Arambagh(29),BIPLAB KUMAR MOITRA,COMMUNIST PARTY OF INDIA (MARXIST),lost,92502
Arambagh,Arambagh(29),NOTA,NONE OF THE ABOVE,nan,18031
Arambagh,Arambagh(29),RAGHU MALLIK,INDEPENDENT,lost,16130
Arambagh,Arambagh(29),SUBIR KUMAR ROY,BAHUJAN SAMAJ PARTY,lost,3831
Arambagh,Arambagh(29),VASKAR MALIK,INDEPENDENT,lost,3665
Arambagh,Arambagh(29),SUKANTA POREL,SOCIALIST UNITY CENTRE OF INDIA (COMMUNIST),lost,1816
Arambagh,Arambagh(29),BABLU GHANTI,INDEPENDENT,lost,1629
Arambagh,Arambagh(29),ABHIJIT MAJI,INDEPENDENT,lost,1606
Arambagh,Arambagh(29),ALOK DOLAI,INDEPENDENT,lost,1094
Araria,Araria(9),PRADEEP KUMAR SINGH,BHARATIYA JANATA PARTY,won,600146
Araria,Araria(9),SHAHNAWAZ,RASHTRIYA JANATA DAL,lost,580052
Araria,Araria(9),SHATRUGHAN PRASAD SUMAN,INDEPENDENT,lost,13746
Araria,Araria(9),NOTA,NONE OF THE ABOVE,nan,13504
Araria,Araria(9),MD GHOUSUL AZAM,BAHUJAN SAMAJ PARTY,lost,12690
Araria,Araria(9),MD. MOBINUL HAQUE,INDEPENDENT,lost,12008
Araria,Araria(9),MD. ISMAIL,BHARATIYA MOMIN FRONT,lost,7354
Araria,Araria(9),AKHILESH KUMAR,INDEPENDENT,lost,5120
Araria,Araria(9),MUSHTAK ALAM,INDEPENDENT,lost,4899
Araria,Araria(9),ZAWED AKHTAR,THE NATIONAL ROAD MAP PARTY OF INDIA,lost,3041
Arrah,Arrah(32),SUDAMA PRASAD,COMMUNIST PARTY OF INDIA (MARXIST-LENINIST) (LIBERATION),won,529382
Arrah,Arrah(32),R. K. SINGH,BHARATIYA JANATA PARTY,lost,469574
Arrah,Arrah(32),VIRENDRA KUMAR SINGH,INDEPENDENT,lost,23635
Arrah,Arrah(32),NOTA,NONE OF THE ABOVE,nan,16963
Arrah,Arrah(32),SHIV DAS SINGH,INDEPENDENT,lost,13379
Arrah,Arrah(32),LAL BADSAH SINGH,BAHUJAN SAMAJ PARTY,lost,10826
Arrah,Arrah(32),KRISHNA PASWAN,BHARTIYA KRANTI VIR PARTY,lost,8749
Arrah,Arrah(32),RANDHIR LAL,INDEPENDENT,lost,5766
Arrah,Arrah(32),NAVNIT KUMAR,INDEPENDENT,lost,4773
Arrah,Arrah(32),RAM SARE SINGH,PEOPLES PARTY OF INDIA (DEMOCRATIC),lost,2541
Arrah,Arrah(32),DHARMATMA SHARMA,SOCIALIST UNITY CENTRE OF INDIA (COMMUNIST),lost,2467
Arrah,Arrah(32),RAMJEE SINGH,VOTERS PARTY INTERNATIONAL,lost,2440
Arrah,Arrah(32),ASHOK TIWARY,INDEPENDENT,lost,2295
Arrah,Arrah(32),MANMOHAN SINGH,RASHTRAWADI JANLOK PARTY (SATYA),lost,2097
Arrah,Arrah(32),SUMITRA DEVI,JAGROOK JANTA PARTY,lost,1674
Arunachal East,Arunachal East(2),TAPIR GAO,BHARATIYA JANATA PARTY,won,145581
Arunachal East,Arunachal East(2),BOSIRAM SIRAM,INDIAN NATIONAL CONGRESS,lost,115160
Arunachal East,Arunachal East(2),TAMAT GAMOH,INDEPENDENT,lost,27603
Arunachal East,Arunachal East(2),SOTAI KRI,INDEPENDENT,lost,14213
Arunachal East,Arunachal East(2),OMAK NITIK,INDEPENDENT,lost,9369
Arunachal East,Arunachal East(2),BANDEY MILI,ARUNACHAL DEMOCRATIC PARTY,lost,6622
Arunachal East,Arunachal East(2),NOTA,NONE OF THE ABOVE,nan,4895
Arunachal West,Arunachal West(1),KIREN RIJIJU,BHARATIYA JANATA PARTY,won,205417
Arunachal West,Arunachal West(1),NABAM TUKI,INDIAN NATIONAL CONGRESS,lost,104679
Arunachal West,Arunachal West(1),TECHI RANA,INDEPENDENT,lost,33314
Arunachal West,Arunachal West(1),TOKO SHEETAL,GANA SURAKSHA PARTY,lost,30530
Arunachal West,Arunachal West(1),BIMPAK SIGA,INDEPENDENT,lost,11518
Arunachal West,Arunachal West(1),RUHI TAGUNG,INDEPENDENT,lost,7821
Arunachal West,Arunachal West(1),NOTA,NONE OF THE ABOVE,nan,2296
Arunachal West,Arunachal West(1),LEKI NORBU,INDEPENDENT,lost,2271
Arunachal West,Arunachal West(1),TANIA JUNE,INDEPENDENT,lost,1958
Asansol,Asansol(40),SHATRUGHAN PRASAD SINHA,ALL INDIA TRINAMOOL CONGRESS,won,605645
Asansol,Asansol(40),SURENDRAJEET SINGH AHLUWALIA,BHARATIYA JANATA PARTY,lost,546081
Asansol,Asansol(40),JAHANARA KHAN,COMMUNIST PARTY OF INDIA (MARXIST),lost,105964
Asansol,Asansol(40),NOTA,NONE OF THE ABOVE,nan,15510
Asansol,Asansol(40),DIPIKA BAURI,INDEPENDENT,lost,10647
Asansol,Asansol(40),SUNNY KUMAR SAH,BAHUJAN SAMAJ PARTY,lost,8575
Asansol,Asansol(40),SUJIT PAL,INDEPENDENT,lost,4760
Asansol,Asansol(40),AMARNATH CHOWDHURY,SOCIALIST UNITY CENTRE OF INDIA (COMMUNIST),lost,4358
Aska,Aska(19),ANITA SUBHADARSHINI,BHARATIYA JANATA PARTY,won,494226
Aska,Aska(19),RANJITA SAHU,BIJU JANATA DAL,lost,394252
Aska,Aska(19),DEBAKANTA SARMA,INDIAN NATIONAL CONGRESS,lost,75255
Aska,Aska(19),NOTA,NONE OF THE ABOVE,nan,21941
Aska,Aska(19),SANJAYA KUMAR BISHOYI,INDEPENDENT,lost,11240
Aska,Aska(19),PAPUNU SAHU,SOCIALIST UNITY CENTRE OF INDIA (COMMUNIST),lost,8673
Aska,Aska(19),PITABAS SAHU,SANATAN SANSKRITI RAKSHA DAL,lost,6888
Aska,Aska(19),BRUNDABANA NAHAK,BAHUJAN SAMAJ PARTY,lost,5439
Attingal,Attingal(19),ADV ADOOR PRAKASH,INDIAN NATIONAL CONGRESS,won,328051
Attingal,Attingal(19),V JOY,COMMUNIST PARTY OF INDIA (MARXIST),lost,327367
Attingal,Attingal(19),V MURALEEDHARAN,BHARATIYA JANATA PARTY,lost,311779
Attingal,Attingal(19),NOTA,NONE OF THE ABOVE,nan,9791
Attingal,Attingal(19),SURABHI S,BAHUJAN SAMAJ PARTY,lost,4524
Attingal,Attingal(19),PRAKASH P L,INDEPENDENT,lost,1814
Attingal,Attingal(19),SANTHOSH K,INDEPENDENT,lost,1204
Attingal,Attingal(19),PRAKASH S,INDEPENDENT,lost,811
Aurangabad,Aurangabad(19),BHUMARE SANDIPANRAO ASARAM,SHIV SENA,won,476130
Aurangabad,Aurangabad(19),IMTIAZ JALEEL SYED,ALL INDIA MAJLIS-E-ITTEHADUL MUSLIMEEN,lost,341480
Aurangabad,Aurangabad(19),CHANDRAKANT KHAIRE,SHIV SENA (UDDHAV BALASAHEB THACKREY),lost,293450
Aurangabad,Aurangabad(19),AFSAR KHAN YASEEN KHA,VANCHIT BAHUJAN AAGHADI,lost,69266
Aurangabad,Aurangabad(19),HARSHWARDHAN DADA RAIBHANJI JADHAV,INDEPENDENT,lost,39828
Aurangabad,Aurangabad(19),SURENDRA DIGAMBAR GAJBHARE,INDEPENDENT,lost,10725
Aurangabad,Aurangabad(19),SANJAY UTTAMRAO JAGTAP,BAHUJAN SAMAJ PARTY,lost,8252
Aurangabad,Aurangabad(19),RAVINDRA BHASKARRAO BODKHE,BHARATIYA YUVA JAN EKTA PARTY,lost,6254
Aurangabad,Aurangabad(19),NOTA,NONE OF THE ABOVE,nan,5773
Aurangabad,Aurangabad(19),ABDUL AZIM ABDUL AZIZ SHAIKH,INDEPENDENT,lost,4693
Aurangabad,Aurangabad(19),SANJAY BHASKAR SHIRSAT,INDEPENDENT,lost,3812
Aurangabad,Aurangabad(19),DR JIVAN BHAWLAL RAJPUT,INDEPENDENT,lost,3807
Aurangabad,Aurangabad(19),MANISHA KHARAT,BAHUJAN MAHA PARTY,lost,3105
Aurangabad,Aurangabad(19),JAGANNATH KHANDERAO JADHAV J K JADHAV,INDEPENDENT,lost,2932
Aurangabad,Aurangabad(19),MAANOJ VINAYAKRAO GHODKAY,INDEPENDENT,lost,2587
Aurangabad,Aurangabad(19),SANGITA GANESH JADHAV,INDEPENDENT,lost,2212
Aurangabad,Aurangabad(19),GALPHADE ARJUN BHAGWANRAO,RASHTRIYA KISAN BAHUJAN PARTY,lost,2192
Aurangabad,Aurangabad(19),VISHAL UDDHAV NANDARKAR,INDEPENDENT,lost,2139
Aurangabad,Aurangabad(19),ARVIND KISANRAO KAMBLE,BAHUJAN REPUBLICAN SOCIALIST PARTY,lost,1979
Aurangabad,Aurangabad(19),PRASHANT PUNDALIKRAO AVHALE,INDEPENDENT,lost,1948
Aurangabad,Aurangabad(19),GHUGE NITIN PUNDLIK,INDEPENDENT,lost,1872
Aurangabad,Aurangabad(19),BHALERAO VASANT SAMBHAJI,PRABUDDHA REPUBLICAN PARTY,lost,1547
Aurangabad,Aurangabad(19),BHARAT PURUSHOTTAM KADAM,RASHTRIYA MARATHA PARTY,lost,1495
Aurangabad,Aurangabad(19),ABDUL SAMAD BAGWAN,ALL INDIA MAJLIS-E-INQUILAB-E-MILLAT,lost,1482
Aurangabad,Aurangabad(19),SANDIP DADARAO MANKAR,INDEPENDENT,lost,1375
Aurangabad,Aurangabad(19),ADV B U GOSAWI,HINDUSTAN JANTA PARTY,lost,1275
Aurangabad,Aurangabad(19),PANCHASHILA BABULAL JADHAV,REPUBLICAN BAHUJAN SENA,lost,1274
Aurangabad,Aurangabad(19),PRATIKSHA PRASHANT CHAVAN,AMBEDKARIST REPUBLICAN PARTY,lost,1194
Aurangabad,Aurangabad(19),BHANUDAS SON OF RAMDAS SARODE PATIL,INDEPENDENT,lost,1110
Aurangabad,Aurangabad(19),NARAYAN JADHAV,PEOPLES PARTY OF INDIA (DEMOCRATIC),lost,1103
Aurangabad,Aurangabad(19),SURESH ASARAM FULARE,INDEPENDENT,lost,911
Aurangabad,Aurangabad(19),SHAIKH KHAJA KISMATWALA KASIM KISMATWALA,INDEPENDENT,lost,894
Aurangabad,Aurangabad(19),MEENASING AVDHESHSING SING,INDEPENDENT,lost,784
Aurangabad,Aurangabad(19),LATIF JABBAR KHAN,INDEPENDENT,lost,765
Aurangabad,Aurangabad(19),JAGANNATH KISAN UGALE,INDEPENDENT,lost,755
Aurangabad,Aurangabad(19),SANDIP DEVIDAS JADHAV,INDEPENDENT,lost,609
Aurangabad,Aurangabad(19),DEVIDAS RATAN KASBE,INDEPENDENT,lost,595
Aurangabad,Aurangabad(19),TRIBHUVAN MADHUKAR PADMAKAR,INDEPENDENT,lost,593
Aurangabad,Aurangabad(37),ABHAY KUMAR SINHA,RASHTRIYA JANATA DAL,won,465567
Aurangabad,Aurangabad(37),SUSHIL KUMAR SINGH,BHARATIYA JANATA PARTY,lost,386456
Aurangabad,Aurangabad(37),NOTA,NONE OF THE ABOVE,nan,22627
Aurangabad,Aurangabad(37),SUNESH KUMAR,BAHUJAN SAMAJ PARTY,lost,20309
Aurangabad,Aurangabad(37),PRATIBHA RANI,PEOPLES PARTY OF INDIA (DEMOCRATIC),lost,12308
Aurangabad,Aurangabad(37),RAJ BALLABH SINGH,INDEPENDENT,lost,11159
Aurangabad,Aurangabad(37),RAMJIT SINGH,RASHTRIYA JANSAMBHAVNA PARTY,lost,9243
Aurangabad,Aurangabad(37),SURESH PRASAD VERMA,INDEPENDENT,lost,6711
Aurangabad,Aurangabad(37),MOHAMMAD WALIULLAH KHAN,INDEPENDENT,lost,6604
Aurangabad,Aurangabad(37),SHAILESH RAHI,AKHIL HIND FORWARD BLOC (KRANTIKARI),lost,4896
Azamgarh,Azamgarh(69),DHARMENDRA YADAV,SAMAJWADI PARTY,won,508239
Azamgarh,Azamgarh(69),DINESH LAL YADAV “NIRAHUA”,BHARATIYA JANATA PARTY,lost,347204
Azamgarh,Azamgarh(69),MASHHOD SABEEHA ANSARI,BAHUJAN SAMAJ PARTY,lost,179839
Azamgarh,Azamgarh(69),NOTA,NONE OF THE ABOVE,nan,6234
Azamgarh,Azamgarh(69),RAVINDRA NATH SHARMA,MOULIK ADHIKAR PARTY,lost,3042
Azamgarh,Azamgarh(69),PARAS YADAV,JAN RAAJYA PARTY,lost,2491
Azamgarh,Azamgarh(69),SHASHIDHAR,INDEPENDENT,lost,2232
Azamgarh,Azamgarh(69),MAHENDRA NATH YADAV,MOOLNIWASI SAMAJ PARTY,lost,1905
Azamgarh,Azamgarh(69),VIJAY KUMAR,INDEPENDENT,lost,1735
Azamgarh,Azamgarh(69),PANKAJ KUMAR YADAV,INDEPENDENT,lost,1599
BALAGHAT,BALAGHAT(15),BHARTI PARDHI,BHARATIYA JANATA PARTY,won,712660
BALAGHAT,BALAGHAT(15),SAMRAT ASHOK SINGH SARASWAR,INDIAN NATIONAL CONGRESS,lost,538148
BALAGHAT,BALAGHAT(15),KANKAR MUNJARE,BAHUJAN SAMAJ PARTY,lost,53134
BALAGHAT,BALAGHAT(15),BHUVAN SINGH KORAM,INDEPENDENT,lost,13074
BALAGHAT,BALAGHAT(15),NANDLAL UIKEY,GONDVANA GANTANTRA PARTY,lost,12422
BALAGHAT,BALAGHAT(15),NOTA,NONE OF THE ABOVE,nan,11510
BALAGHAT,BALAGHAT(15),D.L. MANESHWAR,PEOPLES PARTY OF INDIA (DEMOCRATIC),lost,10017
BALAGHAT,BALAGHAT(15),DHANENDRA DEV PAWAR BANWARI SETH,INDEPENDENT,lost,7245
BALAGHAT,BALAGHAT(15),MAHADEV NAGDEVE,INDEPENDENT,lost,7192
BALAGHAT,BALAGHAT(15),RAJKUMAR NAGESHWER,INDEPENDENT,lost,6728
BALAGHAT,BALAGHAT(15),MOHAN RAUT,RASHTRAVADI BHARAT PARTY,lost,3542
BALAGHAT,BALAGHAT(15),PRIYANKA SANJAY BHANDARKAR,BHARTIYA SHAKTI CHETNA PARTY,lost,2926
BALAGHAT,BALAGHAT(15),ADVOCATE SATYAPRAKASH SHULKE (LODHI),MADHYA PRADESH JAN VIKAS PARTY,lost,1932
BALAGHAT,BALAGHAT(15),DILEEP CHHABDA,INDEPENDENT,lost,1750
BANSWARA,BANSWARA (20),RAJ KUMAR ROAT,BHARAT ADIVASI PARTY,won,820831
BANSWARA,BANSWARA (20),MAHENDRAJEETSINGH MALVIYA,BHARATIYA JANATA PARTY,lost,573777
BANSWARA,BANSWARA (20),RAJKUMAR S/O HIRALAL,INDEPENDENT,lost,74598
BANSWARA,BANSWARA (20),ARVIND SITA DAMOR,INDIAN NATIONAL CONGRESS,lost,61211
BANSWARA,BANSWARA (20),RAJKUMAR S/O PREMJI,INDEPENDENT,lost,41790
BANSWARA,BANSWARA (20),NOTA,NONE OF THE ABOVE,nan,20970
BANSWARA,BANSWARA (20),BANSHILAL AHARI,INDEPENDENT,lost,17896
BANSWARA,BANSWARA (20),SHANKARLAL BAMANIYA,INDIAN PEOPLES GREEN PARTY,lost,17188
BANSWARA,BANSWARA (20),DILEEP KUMAR MEENA,BAHUJAN SAMAJ PARTY,lost,8591
BARAMULLA,BARAMULLA(1),ABDUL RASHID SHEIKH,INDEPENDENT,won,472481
BARAMULLA,BARAMULLA(1),OMAR ABDULLAH,JAMMU & KASHMIR NATIONAL CONFERENCE,lost,268339
BARAMULLA,BARAMULLA(1),SAJAD GANI LONE,JAMMU & KASHMIR PEOPLE CONFERENCE,lost,173239
BARAMULLA,BARAMULLA(1),MIR MOHAMMAD FAYAZ,JAMMU & KASHMIR PEOPLES DEMOCRATIC PARTY,lost,27488
BARAMULLA,BARAMULLA(1),SURAIYA NISSAR,INDEPENDENT,lost,21618
BARAMULLA,BARAMULLA(1),FIRDOUS AHMAD BHAT,INDEPENDENT,lost,15722
BARAMULLA,BARAMULLA(1),SHAFEEQA BEGUM,INDEPENDENT,lost,6214
BARAMULLA,BARAMULLA(1),PEERZADA MUDASIR RASHID SHAH,JAMMU & KASHMIR NATIONAL PANTHERS PARTY (BHIM),lost,5566
BARAMULLA,BARAMULLA(1),NOTA,NONE OF THE ABOVE,nan,4984
BARAMULLA,BARAMULLA(1),KHURSHEED AHMAD SHAH,RASHTRIYA JANKRANTI PARTY,lost,4268
BARAMULLA,BARAMULLA(1),MOHAMMAD SULTAN GANAIE,INDEPENDENT,lost,4063
BARAMULLA,BARAMULLA(1),SHADIB HANIEF KHAN,INDEPENDENT,lost,3670
BARAMULLA,BARAMULLA(1),MUDASIR AHMAD TANTARY,INDEPENDENT,lost,3218
BARAMULLA,BARAMULLA(1),NAZIR AHMAD SOFI,INDEPENDENT,lost,2983
BARAMULLA,BARAMULLA(1),SHABIR AHMAD DAR,INDEPENDENT,lost,2700
BARAMULLA,BARAMULLA(1),HILAL AHMAD WAGAY,INDEPENDENT,lost,2689
BARAMULLA,BARAMULLA(1),MEHRAJ UDDIN NAJAR,INDEPENDENT,lost,2570
BARAMULLA,BARAMULLA(1),SYED AMEER SUHAIL,INDEPENDENT,lost,2417
BARAMULLA,BARAMULLA(1),FAROOQ AHMAD BHAT,NATIONAL YOUTH PARTY,lost,2343
BARAMULLA,BARAMULLA(1),ARUN KUMAR RAINA,INDEPENDENT,lost,2241
BARAMULLA,BARAMULLA(1),MUNIR AHMAD KHAN,JAMMU AND KASHMIR NATIONALIST PEOPLE'S FRONT,lost,2019
BARAMULLA,BARAMULLA(1),MUZAFFAR HUSSAIN DAR,INDEPENDENT,lost,1671
BARAMULLA,BARAMULLA(1),MUSHTAQ AHMAD MIR,NATIONAL LOKTANTRIK PARTY,lost,1397
BARMER,BARMER(17),UMMEDA RAM BENIWAL,INDIAN NATIONAL CONGRESS,won,704676
BARMER,BARMER(17),RAVINDRA SINGH BHATI,INDEPENDENT,lost,586500
BARMER,BARMER(17),KAILASH CHOUDHARY,BHARATIYA JANATA PARTY,lost,286733
BARMER,BARMER(17),TARARAM MEHNA,INDEPENDENT,lost,49957
BARMER,BARMER(17),NOTA,NONE OF THE ABOVE,nan,17903
BARMER,BARMER(17),PRATAPA RAM,INDEPENDENT,lost,8318
BARMER,BARMER(17),HANIPH,INDEPENDENT,lost,7760
BARMER,BARMER(17),LEELA RAM,BAHUJAN SAMAJ PARTY,lost,7585
BARMER,BARMER(17),PRABHU RAM,AAZAD SAMAJ PARTY (KANSHI RAM),lost,6396
BARMER,BARMER(17),RAMA RAM,INDEPENDENT,lost,6041
BARMER,BARMER(17),POPAT LAL,INDEPENDENT,lost,3159
BARMER,BARMER(17),DEVILAL JAIN,INDEPENDENT,lost,3023
BASTAR,BASTAR(10),MAHESH KASHYAP,BHARATIYA JANATA PARTY,won,458398
BASTAR,BASTAR(10),KAWASI LAKHMA,INDIAN NATIONAL CONGRESS,lost,403153
BASTAR,BASTAR(10),NOTA,NONE OF THE ABOVE,nan,36758
BASTAR,BASTAR(10),PHULSINGH KACHLAM,COMMUNIST PARTY OF INDIA,lost,35887
BASTAR,BASTAR(10),AYTU RAM MANDAVI,BAHUJAN SAMAJ PARTY,lost,19647
BASTAR,BASTAR(10),SUNDAR BAGHEL,INDEPENDENT,lost,14207
BASTAR,BASTAR(10),PRAKASH KUMAR GOTA,INDEPENDENT,lost,11245
BASTAR,BASTAR(10),KANWAL SINGH BAGHEL,RASHTRIYA JANSABHA PARTY,lost,8800
BASTAR,BASTAR(10),SHIVRAM NAG,SARV ADI DAL,lost,8279
BASTAR,BASTAR(10),NARENDRA BURKA,HAMAR RAJ PARTY,lost,4387
BASTAR,BASTAR(10),JAGDISH NAG,AZAD JANATA PARTY,lost,3592
BASTAR,BASTAR(10),TIKAM NAGWANSHI,GONDVANA GANTANTRA PARTY,lost,3042
BETUL,BETUL(29),DURGADAS (D. D.) UIKEY,BHARATIYA JANATA PARTY,won,848236
BETUL,BETUL(29),RAMU TEKAM,INDIAN NATIONAL CONGRESS,lost,468475
BETUL,BETUL(29),ARJUN ASHOK BHALAVI,BAHUJAN SAMAJ PARTY,lost,26597
BETUL,BETUL(29),NOTA,NONE OF THE ABOVE,nan,20322
BETUL,BETUL(29),ANIL UIKEY,BHARAT ADIVASI PARTY,lost,10576
BETUL,BETUL(29),BHURELAL CHOTELAL BETHEKAR,INDEPENDENT,lost,7811
BETUL,BETUL(29),BHAGCHARAN WARKADE,INDEPENDENT,lost,5968
BETUL,BETUL(29),SUNER UIKEY,GONDVANA GANTANTRA PARTY,lost,4186
BETUL,BETUL(29),BARSKAR SUBHASH KORAKU,SWATANTRA KISAN PARTY,lost,3849
BHARATPUR,BHARATPUR (9),SANJNA JATAV,INDIAN NATIONAL CONGRESS,won,579890
BHARATPUR,BHARATPUR (9),RAMSWAROOP KOLI,BHARATIYA JANATA PARTY,lost,527907
BHARATPUR,BHARATPUR (9),ANJILA JATAV,BAHUJAN SAMAJ PARTY,lost,9508
BHARATPUR,BHARATPUR (9),NOTA,NONE OF THE ABOVE,nan,5443
BHARATPUR,BHARATPUR (9),ANEETA,INDEPENDENT,lost,5119
BHARATPUR,BHARATPUR (9),PURUSHOTTAM LAL,INDEPENDENT,lost,2747
BHARATPUR,BHARATPUR (9),PUSHPENDAR KUMAR,INDEPENDENT,lost,2386
BHILWARA,BHILWARA(23),DAMODAR AGARWAL,BHARATIYA JANATA PARTY,won,807640
BHILWARA,BHILWARA(23),C P JOSHI,INDIAN NATIONAL CONGRESS,lost,453034
BHILWARA,BHILWARA(23),NOTA,NONE OF THE ABOVE,nan,13376
BHILWARA,BHILWARA(23),RAMESHWAR LAL BAIRWA,BAHUJAN SAMAJ PARTY,lost,8283
BHILWARA,BHILWARA(23),RAJESH PATNI,INDEPENDENT,lost,8018
BHILWARA,BHILWARA(23),JAYKISHAN,VIRO KE VIR INDIAN PARTY,lost,4084
BHILWARA,BHILWARA(23),MOTILAL SINGHANIA,INDEPENDENT,lost,3887
BHILWARA,BHILWARA(23),NARAYAN LAL JAT,INDEPENDENT,lost,1684
BHILWARA,BHILWARA(23),PAWAN KUMAR SHARMA,RIGHT TO RECALL PARTY,lost,1617
BHILWARA,BHILWARA(23),ANURAG AROT,INDEPENDENT,lost,1425
BHILWARA,BHILWARA(23),VIJAY KUMAR SONI,BHARTIYA GARIB VIKAS KALYAN PARTY,lost,1347
BHIND,BHIND(2),SANDHYA RAY,BHARATIYA JANATA PARTY,won,537065
BHIND,BHIND(2),PHOOL SINGH BARAIYA,INDIAN NATIONAL CONGRESS,lost,472225
BHIND,BHIND(2),DEVASHISH JARARIYA,BAHUJAN SAMAJ PARTY,lost,20465
BHIND,BHIND(2),NOTA,NONE OF THE ABOVE,nan,6534
BHIND,BHIND(2),UMESH GARG,INDEPENDENT,lost,5072
BHIND,BHIND(2),REKHA SHAKYA,INDEPENDENT,lost,2667
BHIND,BHIND(2),HARIMOHAN,INDEPENDENT,lost,2610
BHIND,BHIND(2),RAKESH,INDEPENDENT,lost,2369
BHIWANI-MAHENDRAGARH,BHIWANI-MAHENDRAGARH(8),DHARAMBIR SINGH,BHARATIYA JANATA PARTY,won,588664
BHIWANI-MAHENDRAGARH,BHIWANI-MAHENDRAGARH(8),RAO DAN SINGH,INDIAN NATIONAL CONGRESS,lost,547154
BHIWANI-MAHENDRAGARH,BHIWANI-MAHENDRAGARH(8),BAHADUR SINGH,JANNAYAK JANTA PARTY,lost,15265
BHIWANI-MAHENDRAGARH,BHIWANI-MAHENDRAGARH(8),SUNIL KUMAR SHARMA,BAHUJAN SAMAJ PARTY,lost,6336
BHIWANI-MAHENDRAGARH,BHIWANI-MAHENDRAGARH(8),NOTA,NONE OF THE ABOVE,nan,5287
BHIWANI-MAHENDRAGARH,BHIWANI-MAHENDRAGARH(8),SUBHASH,RASHTRAWADI JANLOK PARTY (SATYA),lost,4695
BHIWANI-MAHENDRAGARH,BHIWANI-MAHENDRAGARH(8),HEMANT,INDEPENDENT,lost,3881
BHIWANI-MAHENDRAGARH,BHIWANI-MAHENDRAGARH(8),SEEMA,INDEPENDENT,lost,2979
BHIWANI-MAHENDRAGARH,BHIWANI-MAHENDRAGARH(8),VED PRAKASH,INDEPENDENT,lost,1900
BHIWANI-MAHENDRAGARH,BHIWANI-MAHENDRAGARH(8),ANAND KUMAR,BHARATHEEYA JAWAN KISAN PARTY,lost,1668
BHIWANI-MAHENDRAGARH,BHIWANI-MAHENDRAGARH(8),YOGBIR SINGH,INDEPENDENT,lost,1478
BHIWANI-MAHENDRAGARH,BHIWANI-MAHENDRAGARH(8),VARSHA,INDEPENDENT,lost,1053
BHIWANI-MAHENDRAGARH,BHIWANI-MAHENDRAGARH(8),BALWAN,PEOPLES PARTY OF INDIA (DEMOCRATIC),lost,857
BHIWANI-MAHENDRAGARH,BHIWANI-MAHENDRAGARH(8),ROHTASH,SOCIALIST UNITY CENTRE OF INDIA (COMMUNIST),lost,640
BHIWANI-MAHENDRAGARH,BHIWANI-MAHENDRAGARH(8),JAI SINGH,INDEPENDENT,lost,451
BHIWANI-MAHENDRAGARH,BHIWANI-MAHENDRAGARH(8),BHARAT BHUSHAN,BHARTIYA SHAKTI CHETNA PARTY,lost,443
BHIWANI-MAHENDRAGARH,BHIWANI-MAHENDRAGARH(8),ENGINEER MAHAVIR SINGH YADAV,INDEPENDENT,lost,415
BHIWANI-MAHENDRAGARH,BHIWANI-MAHENDRAGARH(8),JAGDISH,INDEPENDENT,lost,229
BHOPAL,BHOPAL(19),ALOK SHARMA,BHARATIYA JANATA PARTY,won,981109
BHOPAL,BHOPAL(19),ADVOCATE ARUN SHRIVASTAVA,INDIAN NATIONAL CONGRESS,lost,479610
BHOPAL,BHOPAL(19),BHANU PRATAP SINGH,BAHUJAN SAMAJ PARTY,lost,13305
BHOPAL,BHOPAL(19),NOTA,NONE OF THE ABOVE,nan,6621
BHOPAL,BHOPAL(19),DEENDAYAL AHIRWAR URF DEENU BHAIYA,INDEPENDENT,lost,3641
BHOPAL,BHOPAL(19),JAY SINGH,INDEPENDENT,lost,2510
BHOPAL,BHOPAL(19),BHARTI YADAV,INDEPENDENT,lost,1839
BHOPAL,BHOPAL(19),ANKIT RAI,INDEPENDENT,lost,1101
BHOPAL,BHOPAL(19),AJAY KUMAR PATHAK,CHHATRAPATI SHIVAJI BHARTIYA GARIB PARTY,lost,790
BHOPAL,BHOPAL(19),DHANRAJ SHENDE,REPUBLICAN PARTY OF INDIA (A),lost,790
BHOPAL,BHOPAL(19),MOHAMMAD ASHRAF,INDEPENDENT,lost,778
BHOPAL,BHOPAL(19),BABULAL SEN,MOULIK ADHIKAR PARTY,lost,720
BHOPAL,BHOPAL(19),SANJAY KUMAR SAROJ,MANAV SAMADHAN PARTY,lost,622
BHOPAL,BHOPAL(19),BALRAM SINGH TAUMAR,BHARTIYA SHAKTI CHETNA PARTY,lost,588
BHOPAL,BHOPAL(19),RAMPRASAD PATEL,KRANTI JANSHAKTI PARTY,lost,575
BHOPAL,BHOPAL(19),MUDIT CHAURASIA,AKHIL BHARTIYA AARAKSHIT SAMAJ PARTY,lost,544
BHOPAL,BHOPAL(19),MUDIT BHATNAGAR,SOCIALIST UNITY CENTRE OF INDIA (COMMUNIST),lost,540
BHOPAL,BHOPAL(19),R.K. MAHAJAN,INDEPENDENT,lost,529
BHOPAL,BHOPAL(19),ABDUL TAHIR ADVOCATE (BABLU RAJNIKANT) S/O SAEED PAHELWAN ANSARI,BAHUJAN MAHA PARTY,lost,473
BHOPAL,BHOPAL(19),MAITHILI SHARAN GUPTA,INDEPENDENT,lost,448
BHOPAL,BHOPAL(19),RAJESH KEER,INDEPENDENT,lost,427
BHOPAL,BHOPAL(19),AKSHAY GOTHI,PARIVARTAN PARTY OF INDIA,lost,407
BHOPAL,BHOPAL(19),HITENDRA SHAHARE (BABA),INDEPENDENT,lost,318
BIKANER,BIKANER (2),ARJUN RAM MEGHWAL,BHARATIYA JANATA PARTY,won,566737
BIKANER,BIKANER (2),GOVINDRAM MEGHWAL,INDIAN NATIONAL CONGRESS,lost,511026
BIKANER,BIKANER (2),NOTA,NONE OF THE ABOVE,nan,12558
BIKANER,BIKANER (2),KHETA RAM,BAHUJAN SAMAJ PARTY,lost,8299
BIKANER,BIKANER (2),ATMA RAM GUJARATI,INDEPENDENT,lost,6281
BIKANER,BIKANER (2),RATANI DEVI,INDEPENDENT,lost,3926
BIKANER,BIKANER (2),SATYANARAYAN DEVRA,INDEPENDENT,lost,2966
BIKANER,BIKANER (2),PUKHRAJ NAYAK,INDEPENDENT,lost,2675
BIKANER,BIKANER (2),BABU LAL,INDEPENDENT,lost,2019
BIKANER,BIKANER (2),GOPI CHAND MEGHWAL,INDEPENDENT,lost,1795
BILASPUR,BILASPUR(5),TOKHAN SAHU,BHARATIYA JANATA PARTY,won,724937
BILASPUR,BILASPUR(5),DEVENDRA YADAV,INDIAN NATIONAL CONGRESS,lost,560379
BILASPUR,BILASPUR(5),ASHWANI RAJAK,BAHUJAN SAMAJ PARTY,lost,13222
BILASPUR,BILASPUR(5),ANAND URAWAN,INDEPENDENT,lost,5898
BILASPUR,BILASPUR(5),ANILESH MISHRA (MAHARAJ),INDEPENDENT,lost,5376
BILASPUR,BILASPUR(5),KULESH KUMAR SAHU,INDEPENDENT,lost,4443
BILASPUR,BILASPUR(5),ASHAVANT SAHOO,BHARTIYA SHAKTI CHETNA PARTY,lost,4354
BILASPUR,BILASPUR(5),SHRIKANT MALHWAYR (KASER),LOKTANTRA CONGRESS PARTY,lost,4201
BILASPUR,BILASPUR(5),VIKRAMPRASAD JOGI,INDEPENDENT,lost,2862
BILASPUR,BILASPUR(5),NOTA,NONE OF THE ABOVE,nan,2849
BILASPUR,BILASPUR(5),KESHAV PRASAD,INDEPENDENT,lost,2767
BILASPUR,BILASPUR(5),SUDIEP SHRIVASTAVA,HAMAR RAJ PARTY,lost,2312
BILASPUR,BILASPUR(5),RUPRAM SAHU,INDEPENDENT,lost,2261
BILASPUR,BILASPUR(5),KRISHNA NANDAN SINGH,INDEPENDENT,lost,2020
BILASPUR,BILASPUR(5),ROSHAN KUMAR,INDEPENDENT,lost,1920
BILASPUR,BILASPUR(5),DINESH PRATAP SINGH KHUSRO NIKHIL,RASHTRIYA GONDVANA PARTY,lost,1808
BILASPUR,BILASPUR(5),RAMESHWAR SAHU,INDEPENDENT,lost,1761
BILASPUR,BILASPUR(5),VIJAY KUMAR,INDEPENDENT,lost,1626
BILASPUR,BILASPUR(5),YASHUTOSH LAHARE,AMBEDKARITE PARTY OF INDIA,lost,1274
BILASPUR,BILASPUR(5),GHANSHYAM URF SADHELAL BHARDWAJ,INDEPENDENT,lost,1251
BILASPUR,BILASPUR(5),VEDMANI SINGH KSHATRIYA (THAKUR),INDEPENDENT,lost,1163
BILASPUR,BILASPUR(5),SHEKHAR BANJARE,INDEPENDENT,lost,1160
BILASPUR,BILASPUR(5),SIDDHRAM LAHARE,RASHTRIYA JANSABHA PARTY,lost,1150
BILASPUR,BILASPUR(5),RAMPYARE RAI,INDEPENDENT,lost,1112
BILASPUR,BILASPUR(5),NAND KISHORE RAJ,GONDVANA GANTANTRA PARTY,lost,1061
BILASPUR,BILASPUR(5),BHUNESHWAR MARKO,INDEPENDENT,lost,970
BILASPUR,BILASPUR(5),RAJKUMAR SAHU,INDEPENDENT,lost,829
BILASPUR,BILASPUR(5),BHAGWAT PATRE,PRABUDDHA REPUBLICAN PARTY,lost,712
BILASPUR,BILASPUR(5),LAKSHMAN PATHAK,EKAM SANATAN BHARAT DAL,lost,699
BILASPUR,BILASPUR(5),ADVOCATE SHAILENDRA BANJARE (SHAKTIPUTRA),SHAKTI SENA (BHARAT DESH),lost,690
BILASPUR,BILASPUR(5),RAJENDRA KUMAR TANDAN,INDEPENDENT,lost,656
BILASPUR,BILASPUR(5),SALIK RAM JOGI,INDEPENDENT,lost,576
BILASPUR,BILASPUR(5),DEEPMALA CHOUHAN,CHHATTISGARH VIKAS GANGA RASHTRIYA PARTY,lost,565
BILASPUR,BILASPUR(5),BASANT BANSL,INDEPENDENT,lost,564
BILASPUR,BILASPUR(5),MAHESH KUMAR SONWANI,INDEPENDENT,lost,560
BILASPUR,BILASPUR(5),DEV PRASAD BRAIHA,INDEPENDENT,lost,511
BILASPUR,BILASPUR(5),SANJAY PRAKASH SAHU,INDEPENDENT,lost,436
BILASPUR,BILASPUR(5),PARAS RAM YADAV,INDEPENDENT,lost,415
Badaun,Badaun(23),ADITYA YADAV,SAMAJWADI PARTY,won,501855
Badaun,Badaun(23),DURVIJAY SINGH SHAKYA,BHARATIYA JANATA PARTY,lost,466864
Badaun,Badaun(23),MUSLIM KHAN,BAHUJAN SAMAJ PARTY,lost,97751
Badaun,Badaun(23),NOTA,NONE OF THE ABOVE,nan,8562
Badaun,Badaun(23),SANDEEP KUMAR,INDEPENDENT,lost,3836
Badaun,Badaun(23),DINESH KUMAR,INDEPENDENT,lost,2674
Badaun,Badaun(23),LATA YADAV,INDEPENDENT,lost,2578
Badaun,Badaun(23),NILAM RANI PAL,RASHTRIYA SHOSHIT SAMAJ PARTY,lost,2438
Badaun,Badaun(23),RAM PRATAP MAURYA,INDEPENDENT,lost,1543
Badaun,Badaun(23),ISRAT ALI,INDEPENDENT,lost,1513
Badaun,Badaun(23),SULEMAN,SWARAJ BHARTIYA NYAY PARTY,lost,1240
Badaun,Badaun(23),HARIRAJ SINGH URF SIPU YADAV,LOG PARTY,lost,910
Bagalkot,Bagalkot(3),GADDIGOUDAR. PARVATAGOUDA. CHANDANAGOUDA.,BHARATIYA JANATA PARTY,won,671039
Bagalkot,Bagalkot(3),SAMYUKTA SHIVANAND PATIL,INDIAN NATIONAL CONGRESS,lost,602640
Bagalkot,Bagalkot(3),NAGARAJ. S. KALKUTAGAR,INDEPENDENT,lost,5629
Bagalkot,Bagalkot(3),PARASHURAM. LAXMAN. NEELANAIK,INDEPENDENT,lost,5090
Bagalkot,Bagalkot(3),ANTHOSH SAVVASE,UTTAMA PRAJAAKEEYA PARTY,lost,4923
Bagalkot,Bagalkot(3),JYOTI GULEDGUDDA,INDEPENDENT,lost,4645
Bagalkot,Bagalkot(3),M. B. SIDAGONI,BAHUJAN SAMAJ PARTY,lost,4479
Bagalkot,Bagalkot(3),NOTA,NONE OF THE ABOVE,nan,3420
Bagalkot,Bagalkot(3),DR. MUTTU. S. SURAKOD. (MADAR),INDEPENDENT,lost,3135
Bagalkot,Bagalkot(3),PRASHANT RAO,INDEPENDENT,lost,1914
Bagalkot,Bagalkot(3),DATTATREYA DASHARATHA TAVARE,INDEPENDENT,lost,1620
Bagalkot,Bagalkot(3),KENGANAL. MALLIKARJUN. BHIMAPPA,INDEPENDENT,lost,1207
Bagalkot,Bagalkot(3),AMBROSE D' MELLO,INDEPENDENT,lost,1205
Bagalkot,Bagalkot(3),MALLIKARJUN H. T.,SOCIALIST UNITY CENTRE OF INDIA (COMMUNIST),lost,1144
Bagalkot,Bagalkot(3),RAJESAB BURANSAB. MASALI,INDEPENDENT,lost,992
Bagalkot,Bagalkot(3),SHARANAPPA MALLAPPA KOTLANNAVAR,INDEPENDENT,lost,832
Bagalkot,Bagalkot(3),RAVI SHIVAPPA PADASALAGI,INDEPENDENT,lost,656
Bagalkot,Bagalkot(3),SAIYYAD IMAMSAB JAKALI,TIPU SULTAN PARTY,lost,550
Bagalkot,Bagalkot(3),ABDULAZIZ KALADAGI PENDARI,INDEPENDENT,lost,529
Bagalkot,Bagalkot(3),MUTTAPPA MUDAKAPPA HIREKUMBI,RAITA BHARAT PARTY,lost,518
Bagalkot,Bagalkot(3),SAGAR. BASAPPA. KUMBAR,KARNATAKA RASHTRA SAMITHI,lost,499
Bagalkot,Bagalkot(3),S. M. MARIGOUDAR,DESH PREM PARTY,lost,454
Bagalkot,Bagalkot(3),SHANKAR. VENKAPPA. NAIKAR.,REPUBLICAN PARTY OF INDIA (A),lost,441
Baghpat,Baghpat(11),DR RAJKUMAR SANGWAN,RASHTRIYA LOK DAL,won,488967
Baghpat,Baghpat(11),AMARPAL,SAMAJWADI PARTY,lost,329508
Baghpat,Baghpat(11),PRAVEEN BANSAL,BAHUJAN SAMAJ PARTY,lost,92266
Baghpat,Baghpat(11),MUKESH KUMAR SHARMA,AZAD ADHIKAR SENA,lost,5523
Baghpat,Baghpat(11),NOTA,NONE OF THE ABOVE,nan,5110
Baghpat,Baghpat(11),MAHENDER SINGH,SARVJAN SAMTA PARTY,lost,5020
Baghpat,Baghpat(11),SUKHVIR SINGH,SWATANTRA JANTARAJ PARTY,lost,4099
Baghpat,Baghpat(11),RUBY KASHYAP,SARVJAN LOK SHAKTI PARTY,lost,3280
Baharaich,Baharaich(56),ANAND KUMAR,BHARATIYA JANATA PARTY,won,518802
Baharaich,Baharaich(56),RAMESH CHANDRA,SAMAJWADI PARTY,lost,454575
Baharaich,Baharaich(56),DR. BRIJESH KUMAR,BAHUJAN SAMAJ PARTY,lost,50448
Baharaich,Baharaich(56),NOTA,NONE OF THE ABOVE,nan,12864
Baharaich,Baharaich(56),ARVIND KUMAR,BHARTIYA AWAM PARTY (RASTRIYA),lost,6160
Baharaich,Baharaich(56),RAMESH BALMIKI,INDEPENDENT,lost,3227
Baharaich,Baharaich(56),BECHULAL,INDEPENDENT,lost,2920
Baharaich,Baharaich(56),JANARDAN GOND,INDEPENDENT,lost,2673
Baharaich,Baharaich(56),RAM MILAN,SARDAR PATEL SIDDHANT PARTY,lost,1699
Baharaich,Baharaich(56),RINKU SAHANI,RASHTRA DHARAK DAL,lost,1683
Baharaich,Baharaich(56),JAGRAM,INDEPENDENT,lost,1515
Baharampur,Baharampur(10),PATHAN YUSUF,ALL INDIA TRINAMOOL CONGRESS,won,524516
Baharampur,Baharampur(10),ADHIR RANJAN CHOWDHURY,INDIAN NATIONAL CONGRESS,lost,439494
Baharampur,Baharampur(10),DR. NIRMAL KUMAR SAHA,BHARATIYA JANATA PARTY,lost,371885
Baharampur,Baharampur(10),SAMIRAN DAS,INDEPENDENT,lost,18527
Baharampur,Baharampur(10),NOTA,NONE OF THE ABOVE,nan,7485
Baharampur,Baharampur(10),SWAPAN KUMAR MANDAL,INDEPENDENT,lost,6396
Baharampur,Baharampur(10),SANTOSH BISWAS,BAHUJAN SAMAJ PARTY,lost,4238
Baharampur,Baharampur(10),BISWAMVOIR KALITA,INDEPENDENT,lost,3062
Baharampur,Baharampur(10),SOMNATH PAUL,ALL INDIA ARYA MAHASABHA,lost,2250
Baharampur,Baharampur(10),RUNA LAILA,SOCIAL DEMOCRATIC PARTY OF INDIA,lost,1571
Baharampur,Baharampur(10),ABHIJIT MANDAL,SOCIALIST UNITY CENTRE OF INDIA (COMMUNIST),lost,1418
Baharampur,Baharampur(10),ASHIS DAS,INDEPENDENT,lost,1110
Baharampur,Baharampur(10),ADHIR SWARNAKAR,INDEPENDENT,lost,856
Baharampur,Baharampur(10),AJIT KUMAR MANDAL,INDEPENDENT,lost,749
Baharampur,Baharampur(10),MANIK KUMAR DAS,JAI PRAKASH JANATA DAL,lost,729
Baharampur,Baharampur(10),AABDUSA SATTAR SEKH,INDIAN NATIONAL SOCIALISTIC ACTION FORCES,lost,484
Balasore,Balasore(6),PRATAP CHANDRA SARANGI,BHARATIYA JANATA PARTY,won,563865
Balasore,Balasore(6),LEKHASRI SAMANTSINGHAR,BIJU JANATA DAL,lost,416709
Balasore,Balasore(6),SHRIKANTA JENA,INDIAN NATIONAL CONGRESS,lost,237007
Balasore,Balasore(6),NOTA,NONE OF THE ABOVE,nan,7350
Balasore,Balasore(6),RAJAT KUMAR BEHERA,BAHUJAN SAMAJ PARTY,lost,2920
Balasore,Balasore(6),GOBINDA CHANDRA BHOI,NATIONAL APNI PARTY,lost,2640
Balasore,Balasore(6),SURYAKANTA DASMOHAPATRA,INDEPENDENT,lost,2161
Balasore,Balasore(6),MAHAMEGHABAHAN AIRA KHARABELA SWAIN,INDEPENDENT,lost,1868
Balasore,Balasore(6),PRAMOD KUMAR PATTAYAT,INDEPENDENT,lost,1639
Balasore,Balasore(6),BIREN PUHAN,KRUPAA PARTY,lost,1452
Balasore,Balasore(6),DEEPAK SANKAR THAKUR GIRI,INDEPENDENT,lost,1194
Balasore,Balasore(6),AKHIL KUMAR MOHANTA,INDEPENDENT,lost,830
Ballia,Ballia(72),SANATAN PANDEY,SAMAJWADI PARTY,won,467068
Ballia,Ballia(72),NEERAJ SHEKHAR,BHARATIYA JANATA PARTY,lost,423684
Ballia,Ballia(72),LALLAN SINGH YADAV,BAHUJAN SAMAJ PARTY,lost,85205
Ballia,Ballia(72),NOTA,NONE OF THE ABOVE,nan,8187
Ballia,Ballia(72),SUMESHWAR,INDEPENDENT,lost,5056
Ballia,Ballia(72),SHESHNATH,INDEPENDENT,lost,3588
Ballia,Ballia(72),RAVI KANT SINGH ALIAS RAVI PATEL,SARDAR PATEL SIDDHANT PARTY,lost,3181
Ballia,Ballia(72),RAMNIVAS GOND,GONDVANA GANTANTRA PARTY,lost,2672
Ballia,Ballia(72),SURYA BALI PRASAD,AAZAD SAMAJ PARTY (KANSHI RAM),lost,2148
Ballia,Ballia(72),RANJANA,INDEPENDENT,lost,1878
Ballia,Ballia(72),ASHOK GUPTA,INDEPENDENT,lost,1347
Ballia,Ballia(72),MANINDR,INDEPENDENT,lost,1187
Ballia,Ballia(72),AVADHESH VERMA,INDEPENDENT,lost,1161
Ballia,Ballia(72),PRAKASH KUMAR,INDEPENDENT,lost,960
Balurghat,Balurghat(6),SUKANTA MAJUMDAR,BHARATIYA JANATA PARTY,won,574996
Balurghat,Balurghat(6),BIPLAB MITRA,ALL INDIA TRINAMOOL CONGRESS,lost,564610
Balurghat,Balurghat(6),JOYDEV KUMAR SIDDHANTA,REVOLUTIONARY SOCIALIST PARTY,lost,54217
Balurghat,Balurghat(6),NOTA,NONE OF THE ABOVE,nan,7437
Balurghat,Balurghat(6),HAKIM MURMU,INDEPENDENT,lost,6822
Balurghat,Balurghat(6),BAKHTIAR MUJAHIT SAHANI,INDEPENDENT,lost,6393
Balurghat,Balurghat(6),RANENDRA NATH MALI,INDEPENDENT,lost,5593
Balurghat,Balurghat(6),ANTA HANSDA,BAHUJAN SAMAJ PARTY,lost,5145
Balurghat,Balurghat(6),BISWANATH MURMU,AMBEDKARITE PARTY OF INDIA,lost,3465
Balurghat,Balurghat(6),MOZAMMEL HAQUE,ALL INDIA SECULAR FRONT,lost,2268
Balurghat,Balurghat(6),NAROTTAM SAHA,INDEPENDENT,lost,2106
Balurghat,Balurghat(6),MD. SARWARDI,BHUMIPUTRA UNITED PARTY,lost,1967
Balurghat,Balurghat(6),BIRENDRA NATH MAHANTA,SOCIALIST UNITY CENTRE OF INDIA (COMMUNIST),lost,1387
Balurghat,Balurghat(6),RUBEL SARKAR,KAMATAPUR PEOPLE’S PARTY (UNITED),lost,902
Banaskantha,Banaskantha(2),GENIBEN NAGAJI THAKOR,INDIAN NATIONAL CONGRESS,won,671883
Banaskantha,Banaskantha(2),DR. REKHABEN HITESHBHAI CHAUDHARI,BHARATIYA JANATA PARTY,lost,641477
Banaskantha,Banaskantha(2),NOTA,NONE OF THE ABOVE,nan,22167
Banaskantha,Banaskantha(2),MANSUNGBHAI MASHRUBHAI PARMAR,BAHUJAN SAMAJ PARTY,lost,9929
Banaskantha,Banaskantha(2),RATHOD MAVJI BHEMAJI,INDEPENDENT,lost,7696
Banaskantha,Banaskantha(2),SHRIMALI ASHOKBHAI BALCHANDBHAI,INDEPENDENT,lost,5481
Banaskantha,Banaskantha(2),JASUBHAI GAMAR,BHARAT ADIVASI PARTY,lost,4626
Banaskantha,Banaskantha(2),PATEL PIYUSHBHAI KARSHANBHAI,BHARATIYA YUVA JAN EKTA PARTY,lost,3513
Banaskantha,Banaskantha(2),BAJAG LASHABHAI LAVAJIBHAI,INDEPENDENT,lost,3009
Banaskantha,Banaskantha(2),PRAVINBHAI ISHVARBHAI CHAUHAN,SWATANTRATA ABHIVYAKTI PARTY,lost,1823
Banaskantha,Banaskantha(2),IBRAHIMBHAI PARASANI,INDEPENDENT,lost,1591
Banaskantha,Banaskantha(2),PARMAR CHHAGANCHANDRARAJ,INDEPENDENT,lost,1374
Banaskantha,Banaskantha(2),CHETANKUMAR KESHAVLAL OZA,INDEPENDENT,lost,1334
Banda,Banda(48),KRISHNA DEVI SHIVSHANKER PATEL,SAMAJWADI PARTY,won,406567
Banda,Banda(48),R. K. SINGH PATEL,BHARATIYA JANATA PARTY,lost,335357
Banda,Banda(48),MAYANK DWIVEDI,BAHUJAN SAMAJ PARTY,lost,245745
Banda,Banda(48),NOTA,NONE OF THE ABOVE,nan,13235
Banda,Banda(48),RAMCHANDRA SARAS,COMMUNIST PARTY OF INDIA,lost,9438
Banda,Banda(48),PANCHA URF PANCHAMLAL,BHAGIDARI PARTY(P),lost,7717
Banda,Banda(48),GULAB CHANDER BARMA,RASHTRA UDAY PARTY,lost,5907
Banda,Banda(48),RAMCHRAN,INDEPENDENT,lost,5423
Banda,Banda(48),SURENDRA KUMAR,SWATANTRA JANTARAJ PARTY,lost,4382
Banda,Banda(48),SHRIRAM SINGH GAUR,BHARTIYA SHAKTI CHETNA PARTY,lost,3350
Banda,Banda(48),DINESH KUMAR PATEL,SARDAR PATEL SIDDHANT PARTY,lost,2508
Banda,Banda(48),BABULAL,LOG PARTY,lost,2361
Banda,Banda(48),PRAMOD AZAD,APNA DAL (KAMERAWADI),lost,2142
Bangalore North,Bangalore North(24),SHOBHA KARANDLAJE,BHARATIYA JANATA PARTY,won,986049
Bangalore North,Bangalore North(24),PROFESSOR M.V RAJEEV GOWDA,INDIAN NATIONAL CONGRESS,lost,726573
Bangalore North,Bangalore North(24),NOTA,NONE OF THE ABOVE,nan,13554
Bangalore North,Bangalore North(24),GOVINDAIAH,BAHUJAN SAMAJ PARTY,lost,4631
Bangalore North,Bangalore North(24),SANTHOSH M,UTTAMA PRAJAAKEEYA PARTY,lost,3461
Bangalore North,Bangalore North(24),UDAYA SHANKAR.G,PRAHAR JANSHAKTI PARTY,lost,2678
Bangalore North,Bangalore North(24),LAKSHMI SRIHARI.J.N.,INDEPENDENT,lost,2094
Bangalore North,Bangalore North(24),DILIP KUMAR I.S.,INDEPENDENT,lost,1903
Bangalore North,Bangalore North(24),K.M.MAHADEVA,INDEPENDENT,lost,1720
Bangalore North,Bangalore North(24),K.V.NANJUNDASWAMY,INDEPENDENT,lost,1365
Bangalore North,Bangalore North(24),SHOBHA,INDEPENDENT,lost,1280
Bangalore North,Bangalore North(24),Y.R.KALLESHWARI,SAMAJWADI JANATA PARTY(KARNATAKA),lost,1077
Bangalore North,Bangalore North(24),NIRMALA H.L,SOCIALIST UNITY CENTRE OF INDIA (COMMUNIST),lost,977
Bangalore North,Bangalore North(24),H.R.NATARAJ,INDEPENDENT,lost,861
Bangalore North,Bangalore North(24),BHASKAR ANKALAMADUGU SHIVAREDDY,INDEPENDENT,lost,831
Bangalore North,Bangalore North(24),SHIVAKUMAR. B,KARNATAKA RASHTRA SAMITHI,lost,817
Bangalore North,Bangalore North(24),SUDHA. V,INDEPENDENT,lost,657
Bangalore North,Bangalore North(24),KRISHNAIAH,RASHTRIYA SAMAJ DAL (R),lost,559
Bangalore North,Bangalore North(24),HEBBAL VENKATESH.J,REPUBLICAN PARTY OF INDIA (A),lost,425
Bangalore North,Bangalore North(24),"GLOBE STAR J. JAI SIMHA VARMA, B E.",GAREEB AADMI PARTY,lost,359
Bangalore North,Bangalore North(24),SHOBAN BABU V,INDIAN LABOUR PARTY (AMBEDKAR PHULE),lost,320
Bangalore North,Bangalore North(24),PARASAPPA BHEEMAPPA GAJJERI,RANI CHENNAMMA PARTY,lost,313
Bangalore Rural,Bangalore Rural(23),DR C N MANJUNATH,BHARATIYA JANATA PARTY,won,1079002
Bangalore Rural,Bangalore Rural(23),D K SURESH,INDIAN NATIONAL CONGRESS,lost,809355
Bangalore Rural,Bangalore Rural(23),NOTA,NONE OF THE ABOVE,nan,10649
Bangalore Rural,Bangalore Rural(23),ABHISHEK K,UTTAMA PRAJAAKEEYA PARTY,lost,6202
Bangalore Rural,Bangalore Rural(23),SURESH M N,INDEPENDENT,lost,3236
Bangalore Rural,Bangalore Rural(23),HEMAVATHI K,SOCIALIST UNITY CENTRE OF INDIA (COMMUNIST),lost,1774
Bangalore Rural,Bangalore Rural(23),J T PRAKASH,INDEPENDENT,lost,1472
Bangalore Rural,Bangalore Rural(23),N KRISHNAPPA,PYRAMID PARTY OF INDIA,lost,1402
Bangalore Rural,Bangalore Rural(23),C N MANJUNATHA,BAHUJAN BHARAT PARTY,lost,1400
Bangalore Rural,Bangalore Rural(23),KUMAR L,BHARATIYA PRAJAGALA KALYANA PAKSHA,lost,1066
Bangalore Rural,Bangalore Rural(23),MAHAMAD MUSADIK PASHA,KARNATAKA RASHTRA SAMITHI,lost,821
Bangalore Rural,Bangalore Rural(23),NARASIMHAMURTHY J P,INDEPENDENT,lost,813
Bangalore Rural,Bangalore Rural(23),SURESH S,KARUNAADU PARTY,lost,798
Bangalore Rural,Bangalore Rural(23),VASIST J,COUNTRY CITIZEN PARTY,lost,584
Bangalore Rural,Bangalore Rural(23),MOHAMMAD DASTAGEER,YOUNG STAR EMPOWERMENT PARTY,lost,486
Bangalore Rural,Bangalore Rural(23),H V CHANDRASHEKAR,VIDUTHALAI CHIRUTHAIGAL KATCHI,lost,480
Bangalore South,Bangalore South(26),TEJASVI SURYA,BHARATIYA JANATA PARTY,won,750830
Bangalore South,Bangalore South(26),SOWMYA REDDY,INDIAN NATIONAL CONGRESS,lost,473747
Bangalore South,Bangalore South(26),NOTA,NONE OF THE ABOVE,nan,7857
Bangalore South,Bangalore South(26),ARUN PRASAD.A,BAHUJAN SAMAJ PARTY,lost,2425
Bangalore South,Bangalore South(26),TINTISHA HEMACHANDRA SAGAR,INDEPENDENT,lost,1968
Bangalore South,Bangalore South(26),VATAL NAGARAJ,KANNADA CHALAVALI VATAL PAKSHA,lost,1867
Bangalore South,Bangalore South(26),KEMPEGOWDA,NAVABHARATH SENA,lost,1393
Bangalore South,Bangalore South(26),TEJASWINI DHANANJAY,INDEPENDENT,lost,1150
Bangalore South,Bangalore South(26),BALAKRISHNA.M.,UTTAMA PRAJAAKEEYA PARTY,lost,1110
Bangalore South,Bangalore South(26),JAYAPAL.D,INDEPENDENT,lost,942
Bangalore South,Bangalore South(26),RANJITH GOWDA,INDEPENDENT,lost,860
Bangalore South,Bangalore South(26),V.RAJKUMAR VCK,INDEPENDENT,lost,740
Bangalore South,Bangalore South(26),RAGHUPATHI BHAT,KARNATAKA RASHTRA SAMITHI,lost,738
Bangalore South,Bangalore South(26),DR HARISH GOWDA,INDEPENDENT,lost,563
Bangalore South,Bangalore South(26),CHETAN CHAMAN,COUNTRY CITIZEN PARTY,lost,492
Bangalore South,Bangalore South(26),A . RAJ.,INDEPENDENT,lost,477
Bangalore South,Bangalore South(26),K. C. JANARDHAN,INDEPENDENT,lost,452
Bangalore South,Bangalore South(26),KANTHAKUMAR.R.,INDEPENDENT,lost,403
Bangalore South,Bangalore South(26),KARAVALI MANJUNATH. BE,RASHTRIYA SAMAJ DAL (R),lost,310
Bangalore South,Bangalore South(26),C M. SHABAZ KHAN,YOUNG STAR EMPOWERMENT PARTY,lost,297
Bangalore South,Bangalore South(26),ASGAR A MOHIN.S.M.,INDEPENDENT,lost,269
Bangalore South,Bangalore South(26),SUBRAHMANYA KUMAR KUNTIKANAMATA,INDEPENDENT,lost,237
Bangalore South,Bangalore South(26),DR.R.SHEKAR THIRUMAVALVAN,INDEPENDENT,lost,215
Bangalore central,Bangalore central(25),P C MOHAN,BHARATIYA JANATA PARTY,won,658915
Bangalore central,Bangalore central(25),MANSOOR ALI KHAN,INDIAN NATIONAL CONGRESS,lost,626208
Bangalore central,Bangalore central(25),NOTA,NONE OF THE ABOVE,nan,12126
Bangalore central,Bangalore central(25),SATISH CHANDRA. M.,BAHUJAN SAMAJ PARTY,lost,3087
Bangalore central,Bangalore central(25),JAYALAKSHMI SUNDARA RAJAN,INDEPENDENT,lost,2761
Bangalore central,Bangalore central(25),SURESH BABU. M. C,UTTAMA PRAJAAKEEYA PARTY,lost,1739
Bangalore central,Bangalore central(25),K. MANJUNATHA,INDEPENDENT,lost,1556
Bangalore central,Bangalore central(25),S. M. KRISHNA,INDEPENDENT,lost,1474
Bangalore central,Bangalore central(25),MURUGESH. R,INDEPENDENT,lost,1162
Bangalore central,Bangalore central(25),UMA. V.,INDEPENDENT,lost,827
Bangalore central,Bangalore central(25),PRAKASH. K,KARNATAKA RASHTRA SAMITHI,lost,779
Bangalore central,Bangalore central(25),H. P. SHIVAPRAKASH,SOCIALIST UNITY CENTRE OF INDIA (COMMUNIST),lost,707
Bangalore central,Bangalore central(25),MODI SAIFULLA,INDEPENDENT,lost,695
Bangalore central,Bangalore central(25),ABHAYA SHEELA.,RASHTRIYA SAMAJ DAL (R),lost,635
Bangalore central,Bangalore central(25),KARTHIK. K,VOTERS INDEPENDENT PARTY,lost,601
Bangalore central,Bangalore central(25),T.R. JAGANNATHA RAO,BHARATIYA PRAJAGALA KALYANA PAKSHA,lost,460
Bangalore central,Bangalore central(25),VASANTH KUMAR ERAPPA,INDEPENDENT,lost,439
Bangalore central,Bangalore central(25),C.M. SHABAZ KHAN,YOUNG STAR EMPOWERMENT PARTY,lost,429
Bangalore central,Bangalore central(25),WHITEFIELD MURUGESH .C,REPUBLICAN PARTY OF INDIA (KARNATAKA),lost,378
Bangalore central,Bangalore central(25),B. KRISHNA PRASAD,"PROUTIST BLOC, INDIA",lost,327
Bangalore central,Bangalore central(25),MUKTHAR ALI KHAN,KARNATAKA KARMIKARA PAKSHA,lost,314
Bangalore central,Bangalore central(25),SYED ASIF BUKHARI,INDEPENDENT,lost,286
Bangalore central,Bangalore central(25),RANJITH VISHWA,SAMAJWADI JANATA PARTY(KARNATAKA),lost,274
Bangalore central,Bangalore central(25),RUMAN SHARIFFE,INDEPENDENT,lost,171
Bangalore central,Bangalore central(25),YALLAPPA.,INDEPENDENT,lost,160
Bangaon,Bangaon(14),SHANTANU THAKUR,BHARATIYA JANATA PARTY,won,719505
Bangaon,Bangaon(14),BISWAJIT DAS S/O LATE BIJAY KRISHNA DAS,ALL INDIA TRINAMOOL CONGRESS,lost,645812
Bangaon,Bangaon(14),PRADIPKUMAR BISWAS,INDIAN NATIONAL CONGRESS,lost,65176
Bangaon,Bangaon(14),DIPAK MAJUMDAR,ALL INDIA SECULAR FRONT,lost,19216
Bangaon,Bangaon(14),SUJATA BAIRAGI,INDEPENDENT,lost,9653
Bangaon,Bangaon(14),JASHAJIT SARKHEL,INDEPENDENT,lost,7833
Bangaon,Bangaon(14),NOTA,NONE OF THE ABOVE,nan,6685
Bangaon,Bangaon(14),CHANDAN MALLICK,BAHUJAN SAMAJ PARTY,lost,5935
Bangaon,Bangaon(14),PRANITA MANDAL,INDEPENDENT,lost,2411
Bangaon,Bangaon(14),SUMITA PODDAR,INDEPENDENT,lost,2354
Bangaon,Bangaon(14),BISWAJIT DAS S/O LATE BALARAM DAS,INDEPENDENT,lost,2248
Bangaon,Bangaon(14),PATIT PABAN MANDAL,SOCIALIST UNITY CENTRE OF INDIA (COMMUNIST),lost,2169
Bangaon,Bangaon(14),SAMARESH BISWAS,PARTY FOR DEMOCRATIC SOCIALISM,lost,1565
Bangaon,Bangaon(14),BISWAJIT DAS,INDEPENDENT,lost,1272
Bangaon,Bangaon(14),KALYAN SARKAR,INDEPENDENT,lost,691
Bangaon,Bangaon(14),SUBRATA BISWAS,GURUCHAND SENA DAL,lost,583
Banka,Banka(27),GIRIDHARI YADAV,JANATA DAL (UNITED),won,506678
Banka,Banka(27),JAI PRAKASH NARAYAN YADAV,RASHTRIYA JANATA DAL,lost,402834
Banka,Banka(27),NOTA,NONE OF THE ABOVE,nan,34889
Banka,Banka(27),NARESH YADAV,INDEPENDENT,lost,14939
Banka,Banka(27),JAY PRAKASH YADAV,RASHTRIYA JANSAMBHAVNA PARTY,lost,12277
Banka,Banka(27),AMRIT TANTI,BHARTIYA DALIT PARTY,lost,9670
Banka,Banka(27),NARESH KUMAR PRIYADARSHI,INDEPENDENT,lost,8125
Banka,Banka(27),GANESH KUMAR KUSHAWAHA,SAMATA PARTY,lost,7645
Banka,Banka(27),UTTAM KUMAR SINGH,AAM JANTA PARTY RASHTRIYA,lost,6911
Banka,Banka(27),KAVINDRA PANDIT,SOCIALIST UNITY CENTRE OF INDIA (COMMUNIST),lost,5246
Banka,Banka(27),UMAKANT YADAV,INDEPENDENT,lost,4941
Bankura,Bankura(36),ARUP CHAKRABORTY,ALL INDIA TRINAMOOL CONGRESS,won,641813
Bankura,Bankura(36),DR. SUBHAS SARKAR,BHARATIYA JANATA PARTY,lost,609035
Bankura,Bankura(36),NILANJAN DASGUPTA,COMMUNIST PARTY OF INDIA (MARXIST),lost,105359
Bankura,Bankura(36),NOTA,NONE OF THE ABOVE,nan,26209
Bankura,Bankura(36),SURAJIT SINGH KURMALI,INDEPENDENT,lost,18569
Bankura,Bankura(36),GOPAL MURMU,AMBEDKARITE PARTY OF INDIA,lost,9101
Bankura,Bankura(36),DIPA BOURI,BAHUJAN SAMAJ PARTY,lost,8796
Bankura,Bankura(36),MARSHAL TUDU,INDEPENDENT,lost,6717
Bankura,Bankura(36),TARA SHANKAR GOPE,SOCIALIST UNITY CENTRE OF INDIA (COMMUNIST),lost,5529
Bankura,Bankura(36),SANDIP KUMAR DEY,INDEPENDENT,lost,4622
Bankura,Bankura(36),SAMAR KUMAR BISWAS,KISAN MAZDOOR SANGHARSH PARTY,lost,3541
Bankura,Bankura(36),JIBAN CHAKRABORTY,INDEPENDENT,lost,3506
Bankura,Bankura(36),KARTIK CHANDRA BAURI,INDEPENDENT,lost,2796
Bankura,Bankura(36),GOUR CHANDRA HEMBRAM,INDEPENDENT,lost,2081
Bansgaon,Bansgaon(67),KAMLESH PASWAN,BHARATIYA JANATA PARTY,won,428693
Bansgaon,Bansgaon(67),SADAL PRASAD,INDIAN NATIONAL CONGRESS,lost,425543
Bansgaon,Bansgaon(67),RAMSAMUJH,BAHUJAN SAMAJ PARTY,lost,64750
Bansgaon,Bansgaon(67),NOTA,NONE OF THE ABOVE,nan,9021
Bansgaon,Bansgaon(67),GAYA PRASAD,INDEPENDENT,lost,6638
Bansgaon,Bansgaon(67),SHRVAN KUMAR NIRALA,INDEPENDENT,lost,4142
Bansgaon,Bansgaon(67),HEERALAL,INDEPENDENT,lost,2597
Bansgaon,Bansgaon(67),MURLI DHAR,INDEPENDENT,lost,1745
Bansgaon,Bansgaon(67),RAJENDRA CHAUDHARI,INDEPENDENT,lost,1634
Bapatla,Bapatla (SC)(15),KRISHNA PRASAD TENNETI,TELUGU DESAM,won,717493
Bapatla,Bapatla (SC)(15),NANDIGAM SURESH BABU,YUVAJANA SRAMIKA RYTHU CONGRESS PARTY,lost,509462
Bapatla,Bapatla (SC)(15),J.D. SEELAM,INDIAN NATIONAL CONGRESS,lost,43259
Bapatla,Bapatla (SC)(15),NOTA,NONE OF THE ABOVE,nan,13723
Bapatla,Bapatla (SC)(15),DOKKA JAGAN MOHANA RAO,BAHUJAN SAMAJ PARTY,lost,6857
Bapatla,Bapatla (SC)(15),NALAMALA TIRUPATI RAO,NAVATARAM PARTY,lost,2964
Bapatla,Bapatla (SC)(15),BUSSA. NAGARAJU,INDEPENDENT,lost,1318
Bapatla,Bapatla (SC)(15),GADDE. VIJAYA LAKSHMI,INDEPENDENT,lost,1051
Bapatla,Bapatla (SC)(15),KATTAPOGU. VIJAY KUMAR,PYRAMID PARTY OF INDIA,lost,897
Bapatla,Bapatla (SC)(15),KONDRU KIRAN KUMAR,INDEPENDENT,lost,797
Bapatla,Bapatla (SC)(15),KATTA ANAND BABU,INDEPENDENT,lost,729
Bapatla,Bapatla (SC)(15),MERUGUPALA SADASIVA RAO,INDIA PRAJA BANDHU PARTY,lost,673
Bapatla,Bapatla (SC)(15),KATTA HEMANAND,INDEPENDENT,lost,549
Bapatla,Bapatla (SC)(15),PARRE. KOTAIAH,JAIBHIM RAO BHARAT PARTY,lost,412
Bapatla,Bapatla (SC)(15),PALADUG VIJENDRA RAO (BAHUJAN),LIBERATION CONGRESS PARTY,lost,306
Bapatla,Bapatla (SC)(15),CHINNAM MURALIDHAR,ALL PEOPLES PARTY,lost,255
Barabanki,Barabanki(53),TANUJ PUNIA,INDIAN NATIONAL CONGRESS,won,719927
Barabanki,Barabanki(53),RAJRANI RAWAT,BHARATIYA JANATA PARTY,lost,504223
Barabanki,Barabanki(53),SHIV KUMAR DOHAREY,BAHUJAN SAMAJ PARTY,lost,39177
Barabanki,Barabanki(53),NOTA,NONE OF THE ABOVE,nan,8221
Barabanki,Barabanki(53),BABOORAM,INDEPENDENT,lost,3669
Barabanki,Barabanki(53),RAMLAKHAN PASI,INDEPENDENT,lost,2928
Barabanki,Barabanki(53),MITHALESH KUMARI,INDEPENDENT,lost,2321
Barabanki,Barabanki(53),DEVATADEEN GAUTAM,INDEPENDENT,lost,2173
Barabanki,Barabanki(53),ASHA DEVI,SWATANTRATA ABHIVYAKTI PARTY,lost,2020
Barabanki,Barabanki(53),PROF. (DR.) RAM GHULAM RAZDAN,PUBLIC ADHIKAR SOCIALIST INDIAN PARTY,lost,1493
Barabanki,Barabanki(53),MAHENDRA KUMAR RAWAT,AWAMI SAMTA PARTY,lost,1190
Barabanki,Barabanki(53),OMKAR,INDEPENDENT,lost,1138
Barabanki,Barabanki(53),ADVOCATE SANTOSH RAWAT,DR. BHIMRAO AMBEDKAR DAL,lost,1078
Barabanki,Barabanki(53),PREMCHANDRA HARIJAN,SARDAR PATEL SIDDHANT PARTY,lost,1076
Baramati,Baramati(35),SUPRIYA SULE,NATIONALIST CONGRESS PARTY – SHARADCHANDRA PAWAR,won,732312
Baramati,Baramati(35),SUNETRA AJITDADA PAWAR,NATIONALIST CONGRESS PARTY,lost,573979
Baramati,Baramati(35),MAHESH SITARAM BHAGWAT,INDEPENDENT,lost,15663
Baramati,Baramati(35),SHAIKH SOYALSHAHA YUNUSSHAHA,INDEPENDENT,lost,14917
Baramati,Baramati(35),PRIYADARSHANI NANDKUMAR KOKARE,BAHUJAN SAMAJ PARTY,lost,10030
Baramati,Baramati(35),NOTA,NONE OF THE ABOVE,nan,9151
Baramati,Baramati(35),SACHIN SHANKAR AGAWANE,INDEPENDENT,lost,6633
Baramati,Baramati(35),KAMBLE TRISHALA,BAHUJAN SAMAJ PARTY (AMBEDKAR),lost,5036
Baramati,Baramati(35),SUNITA PAWAR,INDEPENDENT,lost,4151
Baramati,Baramati(35),GAJANAN UTTAM GAWALI (PATIL),INDEPENDENT,lost,2995
Baramati,Baramati(35),MANOJ BALASAHEB RASAL,INDEPENDENT,lost,2610
Baramati,Baramati(35),MAHADEV SAHEBRAO KHENGARE - PATIL,BHARTIYA NAVJAWAN SENA (PAKSHA),lost,2418
Baramati,Baramati(35),PRADEEP RAMCHANDRA MANE,INDEPENDENT,lost,2235
Baramati,Baramati(35),SHIVAJI JAYSING KOKRE,INDEPENDENT,lost,2164
Baramati,Baramati(35),PROF. NAMDEORAO JADHAV,INDEPENDENT,lost,2134
Baramati,Baramati(35),RAJENDRA PANDURANG BHOSALE,PEOPLE’S UNION PARTY,lost,2009
Baramati,Baramati(35),KALYANI SUJITKUMAR WAGHMODE,INDEPENDENT,lost,1975
Baramati,Baramati(35),DASHRATH NANA RAUT,BHARATIYA PRAJA SURAJYA PAKSHA,lost,1834
Baramati,Baramati(35),ANKUSH DNYANESHAWAR PILANE,INDEPENDENT,lost,1663
Baramati,Baramati(35),SANDIP ABAJI DEOKATE,INDEPENDENT,lost,1624
Baramati,Baramati(35),DATTATRAY RAMBHAU CHANDARE,INDEPENDENT,lost,1434
Baramati,Baramati(35),SHAILENDRA ALIAS SANDEEP KARANJAWANE,INDEPENDENT,lost,1392
Baramati,Baramati(35),SHUBHANGI DHAYGUDE,INDEPENDENT,lost,1292
Baramati,Baramati(35),DR. SOMNATH ALIAS BALASAHEB ARJUN POL,INDEPENDENT,lost,1169
Baramati,Baramati(35),ROHIDAS BALASO KONDAKE,BAHUJAN REPUBLICAN SOCIALIST PARTY,lost,1130
Baramati,Baramati(35),MILIND VITTHAL SHINDE,INDEPENDENT,lost,1099
Baramati,Baramati(35),SURESHDADA BABURAO VIR,INDEPENDENT,lost,1012
Baramati,Baramati(35),BAPU PRALHAD PAWAR,INDEPENDENT,lost,998
Baramati,Baramati(35),RAJENDRA MAHADEV BARAKADE,INDEPENDENT,lost,907
Baramati,Baramati(35),UMESH MAHADEV MHETRE,INDEPENDENT,lost,808
Baramati,Baramati(35),SHIVAJI RAMBHAU NANDKHILE,BHARATHEEYA JAWAN KISAN PARTY,lost,789
Baramati,Baramati(35),SHARAD RAM PAWAR,INDEPENDENT,lost,731
Baramati,Baramati(35),LAXMAN RAM KUMBHAR,DALIT SOSHIT PICHHARA VARG ADHIKAR DAL,lost,696
Baramati,Baramati(35),SHRIDHAR NARAYAN SALVE,BHIM SENA,lost,679
Baramati,Baramati(35),BALASO MARUTI DHAPATE,INDEPENDENT,lost,655
Baramati,Baramati(35),VIJAY LAXMAN GHAVALE,INDEPENDENT,lost,620
Baramati,Baramati(35),VISHAL ARUN PAWAR,INDEPENDENT,lost,553
Baramati,Baramati(35),SAVITA BHIMRAO KADALE,HINDUSTAN JANTA PARTY,lost,551
Baramati,Baramati(35),VIJAYPRAKASH ANANT KONDEKAR,INDEPENDENT,lost,301
Barasat,Barasat(17),KAKOLI GHOSH DASTIDAR,ALL INDIA TRINAMOOL CONGRESS,won,692010
Barasat,Barasat(17),SWAPAN MAJUMDER,BHARATIYA JANATA PARTY,lost,577821
Barasat,Barasat(17),TAPAS BANERJEE,ALL INDIA SECULAR FRONT,lost,121440
Barasat,Barasat(17),SANJIB CHATTERJEE,ALL INDIA FORWARD BLOC,lost,100000
Barasat,Barasat(17),NOTA,NONE OF THE ABOVE,nan,17892
Barasat,Barasat(17),SMRITIKANA HAOLADAR,BAHUJAN SAMAJ PARTY,lost,5787
Barasat,Barasat(17),SAIFUDDIN MONDAL,INDEPENDENT,lost,3827
Barasat,Barasat(17),SWAPAN MAJUMDAR,INDEPENDENT,lost,3085
Barasat,Barasat(17),S MUKHTAR AHMED,INDEPENDENT,lost,2647
Barasat,Barasat(17),SEFALI DEY,BHARATIYA NYAY-ADHIKAR RAKSHA PARTY,lost,2252
Barasat,Barasat(17),SADHAN GHOSH,SOCIALIST UNITY CENTRE OF INDIA (COMMUNIST),lost,2047
Barasat,Barasat(17),BIKASH SARKAR,MULNIBASI PARTY OF INDIA,lost,1929
Barasat,Barasat(17),MOHAN LAL ADHIKARY,INDEPENDENT,lost,1864
Bardhaman Purba,Bardhaman Purba(38),DR. SHARMILA SARKAR,ALL INDIA TRINAMOOL CONGRESS,won,720302
Bardhaman Purba,Bardhaman Purba(38),ASIM KUMAR SARKAR,BHARATIYA JANATA PARTY,lost,559730
Bardhaman Purba,Bardhaman Purba(38),NIRAB KHAN,COMMUNIST PARTY OF INDIA (MARXIST),lost,176899
Bardhaman Purba,Bardhaman Purba(38),NOTA,NONE OF THE ABOVE,nan,12697
Bardhaman Purba,Bardhaman Purba(38),NIRMAL MAJHI,SOCIALIST UNITY CENTRE OF INDIA (COMMUNIST),lost,10976
Bardhaman Purba,Bardhaman Purba(38),MUKUL BISWAS,BAHUJAN SAMAJ PARTY,lost,7631
Bardhaman Purba,Bardhaman Purba(38),SHARMILA SARKAR,INDEPENDENT,lost,4893
Bardhaman Purba,Bardhaman Purba(38),SAJAL KUMAR DE,COMMUNIST PARTY OF INDIA (MARXIST-LENINIST) (LIBERATION),lost,4182
Bardhaman-Durgapur,Bardhaman-Durgapur(39),AZAD KIRTI JHA,ALL INDIA TRINAMOOL CONGRESS,won,720667
Bardhaman-Durgapur,Bardhaman-Durgapur(39),DILIP GHOSH,BHARATIYA JANATA PARTY,lost,582686
Bardhaman-Durgapur,Bardhaman-Durgapur(39),SUKRITI GHOSAL,COMMUNIST PARTY OF INDIA (MARXIST),lost,153829
Bardhaman-Durgapur,Bardhaman-Durgapur(39),NOTA,NONE OF THE ABOVE,nan,21595
Bardhaman-Durgapur,Bardhaman-Durgapur(39),LUXMI NARAYAN KORA,INDEPENDENT,lost,7142
Bardhaman-Durgapur,Bardhaman-Durgapur(39),PRABHU NATH SAH,BAHUJAN SAMAJ PARTY,lost,6856
Bardhaman-Durgapur,Bardhaman-Durgapur(39),TASBIRUL ISLAM,SOCIALIST UNITY CENTRE OF INDIA (COMMUNIST),lost,3469
Bardhaman-Durgapur,Bardhaman-Durgapur(39),REENA LEONG,INDEPENDENT,lost,3111
Bardhaman-Durgapur,Bardhaman-Durgapur(39),MIR SAKIMUDDIN,THE NATIONAL ROAD MAP PARTY OF INDIA,lost,2418
Bardoli,Bardoli(23),PARBHUBHAI NAGARBHAI VASAVA,BHARATIYA JANATA PARTY,won,763950
Bardoli,Bardoli(23),CHAUDHARY SIDDHARTH AMARSINH,INDIAN NATIONAL CONGRESS,lost,533697
Bardoli,Bardoli(23),NOTA,NONE OF THE ABOVE,nan,25542
Bardoli,Bardoli(23),REKHABEN HARSINGBHAI CHAUDHARI,BAHUJAN SAMAJ PARTY,lost,16144
Bareilly,Bareilly(25),CHHATRA PAL SINGH GANGWAR,BHARATIYA JANATA PARTY,won,567127
Bareilly,Bareilly(25),PRAVEEN SINGH ARON,SAMAJWADI PARTY,lost,532323
Bareilly,Bareilly(25),NOTA,NONE OF THE ABOVE,nan,6260
Bareilly,Bareilly(25),IRSHAD ANSARI ADVOCATE,PEACE PARTY,lost,3553
Bareilly,Bareilly(25),WASEEM MIAN,INDEPENDENT,lost,2839
Bareilly,Bareilly(25),BHUPENDRA KUMAR MAURYA,PEOPLES PARTY OF INDIA (DEMOCRATIC),lost,1704
Bareilly,Bareilly(25),BUDDH PRIYA KARMRAJ RAHUL,INDEPENDENT,lost,1194
Bareilly,Bareilly(25),ROHTASH KASHYAP,JAN SHAKTI EKTA PARTY,lost,847
Bareilly,Bareilly(25),JAGPAL SINGH YADAV,SAMRAT MIHIR BHOJ SAMAJ PARTY,lost,656
Bareilly,Bareilly(25),MOHD NAJIM ALI,BHARAT JODO PARTY,lost,633
Bareilly,Bareilly(25),RAVI KUMAR,SARDAR PATEL SIDDHANT PARTY,lost,627
Bareilly,Bareilly(25),NITIN MOHAN,INDEPENDENT,lost,620
Bareilly,Bareilly(25),ASHISH GANGWAR,INDEPENDENT,lost,616
Bareilly,Bareilly(25),AYSHA BI,INDEPENDENT,lost,559
Bargarh,Bargarh(1),PRADEEP PUROHIT,BHARATIYA JANATA PARTY,won,716359
Bargarh,Bargarh(1),PARINITA MISHRA,BIJU JANATA DAL,lost,464692
Bargarh,Bargarh(1),SANJAY BHOI,INDIAN NATIONAL CONGRESS,lost,93551
Bargarh,Bargarh(1),NOTA,NONE OF THE ABOVE,nan,12541
Bargarh,Bargarh(1),JAYARAM BAGH,BAHUJAN SAMAJ PARTY,lost,9322
Bargarh,Bargarh(1),GNYANENDRA BEHERA,INDEPENDENT,lost,4563
Bargarh,Bargarh(1),DEVIKA SIKA,NATIONAL APNI PARTY,lost,4538
Bargarh,Bargarh(1),PRABHAT KUMAR DHARUA,INDEPENDENT,lost,4298
Barpeta,Barpeta(3),PHANI BHUSAN CHOUDHURY,ASOM GANA PARISHAD,won,860113
Barpeta,Barpeta(3),DEEP BAYAN,INDIAN NATIONAL CONGRESS,lost,637762
Barpeta,Barpeta(3),MANORANJAN TALUKDAR,COMMUNIST PARTY OF INDIA (MARXIST),lost,96138
Barpeta,Barpeta(3),NOTA,NONE OF THE ABOVE,nan,17117
Barpeta,Barpeta(3),ABUL KALAM AZAD,ALL INDIA TRINAMOOL CONGRESS,lost,16432
Barpeta,Barpeta(3),DEWAN MOHIBUL ISLAM,INDEPENDENT,lost,9941
Barpeta,Barpeta(3),SAMEJ UDDIN,BODOLAND PEOPLES FRONT,lost,9692
Barpeta,Barpeta(3),DULU AHMED,INDEPENDENT,lost,9338
Barpeta,Barpeta(3),MATIAR RAHMAN,INDEPENDENT,lost,7935
Barpeta,Barpeta(3),JAGANNATH RAY,INDEPENDENT,lost,5548
Barpeta,Barpeta(3),SHAJAHAN ALI KHAN,VOTERS PARTY INTERNATIONAL,lost,4448
Barpeta,Barpeta(3),AYNAL HAQUE,INDEPENDENT,lost,3192
Barpeta,Barpeta(3),CHITRALEKHA DAS,SOCIALIST UNITY CENTRE OF INDIA (COMMUNIST),lost,3131
Barpeta,Barpeta(3),AMZAD ALI,REPUBLICAN PARTY OF INDIA (ATHAWALE),lost,2679
Barpeta,Barpeta(3),ABUBAKKAR SIDDIQUE,RASHTRIYA ULAMA COUNCIL,lost,2477
Barrackpur,Barrackpur(15),PARTHA BHOWMICK,ALL INDIA TRINAMOOL CONGRESS,won,520231
Barrackpur,Barrackpur(15),ARJUN SINGH,BHARATIYA JANATA PARTY,lost,455793
Barrackpur,Barrackpur(15),DEBDUT GHOSH,COMMUNIST PARTY OF INDIA (MARXIST),lost,109564
Barrackpur,Barrackpur(15),MD JAMIR HOSSAIN,ALL INDIA SECULAR FRONT,lost,18806
Barrackpur,Barrackpur(15),NOTA,NONE OF THE ABOVE,nan,11082
Barrackpur,Barrackpur(15),ROHIT KUMAR PATHAK,INDEPENDENT,lost,7132
Barrackpur,Barrackpur(15),CHAPALA RAY (MAJUMDER),BAHUJAN SAMAJ PARTY,lost,3909
Barrackpur,Barrackpur(15),SHARMISTHA DAS,INDEPENDENT,lost,3634
Barrackpur,Barrackpur(15),ANJAN GOSWAMI,BHARATIYA NYAY-ADHIKAR RAKSHA PARTY,lost,3448
Barrackpur,Barrackpur(15),DHARMENDRA SINGH,INDEPENDENT,lost,2847
Barrackpur,Barrackpur(15),SANJAY SINGH,INDEPENDENT,lost,1676
Barrackpur,Barrackpur(15),DEBASISH BANERJEE,SOCIALIST UNITY CENTRE OF INDIA (COMMUNIST),lost,1434
Barrackpur,Barrackpur(15),KUNDAN SINGH,INDEPENDENT,lost,826
Barrackpur,Barrackpur(15),UDAY VEER CHOUDHURY,INDEPENDENT,lost,757
Barrackpur,Barrackpur(15),AMIT KUMAR CHOUBEY,INDEPENDENT,lost,721
Basirhat,Basirhat(18),SK NURUL ISLAM,ALL INDIA TRINAMOOL CONGRESS,won,803762
Basirhat,Basirhat(18),REKHA PATRA,BHARATIYA JANATA PARTY,lost,470215
Basirhat,Basirhat(18),AKHTAR RAHAMAN BISWAS,ALL INDIA SECULAR FRONT,lost,123500
Basirhat,Basirhat(18),NIRAPADA SARDAR,COMMUNIST PARTY OF INDIA (MARXIST),lost,77899
Basirhat,Basirhat(18),MAFIJUL MOLLA,INDEPENDENT,lost,11833
Basirhat,Basirhat(18),PRIYAMA DAS,INDEPENDENT,lost,6620
Basirhat,Basirhat(18),MIRAZ MOLLA,INDEPENDENT,lost,5902
Basirhat,Basirhat(18),NOTA,NONE OF THE ABOVE,nan,5248
Basirhat,Basirhat(18),MD ABUL KALAM MOLLA,BAHUJAN SAMAJ PARTY,lost,4464
Basirhat,Basirhat(18),BIDYUT GAYEN,INDEPENDENT,lost,3634
Basirhat,Basirhat(18),IMRAN ALI SARDAR,BHARATHEEYA JAWAN KISAN PARTY,lost,2553
Basirhat,Basirhat(18),PIYARUL ISLAM,INDEPENDENT,lost,2391
Basirhat,Basirhat(18),SARAVAN SINGH,INDEPENDENT,lost,2021
Basirhat,Basirhat(18),DAUD ALI GAZI,SOCIALIST UNITY CENTRE OF INDIA (COMMUNIST),lost,1167
Basirhat,Basirhat(18),KINKAR KANTI ROY,INDEPENDENT,lost,1118
Basirhat,Basirhat(18),BIPUL CHANDRA BISWAS,MULNIBASI PARTY OF INDIA,lost,1074
Basti,Basti(61),RAM PRASAD CHAUDHARY,SAMAJWADI PARTY,won,527005
Basti,Basti(61),HARISH CHANDRA ALIAS HARISH DWIVEDI,BHARATIYA JANATA PARTY,lost,426011
Basti,Basti(61),LAVKUSH PATEL,BAHUJAN SAMAJ PARTY,lost,103301
Basti,Basti(61),NOTA,NONE OF THE ABOVE,nan,7761
Basti,Basti(61),PANKAJ DUBEY,LOG PARTY,lost,4627
Basti,Basti(61),PREM KUMAR,MOULIK ADHIKAR PARTY,lost,3611
Basti,Basti(61),HAFIZ ALI,ALL INDIA FORWARD BLOC,lost,2988
Basti,Basti(61),RAM KARAN GAUTAM,INDEPENDENT,lost,2645
Basti,Basti(61),PRAMOD KUMAR,INDEPENDENT,lost,2557
Basti,Basti(61),SHAILENDRA KUMAR,BHARAT MAHAPARIVAR PARTY,lost,2364
Bathinda,Bathinda(11),HARSIMRAT KAUR BADAL,SHIROMANI AKALI DAL,won,376558
Bathinda,Bathinda(11),GURMEET SINGH KHUDIAN,AAM AADMI PARTY,lost,326902
Bathinda,Bathinda(11),JEETMOHINDER SINGH SIDHU,INDIAN NATIONAL CONGRESS,lost,202011
Bathinda,Bathinda(11),PARAMPAL KAUR SIDHU,BHARATIYA JANATA PARTY,lost,110762
Bathinda,Bathinda(11),LAKHVIR SINGH LAKHA SIDHANA,SHIROMANI AKALI DAL (AMRITSAR)(SIMRANJIT SINGH MANN),lost,84684
Bathinda,Bathinda(11),NIKKA SINGH,BAHUJAN SAMAJ PARTY,lost,13039
Bathinda,Bathinda(11),JAGJIWAN BALLI,INDEPENDENT,lost,5484
Bathinda,Bathinda(11),NOTA,NONE OF THE ABOVE,nan,4933
Bathinda,Bathinda(11),PARWINDER SINGH,INDEPENDENT,lost,4497
Bathinda,Bathinda(11),PALA RAM,INDEPENDENT,lost,3435
Bathinda,Bathinda(11),BHAGWANT SINGH SAMAON,INDEPENDENT,lost,3388
Bathinda,Bathinda(11),JASVIR SINGH BATHINDA,AAZAD SAMAJ PARTY (KANSHI RAM),lost,3145
Bathinda,Bathinda(11),GURMEET SINGH,INDEPENDENT,lost,3082
Bathinda,Bathinda(11),GURPREET SINGH URF PREET GHAINT,JAN SEWA DRIVER PARTY,lost,2628
Bathinda,Bathinda(11),GURBARN SINGH,INDEPENDENT,lost,1627
Bathinda,Bathinda(11),NAIB SINGH,BHARATHEEYA JAWAN KISAN PARTY,lost,1601
Bathinda,Bathinda(11),KULWANT SINGH,INDEPENDENT,lost,1182
Bathinda,Bathinda(11),AMANDEEP SINGH,INDEPENDENT,lost,1148
Bathinda,Bathinda(11),POONAM RANI,NATIONALIST JUSTICE PARTY,lost,1064
Beed,Beed(39),BAJRANG MANOHAR SONWANE,NATIONALIST CONGRESS PARTY – SHARADCHANDRA PAWAR,won,683950
Beed,Beed(39),PANKAJA GOPINATHRAO MUNDE,BHARATIYA JANATA PARTY,lost,677397
Beed,Beed(39),ASHOK BHAGOJI THORAT,BAHUJAN MAHA PARTY,lost,54850
Beed,Beed(39),ASHOK SUKHDEV HINGE,VANCHIT BAHUJAN AAGHADI,lost,50867
Beed,Beed(39),SHAIKH TOUSIF ABDUL SATTAR,INDEPENDENT,lost,9472
Beed,Beed(39),DR. SIDDHARTH RAJENDRA TAKANKAR,BAHUJAN SAMAJ PARTY,lost,5111
Beed,Beed(39),SHAMSHER KHAN SAHEB KHAN PATHAN,INDEPENDENT,lost,4704
Beed,Beed(39),JAVED SIKANDAR MOMIN,INDEPENDENT,lost,2662
Beed,Beed(39),NAZEM KHAN JABBAR KHAN PATHAN,INDEPENDENT,lost,2586
Beed,Beed(39),GOKUL BAPURAO SAWASE,INDEPENDENT,lost,2577
Beed,Beed(39),GAFFARKHAN JABBARKHAN PATHAN,INDEPENDENT,lost,2563
Beed,Beed(39),DATTA SUDAM GAIKWAD,INDEPENDENT,lost,2130
Beed,Beed(39),SATISH PADMAKAR KAPSE,INDEPENDENT,lost,2099
Beed,Beed(39),NOTA,NONE OF THE ABOVE,nan,2087
Beed,Beed(39),KARUNA DHANANJAY MUNDE,SWARAJYA SHAKTI SENA,lost,1599
Beed,Beed(39),DR. SHRIRAM VITTHALRAO KHALGE,INDEPENDENT,lost,1512
Beed,Beed(39),ADV. GANESH NAVNATHRAO KARANDE,INDEPENDENT,lost,1508
Beed,Beed(39),SHITAL SHIVAJI DHONDRE,INDEPENDENT,lost,1303
Beed,Beed(39),SHAIKH YASHED SHAIKH TAYYAB,INDEPENDENT,lost,1258
Beed,Beed(39),JAWED SALEEM SYED,TIPU SULTAN PARTY,lost,978
Beed,Beed(39),PRAKASH BHAGWANRAO SOLANKE,INDEPENDENT,lost,886
Beed,Beed(39),CHANDRAKANT KUMAR HAJARE,MAHARASHTRA VIKAS AGHADI,lost,803
Beed,Beed(39),SALAUDDIN KHAN PATHAN,INDEPENDENT,lost,724
Beed,Beed(39),KASPATE GANESH VYANKATRAO,INDEPENDENT,lost,719
Beed,Beed(39),MUBEEN ZUBERI ZAHEER UL AFAQUE,INDEPENDENT,lost,676
Beed,Beed(39),WASIM SHAIKH SALIM SHAIKH,INDEPENDENT,lost,580
Beed,Beed(39),SHAIKH EJAJ SHAIKH UMAR,INDEPENDENT,lost,550
Beed,Beed(39),SHESHERAO CHOKHOBA VEER,PRABUDDHA REPUBLICAN PARTY,lost,537
Beed,Beed(39),TATE MAHENDRA ASHOK,AMBEDKARIST REPUBLICAN PARTY,lost,533
Beed,Beed(39),MUSTAFA MAINODDIN SHAIKH,INDEPENDENT,lost,531
Beed,Beed(39),SULEMAN KHAIRODDIN MOHMMAD,INDEPENDENT,lost,522
Beed,Beed(39),HIDAYAT SADEKH ALI SYED,INDEPENDENT,lost,448
Beed,Beed(39),RAJENDRA ACHYUTRAO HOKE,INDEPENDENT,lost,427
Beed,Beed(39),ADV. MANIK BANSI AADMANE,BAHUJAN REPUBLICAN SOCIALIST PARTY,lost,426
Beed,Beed(39),VACHISHT UDDHAV KUTE,INDEPENDENT,lost,414
Beed,Beed(39),ADV. SHARAD BAHINAJI KAMBLE,ALL INDIA NATIONAL RAKSHA SENA,lost,396
Beed,Beed(39),BHASKAR BANSIDHARRAO KHANDE,INDEPENDENT,lost,390
Beed,Beed(39),RAHEMAN BAHODDIN SAYYED,INDEPENDENT,lost,384
Beed,Beed(39),LAXMIBAI BAJIRAO MORE,INDEPENDENT,lost,382
Beed,Beed(39),SYED MINHAJ ALI,INDEPENDENT,lost,310
Beed,Beed(39),SALIM ALLABAKSHA SAYYAD,INDEPENDENT,lost,238
Beed,Beed(39),SADEK IBRAHIM SHAIKH,INDEPENDENT,lost,206
Begusarai,Begusarai(24),GIRIRAJ SINGH,BHARATIYA JANATA PARTY,won,649331
Begusarai,Begusarai(24),ABDHESH KUMAR ROY,COMMUNIST PARTY OF INDIA,lost,567851
Begusarai,Begusarai(24),NOTA,NONE OF THE ABOVE,nan,22382
Begusarai,Begusarai(24),INDRAJEET KUMAR ROY,INDEPENDENT,lost,12953
Begusarai,Begusarai(24),RAJNISH KUMAR MUKHIYA,RASHTRIYA JANSAMBHAVNA PARTY,lost,10872
Begusarai,Begusarai(24),ADV CHANDAN KUMAR DAS,BAHUJAN SAMAJ PARTY,lost,8453
Begusarai,Begusarai(24),RAM BADAN RAI,KARPOORI JANTA DAL,lost,6644
Begusarai,Begusarai(24),MD SHAHNAWAZ HASSAN,INDEPENDENT,lost,6152
Begusarai,Begusarai(24),ARUN KUMAR,INDEPENDENT,lost,4045
Begusarai,Begusarai(24),RAJ KUMAR SAH,AKHIL BHARTIYA PARIVAR PARTY,lost,3350
Begusarai,Begusarai(24),RAMUDGAR,SOCIALIST UNITY CENTRE OF INDIA (COMMUNIST),lost,2640
Belgaum,Belgaum(2),JAGADISH SHETTAR,BHARATIYA JANATA PARTY,won,762029
Belgaum,Belgaum(2),MRINAL R HEBBALKAR,INDIAN NATIONAL CONGRESS,lost,583592
Belgaum,Belgaum(2),MAHADEV PATIL,INDEPENDENT,lost,9503
Belgaum,Belgaum(2),NOTA,NONE OF THE ABOVE,nan,5726
Belgaum,Belgaum(2),BASAPPA GURUSIDDAPPA KUMBAR,KARNATAKA RASHTRA SAMITHI,lost,5441
Belgaum,Belgaum(2),ASHOK APPAYA APPUGOL,BAHUJAN SAMAJ PARTY,lost,4407
Belgaum,Belgaum(2),RAVI SHIVAPPA PADASALAGI,INDEPENDENT,lost,3926
Belgaum,Belgaum(2),VIJAY S METHRANI,INDEPENDENT,lost,2808
Belgaum,Belgaum(2),PRAJAAKEEYA MALLAPPA CHOGALA (PREM),UTTAMA PRAJAAKEEYA PARTY,lost,1433
Belgaum,Belgaum(2),NITIN ASHOK MHADAGUT,INDEPENDENT,lost,1310
Belgaum,Belgaum(2),LAXMAN JADAGANNAVAR,SOCIALIST UNITY CENTRE OF INDIA (COMMUNIST),lost,1302
Belgaum,Belgaum(2),PUNDALIK ITNAL,INDEPENDENT,lost,1099
Belgaum,Belgaum(2),ASHOK P HANAJI,INDEPENDENT,lost,679
Belgaum,Belgaum(2),ASHPAKAHMAD USTAD,INDEPENDENT,lost,634
Bellary,Bellary(9),E. TUKARAM,INDIAN NATIONAL CONGRESS,won,730845
Bellary,Bellary(9),B. SREERAMULU,BHARATIYA JANATA PARTY,lost,631853
Bellary,Bellary(9),NOTA,NONE OF THE ABOVE,nan,7889
Bellary,Bellary(9),VALMIKI KRISHNAPPA,BAHUJAN SAMAJ PARTY,lost,5911
Bellary,Bellary(9),C. CHANNAVEERA,KARNATAKA RASHTRA SAMITHI,lost,3797
Bellary,Bellary(9),CONDUCTOR PAMPAPATHI,INDEPENDENT,lost,2460
Bellary,Bellary(9),VEERESH,INDEPENDENT,lost,1870
Bellary,Bellary(9),A. DEVADAS,SOCIALIST UNITY CENTRE OF INDIA (COMMUNIST),lost,1741
Bellary,Bellary(9),MANJUNATHA GOSAL,PRAHAR JANSHAKTI PARTY,lost,1322
Bellary,Bellary(9),ARUN.S.HIREHAL,INDEPENDENT,lost,1282
Bellary,Bellary(9),G. SWAMY,NAVABHARATH SENA,lost,944
Berhampur,Berhampur(20),DR. PRADEEP KUMAR PANIGRAHY,BHARATIYA JANATA PARTY,won,513102
Berhampur,Berhampur(20),BHRUGU BAXIPATRA,BIJU JANATA DAL,lost,347626
Berhampur,Berhampur(20),RASMI RANJAN PATNAIK,INDIAN NATIONAL CONGRESS,lost,129744
Berhampur,Berhampur(20),NOTA,NONE OF THE ABOVE,nan,15942
Berhampur,Berhampur(20),V CHANDRA SHEKHAR,INDEPENDENT,lost,8379
Berhampur,Berhampur(20),BHASKAR CHAUDHORY,BAHUJAN SAMAJ PARTY,lost,5211
Berhampur,Berhampur(20),SOMANATH BEHERA,SOCIALIST UNITY CENTRE OF INDIA (COMMUNIST),lost,5135
Berhampur,Berhampur(20),SIRIN TAMMANA,INDEPENDENT,lost,5078
Berhampur,Berhampur(20),BOMMALI KANTA RAO,NABA BHARATA NIRMANA SEVA PARTY,lost,4201
Berhampur,Berhampur(20),RAM SANKAR SATAPATHY,INDEPENDENT,lost,3871
Berhampur,Berhampur(20),RAJENDRA DALABEHERA,BHARATIYA BIKASH PARISHAD,lost,2343
Berhampur,Berhampur(20),SANTOSH KUMAR SAHU,ALL INDIA FORWARD BLOC,lost,2291
Bhadohi,Bhadohi(78),DR. VINOD KUMAR BIND,BHARATIYA JANATA PARTY,won,459982
Bhadohi,Bhadohi(78),LALITESHPATI TRIPATHI,ALL INDIA TRINAMOOL CONGRESS,lost,415910
Bhadohi,Bhadohi(78),HARISHANKAR,BAHUJAN SAMAJ PARTY,lost,155053
Bhadohi,Bhadohi(78),PREMCHAND BIND,PRAGATISHEEL MANAV SAMAJ PARTY,lost,13689
Bhadohi,Bhadohi(78),NOTA,NONE OF THE ABOVE,nan,11229
Bhadohi,Bhadohi(78),RAJ NARAYAN PATEL,SARDAR PATEL SIDDHANT PARTY,lost,6206
Bhadohi,Bhadohi(78),RAM PRAKASH MISHRA,RASHTRIYA SAMAJ PAKSHA,lost,5270
Bhadohi,Bhadohi(78),SUSHIL,ALL INDIA FORWARD BLOC,lost,5261
Bhadohi,Bhadohi(78),DR. SHYAMDHAR TIWARI,INDEPENDENT,lost,4848
Bhadohi,Bhadohi(78),KRISHNA DEV,RASHTRA UDAY PARTY,lost,4597
Bhadohi,Bhadohi(78),DHIRENDRA KUMAR TIWARI,INDEPENDENT,lost,2948
Bhadrak,Bhadrak(7),AVIMANYU SETHI,BHARATIYA JANATA PARTY,won,573319
Bhadrak,Bhadrak(7),MANJULATA MANDAL,BIJU JANATA DAL,lost,481775
Bhadrak,Bhadrak(7),ANANTA PRASAD SETHI,INDIAN NATIONAL CONGRESS,lost,221874
Bhadrak,Bhadrak(7),NOTA,NONE OF THE ABOVE,nan,5478
Bhadrak,Bhadrak(7),KIRTAN BIHARI MALIK,SOCIALIST UNITY CENTRE OF INDIA (COMMUNIST),lost,4880
Bhadrak,Bhadrak(7),ADV. ARJUN CHARAN MALLIK,BAHUJAN SAMAJ PARTY,lost,3604
Bhadrak,Bhadrak(7),ANJAN DAS,AMBEDKARITE PARTY OF INDIA,lost,3517
Bhadrak,Bhadrak(7),BASANTA KUMAR MAHALIK,INDEPENDENT,lost,1530
Bhadrak,Bhadrak(7),SARBESWAR BEHERA,INDEPENDENT,lost,1400
Bhagalpur,Bhagalpur(26),AJAY KUMAR MANDAL,JANATA DAL (UNITED),won,536031
Bhagalpur,Bhagalpur(26),AJEET SHARMA,INDIAN NATIONAL CONGRESS,lost,431163
Bhagalpur,Bhagalpur(26),NOTA,NONE OF THE ABOVE,nan,31803
Bhagalpur,Bhagalpur(26),POONAM SINGH,BAHUJAN SAMAJ PARTY,lost,12646
Bhagalpur,Bhagalpur(26),HARERAM YADAV,INDEPENDENT,lost,12258
Bhagalpur,Bhagalpur(26),DEEPAK KUMAR SINGH,RASHTRIYA JANSAMBHAVNA PARTY,lost,7670
Bhagalpur,Bhagalpur(26),CHHOTE LAL KUMAR,INDEPENDENT,lost,6683
Bhagalpur,Bhagalpur(26),RAMESH TUDU,INDEPENDENT,lost,6634
Bhagalpur,Bhagalpur(26),UMESH PRASAD YADAV,PEOPLES PARTY OF INDIA (DEMOCRATIC),lost,5126
Bhagalpur,Bhagalpur(26),DEEPAK KUMAR,SOCIALIST UNITY CENTRE OF INDIA (COMMUNIST),lost,3763
Bhagalpur,Bhagalpur(26),MUKESH KUMAR,AKHIL BHARTIYA PARIVAR PARTY,lost,3681
Bhagalpur,Bhagalpur(26),DAYARAM MANDAL,LOK SEWA DAL,lost,3519
Bhagalpur,Bhagalpur(26),OM PRAKASH PODDAR,INDEPENDENT,lost,3104
Bhandara Gondiya,Bhandara Gondiya(11),DR. PRASHANT YADAORAO PADOLE,INDIAN NATIONAL CONGRESS,won,587413
Bhandara Gondiya,Bhandara Gondiya(11),SUNIL BABURAO MENDHE,BHARATIYA JANATA PARTY,lost,550033
Bhandara Gondiya,Bhandara Gondiya(11),KUMBHALKAR SANJAY BHAIYY,BAHUJAN SAMAJ PARTY,lost,25462
Bhandara Gondiya,Bhandara Gondiya(11),SANJAY GAJANAN KEWAT,VANCHIT BAHUJAN AAGHADI,lost,24858
Bhandara Gondiya,Bhandara Gondiya(11),SEWAKBHAU NIRDHAN WAGHAYE,INDEPENDENT,lost,13103
Bhandara Gondiya,Bhandara Gondiya(11),NOTA,NONE OF THE ABOVE,nan,10268
Bhandara Gondiya,Bhandara Gondiya(11),AJAYKUMAR BHARTIYA,AKHIL BHARTIYA PARIVAR PARTY,lost,4057
Bhandara Gondiya,Bhandara Gondiya(11),SUMIT VIJAY PANDE,INDEPENDENT,lost,3719
Bhandara Gondiya,Bhandara Gondiya(11),VIRENDRAKUMAR KASTURCHAND JAISWAL,INDEPENDENT,lost,2389
Bhandara Gondiya,Bhandara Gondiya(11),DEVILAL SUKHRAM NEPALE,PEOPLES PARTY OF INDIA (DEMOCRATIC),lost,2009
Bhandara Gondiya,Bhandara Gondiya(11),DR. AKASH MADHUKAR JIBHAKATE,INDEPENDENT,lost,1981
Bhandara Gondiya,Bhandara Gondiya(11),VILAS BABURAO LENDE,LOK SWARAJYA PARTY,lost,1649
Bhandara Gondiya,Bhandara Gondiya(11),VILAS JIYALAL RAUT,INDEPENDENT,lost,1616
Bhandara Gondiya,Bhandara Gondiya(11),BENIRAM RAMCHAND FULBANDHE,INDEPENDENT,lost,1497
Bhandara Gondiya,Bhandara Gondiya(11),PRADEEP DHOBALE,INDEPENDENT,lost,1196
Bhandara Gondiya,Bhandara Gondiya(11),SURYAKIRAN ISHWAR NANDAGAWALI,INDEPENDENT,lost,1162
Bhandara Gondiya,Bhandara Gondiya(11),ITWALE SHARAD MARTAND,INDEPENDENT,lost,1028
Bhandara Gondiya,Bhandara Gondiya(11),TULSIRAM URKUDA GEDAM,INDEPENDENT,lost,842
Bhandara Gondiya,Bhandara Gondiya(11),CHAITRAM DASHARATH KOKASE,INDEPENDENT,lost,791
Bharuch,Bharuch(22),MANSUKHBHAI DHANJIBHAI VASAVA,BHARATIYA JANATA PARTY,won,608157
Bharuch,Bharuch(22),CHAITARBHAI DAMJIBHAI VASAVA,AAM AADMI PARTY,lost,522461
Bharuch,Bharuch(22),NOTA,NONE OF THE ABOVE,nan,23283
Bharuch,Bharuch(22),DILIPBHAI CHHOTUBHAI VASAVA,BHARAT ADIVASI PARTY,lost,10014
Bharuch,Bharuch(22),SAJID YAKUB MUNSHI,INDEPENDENT,lost,9937
Bharuch,Bharuch(22),VASAVA CHETANBHAI KANJIBHAI,BAHUJAN SAMAJ PARTY,lost,6324
Bharuch,Bharuch(22),NAVINBHAI BHIKHABHAI PATEL,INDEPENDENT,lost,3453
Bharuch,Bharuch(22),YUSUF VALI HASANALI,INDEPENDENT,lost,3247
Bharuch,Bharuch(22),GITABEN MANUBHAI MACHHI,MALWA CONGRESS,lost,2764
Bharuch,Bharuch(22),MITESHBHAI THAKORBHAI PADHIYAR,INDEPENDENT,lost,2459
Bharuch,Bharuch(22),MIRZA AABIDBEG YASINBEG,INDEPENDENT,lost,2050
Bharuch,Bharuch(22),ISMAIL AHMAD PATEL,INDEPENDENT,lost,1902
Bharuch,Bharuch(22),NARAYANBHAI LILADHARJI RAVAL,INDEPENDENT,lost,1583
Bharuch,Bharuch(22),DHARMESHKUMAR VISHNUBHAI VASAVA,INDEPENDENT,lost,1330
Bhavnagar,Bhavnagar(15),NIMUBEN JAYANTIBHAI BAMBHANIYA (NIMUBEN BAMBHANIYA),BHARATIYA JANATA PARTY,won,716883
Bhavnagar,Bhavnagar(15),UMESHBHAI NARANBHAI MAKWANA,AAM AADMI PARTY,lost,261594
Bhavnagar,Bhavnagar(15),NOTA,NONE OF THE ABOVE,nan,18765
Bhavnagar,Bhavnagar(15),RATHOD DINESHBHAI LAKHABHAI,BAHUJAN SAMAJ PARTY,lost,10130
Bhavnagar,Bhavnagar(15),ANILBHAI NARENDRABHAI CHAVDA,SWATANTRATA ABHIVYAKTI PARTY,lost,7619
Bhavnagar,Bhavnagar(15),PARMAR RAJESHKUMAR PREMJIBHAI,NEW INDIA UNITED PARTY,lost,6493
Bhavnagar,Bhavnagar(15),KALANIYA SAGARBHAI POPATBHAI,AAPKI AWAAZ PARTY,lost,6087
Bhavnagar,Bhavnagar(15),SANJAYBHAI MAGANBHAI MAKAWANA,INDEPENDENT,lost,4153
Bhavnagar,Bhavnagar(15),HARSH GOKLANI,INDEPENDENT,lost,3634
Bhavnagar,Bhavnagar(15),SHRI MULSHANKARBHAI RAGHURAMBHAI CHAUHAN,INDEPENDENT,lost,3406
Bhavnagar,Bhavnagar(15),SHRI TIDABHAI DEVSHIBHAI,GUJARAT SARVA SAMAJ PARTY,lost,2685
Bhavnagar,Bhavnagar(15),BHUPATBHAI MOHANBHAI VALA,RIGHT TO RECALL PARTY,lost,2394
Bhavnagar,Bhavnagar(15),NARESHBHAI NARANBHAI RATHOD,INDEPENDENT,lost,1765
Bhavnagar,Bhavnagar(15),BRAHMAKSHTRIYA BHAGVATIBEN KHETSINH,INDEPENDENT,lost,1624
Bhiwandi,Bhiwandi(23),BALYA MAMA - SURESH GOPINATH MHATRE,NATIONALIST CONGRESS PARTY – SHARADCHANDRA PAWAR,won,499464
Bhiwandi,Bhiwandi(23),KAPIL MORESHWAR PATIL,BHARATIYA JANATA PARTY,lost,433343
Bhiwandi,Bhiwandi(23),NILESH BHAGWAN SAMBARE,INDEPENDENT,lost,231417
Bhiwandi,Bhiwandi(23),KANCHAN VINAYAK VAKHARE,NEW RASHTRIYA SAMAJ PARTY,lost,24625
Bhiwandi,Bhiwandi(23),NOTA,NONE OF THE ABOVE,nan,9347
Bhiwandi,Bhiwandi(23),TARA PINTYA WAGHE,INDEPENDENT,lost,6908
Bhiwandi,Bhiwandi(23),MUMATAZ ABDULSATTAR ANSARI,BAHUJAN SAMAJ PARTY,lost,6822
Bhiwandi,Bhiwandi(23),MANISHA SANTOSH GONDHALE,INDEPENDENT,lost,5120
Bhiwandi,Bhiwandi(23),MANOJ GOVAR TURE,INDEPENDENT,lost,4897
Bhiwandi,Bhiwandi(23),JAHID MURABTAR ANSARI,INDEPENDENT,lost,4882
Bhiwandi,Bhiwandi(23),CHANDRAKANT RAMBHAJI MOTE,INDEPENDENT,lost,3433
Bhiwandi,Bhiwandi(23),RAHUL ASHOK KATHOLE,INDEPENDENT,lost,3135
Bhiwandi,Bhiwandi(23),ASHOK BHIKU BAHADARE,SANYUKT BHARAT PAKSH,lost,2047
Bhiwandi,Bhiwandi(23),SURESH PANDAGALE,APNI PRAJAHIT PARTY,lost,2013
Bhiwandi,Bhiwandi(23),MILIND KASHINATH KAMBLE,INDEPENDENT,lost,1861
Bhiwandi,Bhiwandi(23),KHAN MOHD AKARAM ABDUL HANAN,ALL INDIA MAJLIS-E-ITTEHADUL MUSLIMEEN,lost,1741
Bhiwandi,Bhiwandi(23),DANISH EZAZ AH. SHAIKH,BAHUJAN MAHA PARTY,lost,1586
Bhiwandi,Bhiwandi(23),HARSHAD RAMESH MHATRE,INDEPENDENT,lost,1568
Bhiwandi,Bhiwandi(23),MUTKIRI SHANKAR NAGESH,INDEPENDENT,lost,1445
Bhiwandi,Bhiwandi(23),KAPIL JAYHIND PATIL,INDEPENDENT,lost,1242
Bhiwandi,Bhiwandi(23),SAIFAN CHAND PATHAN,BHARTIYA MANAVTA PARTY,lost,1189
Bhiwandi,Bhiwandi(23),RANJANA RAVI TRIBHUWAN,INDEPENDENT,lost,1085
Bhiwandi,Bhiwandi(23),MOHD. KALEEM ANSARI,PEOPLES PARTY OF INDIA (DEMOCRATIC),lost,937
Bhiwandi,Bhiwandi(23),WASEEM TUFAIL SIDDIQUI,INDEPENDENT,lost,805
Bhiwandi,Bhiwandi(23),SURESH SITARAM MHATRE,INDEPENDENT,lost,707
Bhiwandi,Bhiwandi(23),SONALI ASHOK GANGAWANE,INDEPENDENT,lost,698
Bhiwandi,Bhiwandi(23),AAPPA - VISHAL VIJAY MORE,INDEPENDENT,lost,601
Bhiwandi,Bhiwandi(23),PROF. AMEERUL HASAN SAYYED,INDEPENDENT,lost,481
Bhongir,Bhongir (14),CHAMALA KIRAN KUMAR REDDY,INDIAN NATIONAL CONGRESS,won,629143
Bhongir,Bhongir (14),DR. BOORA NARSAIAH GOUD,BHARATIYA JANATA PARTY,lost,406973
Bhongir,Bhongir (14),KYAMA MALLESH,BHARAT RASHTRA SAMITHI,lost,256187
Bhongir,Bhongir (14),MAHAMD JAHANGIR,COMMUNIST PARTY OF INDIA (MARXIST),lost,28730
Bhongir,Bhongir (14),RAMESH GOUD THALLAPELLY,ALLIANCE OF DEMOCRATIC REFORMS PARTY,lost,8146
Bhongir,Bhongir (14),AITARAJU ABENDER,BAHUJAN SAMAJ PARTY,lost,7769
Bhongir,Bhongir (14),ASURA BALU,INDEPENDENT,lost,5750
Bhongir,Bhongir (14),PULIGILLA BIXAPATHI YADAV,NATIONAL NAVA KRANTHI PARTY,lost,4718
Bhongir,Bhongir (14),BUSHIPAKA VENKATAIAH,INDEPENDENT,lost,4675
Bhongir,Bhongir (14),NOTA,NONE OF THE ABOVE,nan,4646
Bhongir,Bhongir (14),POOSA SRINIVAS,TELANGANA RASHTRA PUNAHNIRMANA SAMITHI,lost,4433
Bhongir,Bhongir (14),NARENDRAA VEMULA,JAI SWARAJ PARTY,lost,4304
Bhongir,Bhongir (14),KONGARI LINGA SWAMY,DHARMA SAMAJ PARTY,lost,4093
Bhongir,Bhongir (14),TARIGOPPULA MAHENDER,SOCIAL JUSTICE PARTY OF INDIA,lost,3089
Bhongir,Bhongir (14),KARINGULA YADAGIRI,INDEPENDENT,lost,2612
Bhongir,Bhongir (14),BETHI NARENDER,INDEPENDENT,lost,2168
Bhongir,Bhongir (14),M. GANESH,PYRAMID PARTY OF INDIA,lost,2010
Bhongir,Bhongir (14),MALLEBOINA PARAMESH YADAV,INDEPENDENT,lost,1897
Bhongir,Bhongir (14),LINGIDI. VENKATESWARLU,PRAJAVANI PARTY,lost,1792
Bhongir,Bhongir (14),V. SADANANDA REDDY,PEOPLE PROTECTION PARTY,lost,1737
Bhongir,Bhongir (14),DHERAVATH GOPI NAIK,JAI MAHA BHARATH PARTY,lost,1682
Bhongir,Bhongir (14),PENTA RAMESH,INDEPENDENT,lost,1647
Bhongir,Bhongir (14),RACHA SUBHADRA REDDY,SOCIALIST PARTY (INDIA),lost,1465
Bhongir,Bhongir (14),VARIKUPPALA. KRISHNA VADDERA,INDEPENDENT,lost,1366
Bhongir,Bhongir (14),BASHABOINA LAKSHMAIAH,INDEPENDENT,lost,1320
Bhongir,Bhongir (14),NUNE VENKAT SWAMY,INDEPENDENT,lost,923
Bhongir,Bhongir (14),NARRI. SWAMY KURUMA,INDEPENDENT,lost,898
Bhongir,Bhongir (14),JANGA. SUJATHANAVEEN REDDY,INDEPENDENT,lost,847
Bhongir,Bhongir (14),ERRA SURYAM,VIDUTHALAI CHIRUTHAIGAL KATCHI,lost,778
Bhongir,Bhongir (14),"KONGARI, MALLAIAH",INDEPENDENT,lost,633
Bhongir,Bhongir (14),DR : MORIGADI KRISHNA,INDEPENDENT,lost,617
Bhongir,Bhongir (14),KANDE. RAMARAJU,INDEPENDENT,lost,579
Bhongir,Bhongir (14),KOTHOJU SRINIVASU,NATIONAL MAHA SABHA PARTY,lost,569
Bhongir,Bhongir (14),AMIREDDY KIRAN REDDY,INDEPENDENT,lost,541
Bhongir,Bhongir (14),CHANDU NAYAK MEGAVATH,INDEPENDENT,lost,502
Bhongir,Bhongir (14),KADIRE KIRAN KUMAR,BAHUJAN REPUBLICAN SOCIALIST PARTY,lost,478
Bhongir,Bhongir (14),KARUNAKAR REDDY NALLA,JAI BHARAT NATIONAL PARTY,lost,447
Bhongir,Bhongir (14),KANDADI. MANIPAL REDDY,TELANGANA REPUBLICAN PARTY,lost,433
Bhongir,Bhongir (14),UDARI MALLESH,INDEPENDENT,lost,406
Bhongir,Bhongir (14),ANIL KUMAR GADEPAKA,INDEPENDENT,lost,393
Bhubaneswar,Bhubaneswar(18),APARAJITA SARANGI,BHARATIYA JANATA PARTY,won,512519
Bhubaneswar,Bhubaneswar(18),MANMATH KUMAR ROUTRAY,BIJU JANATA DAL,lost,477367
Bhubaneswar,Bhubaneswar(18),SYED YASHIR NAWAZ,INDIAN NATIONAL CONGRESS,lost,66362
Bhubaneswar,Bhubaneswar(18),NOTA,NONE OF THE ABOVE,nan,8302
Bhubaneswar,Bhubaneswar(18),SURESH CHANDRA PANIGRAHY,COMMUNIST PARTY OF INDIA (MARXIST),lost,4148
Bhubaneswar,Bhubaneswar(18),HULAS SENAPATI,INDEPENDENT,lost,2251
Bhubaneswar,Bhubaneswar(18),KISHOR KUMAR SUTAR,INDEPENDENT,lost,2203
Bhubaneswar,Bhubaneswar(18),SUDHANSU SEKHAR DAS,INDEPENDENT,lost,1758
Bhubaneswar,Bhubaneswar(18),SANTOSH KUMAR MISHRA,INDEPENDENT,lost,1744
Bhubaneswar,Bhubaneswar(18),SANGEETA PATTANAIK,ODISHA JANATA PARTY,lost,1530
Bhubaneswar,Bhubaneswar(18),PRADEEP KUMAR SAHOO,KALINGA SENA,lost,1503
Bhubaneswar,Bhubaneswar(18),SANTILATA ROUT,SUPREME ZERO PARTY OF BHARAT,lost,1441
Bhubaneswar,Bhubaneswar(18),NATABAR MAHARANA,BHARATIYA BIKASH PARISHAD,lost,1087
Bidar,Bidar(7),SAGAR ESHWAR KHANDRE,INDIAN NATIONAL CONGRESS,won,666317
Bidar,Bidar(7),BHAGWANTH KHUBA,BHARATIYA JANATA PARTY,lost,537442
Bidar,Bidar(7),AMBADAS SOPANRAO HULSURE,BAHUJAN BHARAT PARTY,lost,5302
Bidar,Bidar(7),NOTA,NONE OF THE ABOVE,nan,4686
Bidar,Bidar(7),PUTARAJ,BAHUJAN SAMAJ PARTY,lost,4554
Bidar,Bidar(7),DR. DINKAR MORE,INDEPENDENT,lost,4116
Bidar,Bidar(7),SRI ROPH ABDUL GANI,INDEPENDENT,lost,3104
Bidar,Bidar(7),SHIVRAJ ADIVEPPA SATWAR,INDEPENDENT,lost,3079
Bidar,Bidar(7),RAMVILAS RAMULALJI NAVANDAR,INDEPENDENT,lost,2694
Bidar,Bidar(7),RIYAZ AHMED,INDEPENDENT,lost,1711
Bidar,Bidar(7),MOHD. SHAFEEQ UR RAHAMAN,ALL INDIA ULAMA CONGRESS,lost,1694
Bidar,Bidar(7),JAIRAJ KASHAPPA BUKKA ADVOCATE,INDEPENDENT,lost,1493
Bidar,Bidar(7),BALBHEEM UNNE,INDEPENDENT,lost,1470
Bidar,Bidar(7),WASEEMUDDIN,INDEPENDENT,lost,1170
Bidar,Bidar(7),MAHESH GORNALKAR,REPUBLICAN PARTY OF INDIA (A),lost,981
Bidar,Bidar(7),DILIP KADWAD,INDEPENDENT,lost,798
Bidar,Bidar(7),GOPAL M.P. GARAMPALLI,INDEPENDENT,lost,767
Bidar,Bidar(7),RAMESH J CHAVAN,KARNATAKA RASHTRA SAMITHI,lost,472
Bidar,Bidar(7),RAMCHANDRA NARAYAN KACHAVE,KRANTI KARI JAI HIND SENA,lost,472
Bijapur,Bijapur(4),RAMESH JIGAJINAGI,BHARATIYA JANATA PARTY,won,672781
Bijapur,Bijapur(4),RAJU ALAGUR.,INDIAN NATIONAL CONGRESS,lost,595552
Bijapur,Bijapur(4),GANAPATI RATHOD (HANJAGI),KARNATAKA RASHTRA SAMITHI,lost,7691
Bijapur,Bijapur(4),NOTA,NONE OF THE ABOVE,nan,7502
Bijapur,Bijapur(4),BHOVI TARABAI,INDEPENDENT,lost,4353
Bijapur,Bijapur(4),RAMJI YAMANAPPA BUDDHAPRIYA,NAKI BHARATIYA EKTA PARTY,lost,2426
Bijapur,Bijapur(4),NAGAJYOTI.B.N.,SOCIALIST UNITY CENTRE OF INDIA (COMMUNIST),lost,2392
Bijapur,Bijapur(4),RAJAKUMAR APPANNA HONNAKATTI,RASHTRIYA SAMAJ PAKSHA,lost,1794
Bijapur,Bijapur(4),JITENDRA.ASHOK. KAMBLE,REPUBLICAN PARTY OF INDIA (A),lost,1623
Bijnor,Bijnor(4),CHANDAN CHAUHAN,RASHTRIYA LOK DAL,won,404493
Bijnor,Bijnor(4),DEEPAK,SAMAJWADI PARTY,lost,366985
Bijnor,Bijnor(4),VIJENDER SINGH,BAHUJAN SAMAJ PARTY,lost,218986
Bijnor,Bijnor(4),ABDUL BARI,JAI SAMTA PARTY,lost,8072
Bijnor,Bijnor(4),DEEPAK KUMAR,INDEPENDENT,lost,7318
Bijnor,Bijnor(4),NOTA,NONE OF THE ABOVE,nan,4446
Bijnor,Bijnor(4),ZAHEER,INDEPENDENT,lost,2788
Bijnor,Bijnor(4),RAJAPAL,PEOPLES PARTY OF INDIA (DEMOCRATIC),lost,2373
Bijnor,Bijnor(4),MOHD. SHAHJAD,INDEPENDENT,lost,2347
Bijnor,Bijnor(4),FARMAN,MAJLOOM SAMAJ PARTY,lost,2343
Bijnor,Bijnor(4),CHANDAN SINGH,INDEPENDENT,lost,2176
Bijnor,Bijnor(4),RAMDHAN SINGH,MAJDOOR KISAN UNION PARTY,lost,2105
Birbhum,Birbhum(42),SATABDI ROY,ALL INDIA TRINAMOOL CONGRESS,won,717961
Birbhum,Birbhum(42),DEBTANU BHATTACHARYA,BHARATIYA JANATA PARTY,lost,520311
Birbhum,Birbhum(42),MILTON RASHID,INDIAN NATIONAL CONGRESS,lost,226260
Birbhum,Birbhum(42),NOTA,NONE OF THE ABOVE,nan,14093
Birbhum,Birbhum(42),AMIY GHOSH,INDEPENDENT,lost,11958
Birbhum,Birbhum(42),LAKSHMI HEMBROM,AMBEDKARITE PARTY OF INDIA,lost,7687
Birbhum,Birbhum(42),AYESHA KHATUN,SOCIALIST UNITY CENTRE OF INDIA (COMMUNIST),lost,6779
Birbhum,Birbhum(42),RAJNATH SARKAR,BAHUJAN SAMAJ PARTY,lost,5882
Birbhum,Birbhum(42),SAURAV MUDI,INDEPENDENT,lost,4256
Birbhum,Birbhum(42),ABDUL IMRAN,INDEPENDENT,lost,3832
Birbhum,Birbhum(42),BISWAJIT MISHRA,ALL INDIA ARYA MAHASABHA,lost,3823
Birbhum,Birbhum(42),MD. JAKIR HOSSAIN,BHARATIYA NATIONAL JANATA DAL,lost,2557
Birbhum,Birbhum(42),DOLA SARKAR,INDIAN NATIONAL SOCIALISTIC ACTION FORCES,lost,2033
Bishnupur,Bishnupur(37),KHAN SAUMITRA,BHARATIYA JANATA PARTY,won,680130
Bishnupur,Bishnupur(37),SUJATA MONDAL,ALL INDIA TRINAMOOL CONGRESS,lost,674563
Bishnupur,Bishnupur(37),SITAL CHANDRA KAIBARTYA,COMMUNIST PARTY OF INDIA (MARXIST),lost,105411
Bishnupur,Bishnupur(37),NOTA,NONE OF THE ABOVE,nan,19132
Bishnupur,Bishnupur(37),SADANANDA MANDAL,SOCIALIST UNITY CENTRE OF INDIA (COMMUNIST),lost,16074
Bishnupur,Bishnupur(37),JOYDEV DHANK,BAHUJAN SAMAJ PARTY,lost,9079
Bishnupur,Bishnupur(37),BASUDEB SIKARI,INDEPENDENT,lost,5106
Bishnupur,Bishnupur(37),NARENDRANATH RAY,INDEPENDENT,lost,4377
Bolangir,Bolangir(10),SANGEETA KUMARI SINGH DEO,BHARATIYA JANATA PARTY,won,617744
Bolangir,Bolangir(10),SURENDRA SINGH BHOI,BIJU JANATA DAL,lost,485080
Bolangir,Bolangir(10),MANOJ KUMAR MISHRA,INDIAN NATIONAL CONGRESS,lost,230874
Bolangir,Bolangir(10),NOTA,NONE OF THE ABOVE,nan,16064
Bolangir,Bolangir(10),SUNIL KUMAR BHOI,SOCIALIST UNITY CENTRE OF INDIA (COMMUNIST),lost,10355
Bolangir,Bolangir(10),JAGADISH CHANDRA BIBHAR,BAHUJAN SAMAJ PARTY,lost,9469
Bolangir,Bolangir(10),BALRAM SINGH YADAV,INDEPENDENT,lost,8674
Bolangir,Bolangir(10),MADHUSUDAN BARIK,AMBEDKARITE PARTY OF INDIA,lost,7252
Bolangir,Bolangir(10),BALARAM SA,INDEPENDENT,lost,6097
Bolangir,Bolangir(10),AKSHAYA DISHRI,NATIONAL APNI PARTY,lost,5469
Bolangir,Bolangir(10),RAJESH KUMAR PANDA,EKAM SANATAN BHARAT DAL,lost,3170
Bolpur,Bolpur(41),ASIT KUMAR MAL,ALL INDIA TRINAMOOL CONGRESS,won,855633
Bolpur,Bolpur(41),PIYA SAHA,BHARATIYA JANATA PARTY,lost,528380
Bolpur,Bolpur(41),SHYAMALI PRADHAN,COMMUNIST PARTY OF INDIA (MARXIST),lost,99383
Bolpur,Bolpur(41),NOTA,NONE OF THE ABOVE,nan,21722
Bolpur,Bolpur(41),ATUL CHANDRA BAURI,INDEPENDENT,lost,7829
Bolpur,Bolpur(41),DR MANIK CHANDRA PRODHAN,BAHUJAN SAMAJ PARTY,lost,7039
Bolpur,Bolpur(41),SHANTA DAS,MULNIBASI PARTY OF INDIA,lost,3640
Bolpur,Bolpur(41),BIJOY DOLUI,SOCIALIST UNITY CENTRE OF INDIA (COMMUNIST),lost,2792
Bolpur,Bolpur(41),MANTU DHIBAR,HINDUSTAN SHAKTI SENA,lost,2052
Bulandshahr,Bulandshahr(14),DR BHOLA SINGH,BHARATIYA JANATA PARTY,won,597310
Bulandshahr,Bulandshahr(14),SHIVRAM,INDIAN NATIONAL CONGRESS,lost,322176
Bulandshahr,Bulandshahr(14),GIRISH CHANDRA,BAHUJAN SAMAJ PARTY,lost,117424
Bulandshahr,Bulandshahr(14),NOTA,NONE OF THE ABOVE,nan,6925
Bulandshahr,Bulandshahr(14),RAJESH TUREHA,RISHIVADI KARM SHEEL YOUNG PARMARTHI PARTY,lost,4401
Bulandshahr,Bulandshahr(14),SONAM BHARTI,INDEPENDENT,lost,3600
Bulandshahr,Bulandshahr(14),PRADEEP KUMAR,INDEPENDENT,lost,2563
Buldhana,Buldhana(5),JADHAV PRATAPRAO GANPATRAO,SHIV SENA,won,349867
Buldhana,Buldhana(5),NARENDRA DAGDU KHEDEKAR,SHIV SENA (UDDHAV BALASAHEB THACKREY),lost,320388
Buldhana,Buldhana(5),RAVIKANT CHANDRADAS TUPKAR,INDEPENDENT,lost,249963
Buldhana,Buldhana(5),VASANTRAO RAJARAM MAGAR,VANCHIT BAHUJAN AAGHADI,lost,98441
Buldhana,Buldhana(5),ASHOK WAMAN HIWALE,INDEPENDENT,lost,15436
Buldhana,Buldhana(5),SANDEEP RAMRAO SHELKE,INDEPENDENT,lost,13050
Buldhana,Buldhana(5),GAUTAM KISANRAO MAGHADE,BAHUJAN SAMAJ PARTY,lost,8218
Buldhana,Buldhana(5),ASLAM SHAH HASAN SHAH,MAHARASHTRA VIKAS AGHADI,lost,6153
Buldhana,Buldhana(5),NANDU JAGANNATH LAWANGE,INDEPENDENT,lost,5713
Buldhana,Buldhana(5),MACHHINDRA SHESHRAV MAGHADE,SOCIALIST PARTY (INDIA),lost,5258
Buldhana,Buldhana(5),MOHAMMAD HASAN INAMDAR,MINORITIES DEMOCRATIC PARTY,lost,4978
Buldhana,Buldhana(5),GAJANAN JANARDAN DHANDE,INDEPENDENT,lost,4854
Buldhana,Buldhana(5),DINKAR TUKARAM SAMBARE,INDEPENDENT,lost,4564
Buldhana,Buldhana(5),BALASAHEB RAMCHANDRA INGLE,INDEPENDENT,lost,3931
Buldhana,Buldhana(5),NOTA,NONE OF THE ABOVE,nan,3786
Buldhana,Buldhana(5),PRATAP PANDHARINATH PATIL,INDEPENDENT,lost,2561
Buldhana,Buldhana(5),SANTOSH BHIMRAO INGLE,REPUBLICAN PARTY OF INDIA (A),lost,2530
Buldhana,Buldhana(5),MADHAVRAO SAKHARAM BANSODE,BAHUJAN REPUBLICAN SOCIALIST PARTY,lost,2455
Buldhana,Buldhana(5),VIKAS BHAI NANDAVE,BHIM SENA,lost,2331
Buldhana,Buldhana(5),UDDHAV ONKAR ATOLE,INDEPENDENT,lost,1968
Buldhana,Buldhana(5),REKHA KAILAS POPHALKAR,INDEPENDENT,lost,1540
Buldhana,Buldhana(5),PROF SUMANTAI TIRPUDE,PEOPLES PARTY OF INDIA (DEMOCRATIC),lost,1511
Buxar,Buxar(33),SUDHAKAR SINGH,RASHTRIYA JANATA DAL,won,438345
Buxar,Buxar(33),MITHILESH TIWARI,BHARATIYA JANATA PARTY,lost,408254
Buxar,Buxar(33),ANIL KUMAR,BAHUJAN SAMAJ PARTY,lost,114714
Buxar,Buxar(33),ANAND MISHRA S/O- PARAM HANS MISHRA,INDEPENDENT,lost,47409
Buxar,Buxar(33),DADAN YADAV,INDEPENDENT,lost,15836
Buxar,Buxar(33),SUDHAKAR MISHRA,INDEPENDENT,lost,12749
Buxar,Buxar(33),NOTA,NONE OF THE ABOVE,nan,9617
Buxar,Buxar(33),SUNIL KUMAR DUBY,INDEPENDENT,lost,7759
Buxar,Buxar(33),RAM SWAROOP CHAUHAN,INDEPENDENT,lost,5516
Buxar,Buxar(33),RAJU SINGH,BAHUJAN MUKTI PARTY,lost,4339
Buxar,Buxar(33),AANAND MISRA S/O MADAN KUMAR MISRA,INDEPENDENT,lost,2834
Buxar,Buxar(33),BHAGWAN SINGH YADAV,INDEPENDENT,lost,2053
Buxar,Buxar(33),NIRANJAN KUMAR RAY,INDEPENDENT,lost,1669
Buxar,Buxar(33),HEM LATA,JAGROOK JANTA PARTY,lost,1570
Buxar,Buxar(33),AKHILESH KUMAR PANDEY,INDEPENDENT,lost,1095
CHENNAI CENTRAL,CHENNAI CENTRAL(4),DAYANIDHI MARAN,DRAVIDA MUNNETRA KAZHAGAM,won,413848
CHENNAI CENTRAL,CHENNAI CENTRAL(4),VINOJ,BHARATIYA JANATA PARTY,lost,169159
CHENNAI CENTRAL,CHENNAI CENTRAL(4),B. PARTHASARATHY,DESIYA MURPOKKU DRAVIDA KAZHAGAM,lost,72016
CHENNAI CENTRAL,CHENNAI CENTRAL(4),DR.R.KARTHIKEYAN,NAAM TAMILAR KATCHI,lost,46031
CHENNAI CENTRAL,CHENNAI CENTRAL(4),NOTA,NONE OF THE ABOVE,nan,11163
CHENNAI CENTRAL,CHENNAI CENTRAL(4),ANBAZHAGAN.G,INDEPENDENT,lost,3186
CHENNAI CENTRAL,CHENNAI CENTRAL(4),DILAVAR ALI,TIPU SULTAN PARTY,lost,2546
CHENNAI CENTRAL,CHENNAI CENTRAL(4),SAMARAN,BAHUJAN SAMAJ PARTY,lost,2147
CHENNAI CENTRAL,CHENNAI CENTRAL(4),L.KASINATHAN,INDEPENDENT,lost,1060
CHENNAI CENTRAL,CHENNAI CENTRAL(4),AGNI AALVAR,INDEPENDENT,lost,787
CHENNAI CENTRAL,CHENNAI CENTRAL(4),C.S.KARNAN,ANTI CORRUPTION DYNAMIC PARTY,lost,761
CHENNAI CENTRAL,CHENNAI CENTRAL(4),M.L.RAVI,DESIYA MAKKAL SAKTHI KATCHI,lost,696
CHENNAI CENTRAL,CHENNAI CENTRAL(4),S.KANDASAMY,INDEPENDENT,lost,596
CHENNAI CENTRAL,CHENNAI CENTRAL(4),DHAYANIDHI SURESH,INDEPENDENT,lost,567
CHENNAI CENTRAL,CHENNAI CENTRAL(4),S.SATHISH KUMAR,INDEPENDENT,lost,527
CHENNAI CENTRAL,CHENNAI CENTRAL(4),P.ARJUNAN,INDEPENDENT,lost,509
CHENNAI CENTRAL,CHENNAI CENTRAL(4),S.SATHISH KUMAR,INDEPENDENT,lost,501
CHENNAI CENTRAL,CHENNAI CENTRAL(4),G.OMPRAKASH,INDEPENDENT,lost,488
CHENNAI CENTRAL,CHENNAI CENTRAL(4),V.V.TAMILARASAN,INDEPENDENT,lost,389
CHENNAI CENTRAL,CHENNAI CENTRAL(4),UDAYA KUMAR.V,INDEPENDENT,lost,382
CHENNAI CENTRAL,CHENNAI CENTRAL(4),B.PARTHASARATHY,INDEPENDENT,lost,380
CHENNAI CENTRAL,CHENNAI CENTRAL(4),K.CHANDRASEKAR,NAADAALUM MAKKAL KATCHI,lost,373
CHENNAI CENTRAL,CHENNAI CENTRAL(4),N.RAMAN,TAMILNADU MAKKAL NALVAZHVU PERIYAKKAM,lost,314
CHENNAI CENTRAL,CHENNAI CENTRAL(4),R.MINNAL RAJ,INDEPENDENT,lost,310
CHENNAI CENTRAL,CHENNAI CENTRAL(4),A.SELVA KUMAR,THAKKAM KATCHI,lost,270
CHENNAI CENTRAL,CHENNAI CENTRAL(4),R.VIJAY,INDEPENDENT,lost,268
CHENNAI CENTRAL,CHENNAI CENTRAL(4),M.NAGARAJ,INDEPENDENT,lost,254
CHENNAI CENTRAL,CHENNAI CENTRAL(4),J.NAGARAJ,INDEPENDENT,lost,241
CHENNAI CENTRAL,CHENNAI CENTRAL(4),SENTHILKUMAR,CHENNAI YOUTH PARTY,lost,223
CHENNAI CENTRAL,CHENNAI CENTRAL(4),RANJITHKUMAR.S,INDEPENDENT,lost,215
CHENNAI CENTRAL,CHENNAI CENTRAL(4),RAVI BALARAMAN,INDEPENDENT,lost,183
CHENNAI CENTRAL,CHENNAI CENTRAL(4),MANJUNATHA.R,INDEPENDENT,lost,159
CHENNAI NORTH,CHENNAI NORTH(2),DR.KALANIDHI VEERASWAMY,DRAVIDA MUNNETRA KAZHAGAM,won,497333
CHENNAI NORTH,CHENNAI NORTH(2),R. MANOHAR,ALL INDIA ANNA DRAVIDA MUNNETRA KAZHAGAM,lost,158111
CHENNAI NORTH,CHENNAI NORTH(2),R.C. PAUL KANAGARAJ,BHARATIYA JANATA PARTY,lost,113318
CHENNAI NORTH,CHENNAI NORTH(2),AMUDINI,NAAM TAMILAR KATCHI,lost,95954
CHENNAI NORTH,CHENNAI NORTH(2),NOTA,NONE OF THE ABOVE,nan,13208
CHENNAI NORTH,CHENNAI NORTH(2),SARAH FATHIMA,INDEPENDENT,lost,5923
CHENNAI NORTH,CHENNAI NORTH(2),E. IQBAL,BAHUJAN SAMAJ PARTY,lost,3486
CHENNAI NORTH,CHENNAI NORTH(2),MOORTHY. V,INDEPENDENT,lost,3137
CHENNAI NORTH,CHENNAI NORTH(2),SURIYAMUTHU,INDEPENDENT,lost,978
CHENNAI NORTH,CHENNAI NORTH(2),C. SENAPATHI,INDEPENDENT,lost,850
CHENNAI NORTH,CHENNAI NORTH(2),DILLI GANESH. E,INDEPENDENT,lost,736
CHENNAI NORTH,CHENNAI NORTH(2),U. VENKATESH,INDEPENDENT,lost,714
CHENNAI NORTH,CHENNAI NORTH(2),M. ZION RAJ,INDEPENDENT,lost,697
CHENNAI NORTH,CHENNAI NORTH(2),A. AJITHKUMAR,THAKKAM KATCHI,lost,673
CHENNAI NORTH,CHENNAI NORTH(2),J. SEBASTIN,SOCIALIST UNITY CENTRE OF INDIA (COMMUNIST),lost,588
CHENNAI NORTH,CHENNAI NORTH(2),AKSHAY,NAADAALUM MAKKAL KATCHI,lost,566
CHENNAI NORTH,CHENNAI NORTH(2),B. BALAMURUGAN,INDEPENDENT,lost,488
CHENNAI NORTH,CHENNAI NORTH(2),K.PALANIAPPAN,INDEPENDENT,lost,462
CHENNAI NORTH,CHENNAI NORTH(2),R. SENTHIL KUMAR,INDEPENDENT,lost,457
CHENNAI NORTH,CHENNAI NORTH(2),MATHANKUMAR. G,INDEPENDENT,lost,390
CHENNAI NORTH,CHENNAI NORTH(2),P. JAYASELAN,INDEPENDENT,lost,386
CHENNAI NORTH,CHENNAI NORTH(2),M. KOLANJI,INDEPENDENT,lost,362
CHENNAI NORTH,CHENNAI NORTH(2),B. ZAKIR HUSSAIN,INDEPENDENT,lost,355
CHENNAI NORTH,CHENNAI NORTH(2),P. UMADEVI,INDEPENDENT,lost,346
CHENNAI NORTH,CHENNAI NORTH(2),K.C.JAYAPRAKASH,INDEPENDENT,lost,334
CHENNAI NORTH,CHENNAI NORTH(2),C. SRIDHAR,INDEPENDENT,lost,307
CHENNAI NORTH,CHENNAI NORTH(2),T. MANOHARAN,INDEPENDENT,lost,293
CHENNAI NORTH,CHENNAI NORTH(2),K. SAMPATH,INDEPENDENT,lost,269
CHENNAI NORTH,CHENNAI NORTH(2),D. SRINIVASAN,INDEPENDENT,lost,261
CHENNAI NORTH,CHENNAI NORTH(2),S. RAVIKUMAR,REPUBLICAN PARTY OF INDIA (SIVARAJ),lost,259
CHENNAI NORTH,CHENNAI NORTH(2),T. KAVIYARASU,INDEPENDENT,lost,252
CHENNAI NORTH,CHENNAI NORTH(2),SATHISH. B,INDEPENDENT,lost,246
CHENNAI NORTH,CHENNAI NORTH(2),D. KABILAN,INDEPENDENT,lost,209
CHENNAI NORTH,CHENNAI NORTH(2),R.VINAYAGAMOORTHY,INDEPENDENT,lost,206
CHENNAI NORTH,CHENNAI NORTH(2),P. MARIMUTHU,INDEPENDENT,lost,172
CHENNAI NORTH,CHENNAI NORTH(2),V.MADHAN MOHAN,INDEPENDENT,lost,163
CHENNAI SOUTH,CHENNAI SOUTH(3),T.SUMATHY (ALIAS) THAMIZHACHI THANGAPANDIAN,DRAVIDA MUNNETRA KAZHAGAM,won,516628
CHENNAI SOUTH,CHENNAI SOUTH(3),DR.TAMILISAI SOUNDARARAJAN,BHARATIYA JANATA PARTY,lost,290683
CHENNAI SOUTH,CHENNAI SOUTH(3),DR.J.JAYAVARDHAN,ALL INDIA ANNA DRAVIDA MUNNETRA KAZHAGAM,lost,172491
CHENNAI SOUTH,CHENNAI SOUTH(3),S.TAMILCHELVI,NAAM TAMILAR KATCHI,lost,83972
CHENNAI SOUTH,CHENNAI SOUTH(3),NOTA,NONE OF THE ABOVE,nan,15653
CHENNAI SOUTH,CHENNAI SOUTH(3),M.G.RAMU,JEBAMANI JANATA,lost,3534
CHENNAI SOUTH,CHENNAI SOUTH(3),M.AZARUTHEEN,INDEPENDENT,lost,1812
CHENNAI SOUTH,CHENNAI SOUTH(3),G.P. ROBERT,BAHUJAN SAMAJ PARTY,lost,1599
CHENNAI SOUTH,CHENNAI SOUTH(3),R.RAVICHANDRAN,INDEPENDENT,lost,835
CHENNAI SOUTH,CHENNAI SOUTH(3),S.MANIMARAN,INDEPENDENT,lost,803
CHENNAI SOUTH,CHENNAI SOUTH(3),FARMER JAYARAMAN. S.K.J,DESIYA MAKKAL SAKTHI KATCHI,lost,792
CHENNAI SOUTH,CHENNAI SOUTH(3),A.K.D. ELLAPPAN,MAHATHMA MAKKAL MUNNETRA KAZHAKAM,lost,761
CHENNAI SOUTH,CHENNAI SOUTH(3),K.KANNAN,INDEPENDENT,lost,625
CHENNAI SOUTH,CHENNAI SOUTH(3),BALAJI. G. MANGADU,ARAVOR MUNNETRA KAZHAGAM,lost,589
CHENNAI SOUTH,CHENNAI SOUTH(3),R.KANCHANA,TAMIZHAGA MURPOKKU MAKKAL KATCHI,lost,566
CHENNAI SOUTH,CHENNAI SOUTH(3),KUTTIMANI. S,VEERATH THIYAGI VISWANATHADOSS THOZHILALARKAL KATCHI,lost,565
CHENNAI SOUTH,CHENNAI SOUTH(3),SASI REKHA,NAADAALUM MAKKAL KATCHI,lost,559
CHENNAI SOUTH,CHENNAI SOUTH(3),P. SATHEESH KUMAR,INDEPENDENT,lost,521
CHENNAI SOUTH,CHENNAI SOUTH(3),P.SEKAR,THAKKAM KATCHI,lost,435
CHENNAI SOUTH,CHENNAI SOUTH(3),R.YOGESHWARAN,INDEPENDENT,lost,426
CHENNAI SOUTH,CHENNAI SOUTH(3),J. SATHISH,INDEPENDENT,lost,418
CHENNAI SOUTH,CHENNAI SOUTH(3),V.P. RAVIKKARAN,INDEPENDENT,lost,373
CHENNAI SOUTH,CHENNAI SOUTH(3),A.PONNUDURAI,INDEPENDENT,lost,362
CHENNAI SOUTH,CHENNAI SOUTH(3),N.V.DAMODARAN,NATIONAL MAHA SABHA PARTY,lost,343
CHENNAI SOUTH,CHENNAI SOUTH(3),M.MUNUSWAMY,VIRO KE VIR INDIAN PARTY,lost,330
CHENNAI SOUTH,CHENNAI SOUTH(3),KARTHIK MURTHY,INDEPENDENT,lost,315
CHENNAI SOUTH,CHENNAI SOUTH(3),V.P.SURESH,INDEPENDENT,lost,289
CHENNAI SOUTH,CHENNAI SOUTH(3),E.RAMESH,INDEPENDENT,lost,270
CHENNAI SOUTH,CHENNAI SOUTH(3),R.BALAJI,INDEPENDENT,lost,264
CHENNAI SOUTH,CHENNAI SOUTH(3),DINESH KUMAR. B,INDEPENDENT,lost,253
CHENNAI SOUTH,CHENNAI SOUTH(3),A.BABU,INDEPENDENT,lost,246
CHENNAI SOUTH,CHENNAI SOUTH(3),DAYALAN. R,INDEPENDENT,lost,242
CHENNAI SOUTH,CHENNAI SOUTH(3),VIJIRATHINAM. M,INDEPENDENT,lost,237
CHENNAI SOUTH,CHENNAI SOUTH(3),V.SIVAKUMAR,INDEPENDENT,lost,217
CHENNAI SOUTH,CHENNAI SOUTH(3),MURUGAN. P,INDEPENDENT,lost,182
CHENNAI SOUTH,CHENNAI SOUTH(3),G.RAMESHBABU,INDEPENDENT,lost,179
CHENNAI SOUTH,CHENNAI SOUTH(3),S.RAJASEKARAN,INDEPENDENT,lost,178
CHENNAI SOUTH,CHENNAI SOUTH(3),N.NARAYANASWAMY,INDEPENDENT,lost,175
CHENNAI SOUTH,CHENNAI SOUTH(3),R.DEVENDRAN,INDEPENDENT,lost,168
CHENNAI SOUTH,CHENNAI SOUTH(3),PARTHIBAN. S,INDEPENDENT,lost,166
CHENNAI SOUTH,CHENNAI SOUTH(3),I. DAVIDSINGH,INDEPENDENT,lost,151
CHENNAI SOUTH,CHENNAI SOUTH(3),E RAVENDRAN,INDEPENDENT,lost,114
CHHINDWARA,CHHINDWARA(16),BUNTY VIVEK SAHU,BHARATIYA JANATA PARTY,won,644738
CHHINDWARA,CHHINDWARA(16),NAKUL KAMALNATH,INDIAN NATIONAL CONGRESS,lost,531120
CHHINDWARA,CHHINDWARA(16),DEVIRAM URF DEV RAVEN BHALAVI,GONDVANA GANTANTRA PARTY,lost,55988
CHHINDWARA,CHHINDWARA(16),UMAKANT BANDEWAR,BAHUJAN SAMAJ PARTY,lost,11823
CHHINDWARA,CHHINDWARA(16),NOTA,NONE OF THE ABOVE,nan,9903
CHHINDWARA,CHHINDWARA(16),KAPIL SONI,RASHTRIYA GONDVANA PARTY,lost,9638
CHHINDWARA,CHHINDWARA(16),SIRAJ SHEKH,INDEPENDENT,lost,9568
CHHINDWARA,CHHINDWARA(16),PAWANSHAH SARYAM,INDEPENDENT,lost,6621
CHHINDWARA,CHHINDWARA(16),SUBHASH SHUKLA,INDEPENDENT,lost,5769
CHHINDWARA,CHHINDWARA(16),RAJENDRA DONGRE,INDEPENDENT,lost,4632
CHHINDWARA,CHHINDWARA(16),GOVIND BHALAVI,INDEPENDENT,lost,4029
CHHINDWARA,CHHINDWARA(16),MOHD. PARVEZ QURESHI,INDEPENDENT,lost,3828
CHHINDWARA,CHHINDWARA(16),AJAY BARKADE,INDEPENDENT,lost,2495
CHHINDWARA,CHHINDWARA(16),KUSHWAHA RAJESH TANTRIK,AHINSA SAMAJ PARTY,lost,1698
CHHINDWARA,CHHINDWARA(16),""" PRAKASH ALIAS BANTY "" PARTETI",RASHTRA SAMARPAN PARTY,lost,1654
CHHINDWARA,CHHINDWARA(16),FOGAL BANSOD,REPUBLICAN PARTY OF INDIA (A),lost,1323
CHIDAMBARAM,CHIDAMBARAM(27),THIRUMAAVALAVAN THOL,VIDUTHALAI CHIRUTHAIGAL KATCHI,won,505084
CHIDAMBARAM,CHIDAMBARAM(27),CHANDRAHASAN M,ALL INDIA ANNA DRAVIDA MUNNETRA KAZHAGAM,lost,401530
CHIDAMBARAM,CHIDAMBARAM(27),KARTHIYAYINI P,BHARATIYA JANATA PARTY,lost,168493
CHIDAMBARAM,CHIDAMBARAM(27),JANCIRANI R,NAAM TAMILAR KATCHI,lost,65589
CHIDAMBARAM,CHIDAMBARAM(27),NOTA,NONE OF THE ABOVE,nan,8761
CHIDAMBARAM,CHIDAMBARAM(27),NEELAMEGAM K,BAHUJAN SAMAJ PARTY,lost,3203
CHIDAMBARAM,CHIDAMBARAM(27),TAMILVENDHAN P,INDEPENDENT,lost,3062
CHIDAMBARAM,CHIDAMBARAM(27),PERUMAL S,INDEPENDENT,lost,2239
CHIDAMBARAM,CHIDAMBARAM(27),VETTRIVEL G,INDEPENDENT,lost,2041
CHIDAMBARAM,CHIDAMBARAM(27),ARCHUNAN M A T,INDEPENDENT,lost,1836
CHIDAMBARAM,CHIDAMBARAM(27),DHAMODHARAN S,NAADAALUM MAKKAL KATCHI,lost,1642
CHIDAMBARAM,CHIDAMBARAM(27),RATHA G,INDEPENDENT,lost,1280
CHIDAMBARAM,CHIDAMBARAM(27),RAJAMANICKAM C,INDEPENDENT,lost,1087
CHIDAMBARAM,CHIDAMBARAM(27),CHINNADURAI A,INDEPENDENT,lost,638
CHIDAMBARAM,CHIDAMBARAM(27),ELAVARASAN C,INDEPENDENT,lost,586
CHITTORGARH,CHITTORGARH(21),CHANDRA PRAKASH JOSHI,BHARATIYA JANATA PARTY,won,888202
CHITTORGARH,CHITTORGARH(21),ANJANA UDAILAL,INDIAN NATIONAL CONGRESS,lost,498325
CHITTORGARH,CHITTORGARH(21),BHIL ADIVASI MANGILAL NANAMA,BHARAT ADIVASI PARTY,lost,42811
CHITTORGARH,CHITTORGARH(21),RAMESHWAR LAL BAIRWA (INDORA),INDEPENDENT,lost,9539
CHITTORGARH,CHITTORGARH(21),KUMAWAT RAMESH CHANDRA,INDEPENDENT,lost,8842
CHITTORGARH,CHITTORGARH(21),MEGHWAL RADHESHYAM,BAHUJAN SAMAJ PARTY,lost,8613
CHITTORGARH,CHITTORGARH(21),SHYAM LAL MEGHWAL,INDEPENDENT,lost,7907
CHITTORGARH,CHITTORGARH(21),BAPU LAL ANJANA,INDEPENDENT,lost,7846
CHITTORGARH,CHITTORGARH(21),NOTA,NONE OF THE ABOVE,nan,5590
CHITTORGARH,CHITTORGARH(21),PRAKASH DHAKAR,EKAM SANATAN BHARAT DAL,lost,3925
CHITTORGARH,CHITTORGARH(21),PRATAP SINGH,INDEPENDENT,lost,3347
CHITTORGARH,CHITTORGARH(21),AZAD PRAKASH CHANDRA MEGHWAL,AKHIL BHARATIYA CONGRESS DAL (AMBEDKAR),lost,2777
CHITTORGARH,CHITTORGARH(21),JOGENDRA SINGH HODA,INDEPENDENT,lost,2302
CHITTORGARH,CHITTORGARH(21),GAJENDRA,INDEPENDENT,lost,1644
CHITTORGARH,CHITTORGARH(21),KALYAN SINGH BHATI,INDEPENDENT,lost,1562
CHITTORGARH,CHITTORGARH(21),MAHAVIR PRASAD KUMAWAT,RIGHT TO RECALL PARTY,lost,1549
CHITTORGARH,CHITTORGARH(21),KAMAL,INDEPENDENT,lost,1498
CHITTORGARH,CHITTORGARH(21),MOHAMMAD WAHID KHAN,PEHCHAN PEOPLE’S PARTY,lost,1228
CHITTORGARH,CHITTORGARH(21),SITA RAM AHIR,VISHVA SHAKTI PARTY,lost,1226
CHURU,CHURU(3),RAHUL KASWAN,INDIAN NATIONAL CONGRESS,won,728211
CHURU,CHURU(3),DEVENDRA JHAJHARIA,BHARATIYA JANATA PARTY,lost,655474
CHURU,CHURU(3),DEIRAM MEGHWAL,BAHUJAN SAMAJ PARTY,lost,11271
CHURU,CHURU(3),NOTA,NONE OF THE ABOVE,nan,6656
CHURU,CHURU(3),RAMESH KUMAR,INDEPENDENT,lost,5724
CHURU,CHURU(3),GOMATI DHARAMPAL KATARIA,BHARAT RAKSHAK PARTY (DEMOCRATIC),lost,4961
CHURU,CHURU(3),SUKHDEV,INDEPENDENT,lost,4559
CHURU,CHURU(3),RANVEER SINGH,INDEPENDENT,lost,1812
CHURU,CHURU(3),BISAN SINGH,INDEPENDENT,lost,1644
CHURU,CHURU(3),YUSUF ALI KHAN,INDEPENDENT,lost,1230
CHURU,CHURU(3),DAULAT RAM PENSIA,NATIONAL JANMANDAL PARTY,lost,1193
CHURU,CHURU(3),SHISHPAL SINGH RANA,BHEEM TRIBAL CONGRESS,lost,675
CHURU,CHURU(3),NIRANJAN SINGH RATHORE,INDEPENDENT,lost,668
CHURU,CHURU(3),ASLAM LILGAR,INDEPENDENT,lost,567
COIMBATORE,COIMBATORE(20),GANAPATHY RAJKUMAR P,DRAVIDA MUNNETRA KAZHAGAM,won,568200
COIMBATORE,COIMBATORE(20),ANNAMALAI K,BHARATIYA JANATA PARTY,lost,450132
COIMBATORE,COIMBATORE(20),SINGAI G RAMACHANDRAN,ALL INDIA ANNA DRAVIDA MUNNETRA KAZHAGAM,lost,236490
COIMBATORE,COIMBATORE(20),KALAMANI JAGANATHAN,NAAM TAMILAR KATCHI,lost,82657
COIMBATORE,COIMBATORE(20),NOTA,NONE OF THE ABOVE,nan,11788
COIMBATORE,COIMBATORE(20),VELMURUGAN K,BAHUJAN SAMAJ PARTY,lost,2375
COIMBATORE,COIMBATORE(20),SANJAYKUMAR S,INDEPENDENT,lost,1789
COIMBATORE,COIMBATORE(20),ANNADURAI R,INDEPENDENT,lost,1772
COIMBATORE,COIMBATORE(20),SURESH M,INDEPENDENT,lost,1474
COIMBATORE,COIMBATORE(20),GOPALAKRISHNAN S,INDEPENDENT,lost,1199
COIMBATORE,COIMBATORE(20),RAGHUL GANDHI K,HINDUSTAN JANTA PARTY,lost,1176
COIMBATORE,COIMBATORE(20),KARTHICK T,INDEPENDENT,lost,1073
COIMBATORE,COIMBATORE(20),RAJKUMAR M,INDEPENDENT,lost,1068
COIMBATORE,COIMBATORE(20),RAJKUMAR,INDEPENDENT,lost,1013
COIMBATORE,COIMBATORE(20),RAJKUMAR G,INDEPENDENT,lost,892
COIMBATORE,COIMBATORE(20),SHANMUGAM K,INDEPENDENT,lost,882
COIMBATORE,COIMBATORE(20),KRISHNAN V,INDEPENDENT,lost,726
COIMBATORE,COIMBATORE(20),RAMACHANDRAN M,INDEPENDENT,lost,663
COIMBATORE,COIMBATORE(20),RAJAMANICKAM N,INDEPENDENT,lost,629
COIMBATORE,COIMBATORE(20),RAJKUMAR G B,INDEPENDENT,lost,611
COIMBATORE,COIMBATORE(20),KUMAR A,GANASANGAM PARTY OF INDIA,lost,551
COIMBATORE,COIMBATORE(20),RICHARD VINCENT,VIRO KE VIR INDIAN PARTY,lost,492
COIMBATORE,COIMBATORE(20),SANGEETHA R,NAADAALUM MAKKAL KATCHI,lost,492
COIMBATORE,COIMBATORE(20),SURIYAKUMAR K,INDEPENDENT,lost,447
COIMBATORE,COIMBATORE(20),ARUNKANTH V,INDEPENDENT,lost,438
COIMBATORE,COIMBATORE(20),ANANDHAKUMAR S,RASHTRIYA SAMAJ PAKSHA,lost,419
COIMBATORE,COIMBATORE(20),RAMACHANDRAN R,INDEPENDENT,lost,369
COIMBATORE,COIMBATORE(20),MUTHUSAMY P P,INDEPENDENT,lost,369
COIMBATORE,COIMBATORE(20),PALANISAMYRAAJ M,INDEPENDENT,lost,316
COIMBATORE,COIMBATORE(20),PUSHPANANTHAM V,TAMIZHAGA MURPOKKU MAKKAL KATCHI,lost,305
COIMBATORE,COIMBATORE(20),DINESH K,INDEPENDENT,lost,285
COIMBATORE,COIMBATORE(20),PREMKUMAR P,INDEPENDENT,lost,283
COIMBATORE,COIMBATORE(20),RAVICHANDRAN,INDEPENDENT,lost,272
COIMBATORE,COIMBATORE(20),DURAISAMY A,INDEPENDENT,lost,266
COIMBATORE,COIMBATORE(20),ZAHIR HUSSAIN,INDEPENDENT,lost,260
COIMBATORE,COIMBATORE(20),BOOBALAN,INDEPENDENT,lost,253
COIMBATORE,COIMBATORE(20),NOORMUHAMAD A,INDEPENDENT,lost,234
COIMBATORE,COIMBATORE(20),PASUPATHI S,INDEPENDENT,lost,173
CUDDALORE,CUDDALORE(26),M.K. VISHNUPRASAD,INDIAN NATIONAL CONGRESS,won,455053
CUDDALORE,CUDDALORE(26),P. SIVAKOZHUNDU,DESIYA MURPOKKU DRAVIDA KAZHAGAM,lost,269157
CUDDALORE,CUDDALORE(26),THANKAR BACHAN,PATTALI MAKKAL KATCHI,lost,205244
CUDDALORE,CUDDALORE(26),V. MANIVASAGAN,NAAM TAMILAR KATCHI,lost,57424
CUDDALORE,CUDDALORE(26),NOTA,NONE OF THE ABOVE,nan,7292
CUDDALORE,CUDDALORE(26),S. ARIVUDAINAMBI,ANTI CORRUPTION DYNAMIC PARTY,lost,6500
CUDDALORE,CUDDALORE(26),A. BALAJI,INDEPENDENT,lost,5450
CUDDALORE,CUDDALORE(26),V.THANIGAISELVAN,BAHUJAN SAMAJ PARTY,lost,3971
CUDDALORE,CUDDALORE(26),K. MAYAKRISHNAN,VEERATH THIYAGI VISWANATHADOSS THOZHILALARKAL KATCHI,lost,3702
CUDDALORE,CUDDALORE(26),SU.VA. DHATSHANAMOORTHY,INDEPENDENT,lost,3419
CUDDALORE,CUDDALORE(26),S. RAMALINGAM,INDEPENDENT,lost,3216
CUDDALORE,CUDDALORE(26),G. PICHAMUTHU,INDEPENDENT,lost,2194
CUDDALORE,CUDDALORE(26),R. ANANDHI,INDEPENDENT,lost,1696
CUDDALORE,CUDDALORE(26),S. CHAKKARAVARTHY,INDEPENDENT,lost,1488
CUDDALORE,CUDDALORE(26),R. SRINIVASAN,INDEPENDENT,lost,1363
CUDDALORE,CUDDALORE(26),V. DAKSHANAAMURTHY,INDEPENDENT,lost,1286
CUDDALORE,CUDDALORE(26),THANGA MURUGAN,DESIYA MAKKAL SAKTHI KATCHI,lost,1036
CUDDALORE,CUDDALORE(26),R. RAJASEKAR,INDEPENDENT,lost,712
CUDDALORE,CUDDALORE(26),R. PRAKASH,INDEPENDENT,lost,700
CUDDALORE,CUDDALORE(26),S. RAJAMOHAN,INDEPENDENT,lost,660
Chalakudy,Chalakudy(11),BENNY BEHANAN,INDIAN NATIONAL CONGRESS,won,394171
Chalakudy,Chalakudy(11),PROF C RAVEENDRANATH,COMMUNIST PARTY OF INDIA (MARXIST),lost,330417
Chalakudy,Chalakudy(11),K A UNNIKRISHNAN,BHARATH DHARMA JANA SENA,lost,106400
Chalakudy,Chalakudy(11),ADV CHARLY PAUL,TWENTY 20 PARTY,lost,105642
Chalakudy,Chalakudy(11),NOTA,NONE OF THE ABOVE,nan,8063
Chalakudy,Chalakudy(11),ROSILIN CHACKO,BAHUJAN SAMAJ PARTY,lost,2410
Chalakudy,Chalakudy(11),BOSCO KALAMASSERY,INDEPENDENT,lost,1087
Chalakudy,Chalakudy(11),SUBRAN K R,INDEPENDENT,lost,799
Chalakudy,Chalakudy(11),DR M PRADEEPAN,SOCIALIST UNITY CENTRE OF INDIA (COMMUNIST),lost,694
Chalakudy,Chalakudy(11),ARUN EDATHADAN,INDEPENDENT,lost,686
Chalakudy,Chalakudy(11),T S CHANDRAN,INDEPENDENT,lost,531
Chalakudy,Chalakudy(11),JOHNSON K C,INDEPENDENT,lost,387
Chamarajanagar,Chamarajanagar(22),SUNIL BOSE,INDIAN NATIONAL CONGRESS,won,751671
Chamarajanagar,Chamarajanagar(22),BALARAJ.S,BHARATIYA JANATA PARTY,lost,562965
Chamarajanagar,Chamarajanagar(22),M.KRISHNA MURTHY,BAHUJAN SAMAJ PARTY,lost,15903
Chamarajanagar,Chamarajanagar(22),NOTA,NONE OF THE ABOVE,nan,8143
Chamarajanagar,Chamarajanagar(22),C.M.KRISHNA,DR. AMBEDKAR PEOPLE'S PARTY,lost,8089
Chamarajanagar,Chamarajanagar(22),G.D.RAJAGOPAL (H.D.KOTE),INDEPENDENT,lost,3954
Chamarajanagar,Chamarajanagar(22),SUMA.S,SOCIALIST UNITY CENTRE OF INDIA (COMMUNIST),lost,3826
Chamarajanagar,Chamarajanagar(22),MAHADEVASWAMY B M (PAMPI),INDEPENDENT,lost,3421
Chamarajanagar,Chamarajanagar(22),H.K.SWAMY HARADANAHALLI,INDEPENDENT,lost,3208
Chamarajanagar,Chamarajanagar(22),PATAS PRADEEP KUMAR.M,INDEPENDENT,lost,1986
Chamarajanagar,Chamarajanagar(22),KADAMBA. NAA. AMBARISH,INDEPENDENT,lost,1743
Chamarajanagar,Chamarajanagar(22),NINGARAJU.S,KARNATAKA JANTHA PAKSHA,lost,1411
Chamarajanagar,Chamarajanagar(22),KANDALLI MAHESH,KARNATAKA RASHTRA SAMITHI,lost,1252
Chamarajanagar,Chamarajanagar(22),NINGARAJ.G,INDEPENDENT,lost,1247
Chamarajanagar,Chamarajanagar(22),PRASANNA KUMAR.B,KARNATAKA PRAJA PARTY (RAITHAPARVA),lost,978
Chandauli,Chandauli(76),BIRENDRA SINGH,SAMAJWADI PARTY,won,474476
Chandauli,Chandauli(76),DR. MAHENDRA NATH PANDEY,BHARATIYA JANATA PARTY,lost,452911
Chandauli,Chandauli(76),SATYENDRA KUMAR MAURYA,BAHUJAN SAMAJ PARTY,lost,159903
Chandauli,Chandauli(76),NOTA,NONE OF THE ABOVE,nan,9005
Chandauli,Chandauli(76),SHOBHANATH PRAJAPATI,BHAGIDARI PARTY(P),lost,4032
Chandauli,Chandauli(76),SHER SINGH,YUGA THULASI PARTY,lost,3096
Chandauli,Chandauli(76),SANTOSH KUMAR,INDEPENDENT,lost,2969
Chandauli,Chandauli(76),RAJESH VISHWAKARMA,MOULIK ADHIKAR PARTY,lost,2762
Chandauli,Chandauli(76),ARVIND KUMAR PATEL,SARDAR PATEL SIDDHANT PARTY,lost,2745
Chandauli,Chandauli(76),SANJAY KUMAR SINHA,JAI HIND NATIONAL PARTY,lost,2623
Chandauli,Chandauli(76),RAM GOVIND,SAMAJHDAR PARTY,lost,1977
Chandigarh,Chandigarh(1),MANISH TEWARI,INDIAN NATIONAL CONGRESS,won,216657
Chandigarh,Chandigarh(1),SANJAY TANDON,BHARATIYA JANATA PARTY,lost,214153
Chandigarh,Chandigarh(1),RITU SINGH,BAHUJAN SAMAJ PARTY,lost,6708
Chandigarh,Chandigarh(1),NOTA,NONE OF THE ABOVE,nan,2912
Chandigarh,Chandigarh(1),LAKHVIR SINGH ALIAS KOTLA,INDEPENDENT,lost,2626
Chandigarh,Chandigarh(1),DEEPANSHU SHARMA,AKHIL BHARTIYA PARIVAR PARTY,lost,1068
Chandigarh,Chandigarh(1),EX-ASSISTANT COMMANDANT RANPREET SINGH,INDEPENDENT,lost,1054
Chandigarh,Chandigarh(1),VINOD KUMAR,INDEPENDENT,lost,683
Chandigarh,Chandigarh(1),SUNIL THAMAN,HARYANA JANSENA PARTY,lost,577
Chandigarh,Chandigarh(1),BALJEET SINGH ALIAS LADDI,INDEPENDENT,lost,436
Chandigarh,Chandigarh(1),SUNIL KUMAR,INDEPENDENT,lost,321
Chandigarh,Chandigarh(1),PARTAP SINGH RANA,INDEPENDENT,lost,307
Chandigarh,Chandigarh(1),MAHANT RAVI KANT MUNI,INDEPENDENT,lost,295
Chandigarh,Chandigarh(1),VIVEK SHARMA,INDEPENDENT,lost,294
Chandigarh,Chandigarh(1),PIAR CHAND ALIAS KOUNDAL,INDEPENDENT,lost,255
Chandigarh,Chandigarh(1),KISHOR KUMAR ALIAS BANTI BHAIYA,INDEPENDENT,lost,239
Chandigarh,Chandigarh(1),RAJINDER KAUR,SAINIK SAMAJ PARTY,lost,217
Chandigarh,Chandigarh(1),RAJ PRINCE SINGH,SUPER POWER INDIA PARTY,lost,205
Chandigarh,Chandigarh(1),PUSHPINDER SINGH ALIAS LOVELY ATTAWA,INDEPENDENT,lost,154
Chandigarh,Chandigarh(1),KULDIP RAI ALIAS HAPPY SOOD MORINDA,INDEPENDENT,lost,114
Chandni Chowk,Chandni Chowk(1),PRAVEEN KHANDELWAL,BHARATIYA JANATA PARTY,won,516496
Chandni Chowk,Chandni Chowk(1),JAI PRAKASH AGARWAL,INDIAN NATIONAL CONGRESS,lost,427171
Chandni Chowk,Chandni Chowk(1),ABUL KALAM AZAD,BAHUJAN SAMAJ PARTY,lost,5829
Chandni Chowk,Chandni Chowk(1),NOTA,NONE OF THE ABOVE,nan,5563
Chandni Chowk,Chandni Chowk(1),UMESH RATHOR,ATULYA BHARAT PARTY,lost,1617
Chandni Chowk,Chandni Chowk(1),SEEMA RIZVI,AZAD SAMAJ PARTY,lost,1089
Chandni Chowk,Chandni Chowk(1),SHAIK JALEEL,NAVARANG CONGRESS PARTY,lost,949
Chandni Chowk,Chandni Chowk(1),MD NAZIR,AMAN SAMAJ PARTY,lost,945
Chandni Chowk,Chandni Chowk(1),SATYA DEV CHAUDHARY,SATYA BAHUMAT PARTY,lost,842
Chandni Chowk,Chandni Chowk(1),RITU KAUSHIK,SOCIALIST UNITY CENTRE OF INDIA (COMMUNIST),lost,643
Chandni Chowk,Chandni Chowk(1),SAMEER MIRZA,RASHTRIYA REPUBLICAN PARTY,lost,513
Chandni Chowk,Chandni Chowk(1),SOHARSH GULGULIA JAIN,SWARAJ BHARTIYA NYAY PARTY,lost,503
Chandni Chowk,Chandni Chowk(1),SHYAM BHARTEEY,GAREEB AADMI PARTY,lost,463
Chandni Chowk,Chandni Chowk(1),GULJAR SINGH,PEOPLES PARTY OF INDIA (DEMOCRATIC),lost,424
Chandni Chowk,Chandni Chowk(1),YOGENDER SINGH,BHARATIYA LIBERAL PARTY,lost,389
Chandni Chowk,Chandni Chowk(1),VINOD KUMAR GUPTA,AKHIL BHARTIYA PARIVAR PARTY,lost,359
Chandni Chowk,Chandni Chowk(1),SHIVAM SAINI,RIGHT TO RECALL PARTY,lost,330
Chandni Chowk,Chandni Chowk(1),MANOJ KUMAR NIGAM,AKHIL BHARTIYA SUDHAR PARTY,lost,321
Chandni Chowk,Chandni Chowk(1),RAJESH GUPTA,BHARAT LOK SEWAK PARTY,lost,262
Chandni Chowk,Chandni Chowk(1),RAHUL SHARMA,RASHTRIYA MANGALAM PARTY,lost,257
Chandni Chowk,Chandni Chowk(1),SUNIL KUMAR,INDEPENDENT,lost,247
Chandni Chowk,Chandni Chowk(1),SUBHASH CHANDER,INDEPENDENT,lost,220
Chandni Chowk,Chandni Chowk(1),MOHD HAMID,BHARATHEEYA JAWAN KISAN PARTY,lost,189
Chandni Chowk,Chandni Chowk(1),PYUSH NARULA,INDEPENDENT,lost,172
Chandni Chowk,Chandni Chowk(1),HEENA,PUBLIC POLITICAL PARTY,lost,169
Chandni Chowk,Chandni Chowk(1),ASHOK KUMAR GUPTA,INDEPENDENT,lost,140
Chandrapur,Chandrapur(13),DHANORKAR PRATIBHA SURESH ALIAS BALUBHAU,INDIAN NATIONAL CONGRESS,won,718410
Chandrapur,Chandrapur(13),MUNGANTIWAR SUDHIR SACCHIDANAND,BHARATIYA JANATA PARTY,lost,458004
Chandrapur,Chandrapur(13),BELE RAJESH WARLUJI,VANCHIT BAHUJAN AAGHADI,lost,21980
Chandrapur,Chandrapur(13),NOTA,NONE OF THE ABOVE,nan,10843
Chandrapur,Chandrapur(13),RAJENDRA HARISHCHANDRA RAMTEKE,BAHUJAN SAMAJ PARTY,lost,9188
Chandrapur,Chandrapur(13),SANJAY NILKANTH GAWANDE,INDEPENDENT,lost,5088
Chandrapur,Chandrapur(13),DIWAKAR HARIJI URADE,INDEPENDENT,lost,3224
Chandrapur,Chandrapur(13),NAMDEO MANIKRAO SHEDMAKE,GONDVANA GANTANTRA PARTY,lost,2256
Chandrapur,Chandrapur(13),SEWAKDAS KAWDUJI BARKE,PEOPLES PARTY OF INDIA (DEMOCRATIC),lost,1998
Chandrapur,Chandrapur(13),AWACHIT SHAMRAO SAYAM,JANSEVA GONDWANA PARTY,lost,1906
Chandrapur,Chandrapur(13),MILIND PRALHAD DAHIWALE,INDEPENDENT,lost,1761
Chandrapur,Chandrapur(13),ASHOK RANAJI RATHOD,JAY VIDARBHA PARTY,lost,1670
Chandrapur,Chandrapur(13),VIKAS UTTAMRAO LASANTE,SANMAN RAJKIYA PAKSHA,lost,1520
Chandrapur,Chandrapur(13),VIDYASAGAR KALIDAS KASARLAWAR,BHIM SENA,lost,1426
Chandrapur,Chandrapur(13),VANITA JITENDRA RAUT,AKHIL BHARATIYA MANAVATA PAKSHA,lost,1057
Chandrapur,Chandrapur(13),PURNIMA DILIP GHONMODE,BAHUJAN REPUBLICAN SOCIALIST PARTY,lost,973
Chatra,Chatra(4),KALI CHARAN SINGH,BHARATIYA JANATA PARTY,won,574556
Chatra,Chatra(4),KRISHNA NAND TRIPATHI,INDIAN NATIONAL CONGRESS,lost,353597
Chatra,Chatra(4),AMIT KUMAR SINGH,INDEPENDENT,lost,31991
Chatra,Chatra(4),ARJUN KUMAR,COMMUNIST PARTY OF INDIA,lost,14122
Chatra,Chatra(4),DR. ABHISHEK KUMAR SINGH,INDEPENDENT,lost,14106
Chatra,Chatra(4),ARJUN PRAJAPATI,INDEPENDENT,lost,13328
Chatra,Chatra(4),DEEPAK KUMAR GUPTA,INDEPENDENT,lost,12566
Chatra,Chatra(4),NAGMANI,BAHUJAN SAMAJ PARTY,lost,11950
Chatra,Chatra(4),NOTA,NONE OF THE ABOVE,nan,8511
Chatra,Chatra(4),CHANDAN KUMAR,INDEPENDENT,lost,6582
Chatra,Chatra(4),MD ABUZAR KHAN,INDEPENDENT,lost,5823
Chatra,Chatra(4),YOGESH KUMAR SINGH,INDEPENDENT,lost,5112
Chatra,Chatra(4),BIMAL LAKRA,AMBEDKARITE PARTY OF INDIA,lost,5014
Chatra,Chatra(4),KARMLAL ORAON,PEOPLES PARTY OF INDIA (DEMOCRATIC),lost,4010
Chatra,Chatra(4),SUMIT KUMAR YADAV,SAMATA PARTY,lost,3516
Chatra,Chatra(4),SANJAY KUMAR SNEHI,LOKHIT ADHIKAR PARTY,lost,3216
Chatra,Chatra(4),MAHESH BANDO,BAHUJAN MUKTI PARTY,lost,3201
Chatra,Chatra(4),SRIRAM SINGH,INDEPENDENT,lost,2993
Chatra,Chatra(4),DARSHAN GANJHU,JHARKHAND PARTY,lost,2817
Chatra,Chatra(4),DULESHWAR SAW,BHARATHEEYA JAWAN KISAN PARTY,lost,2385
Chatra,Chatra(4),LAW KUMAR PANDIT,BHAGIDARI PARTY(P),lost,2380
Chatra,Chatra(4),KAMDEO DIHO RANA,RASHTRIYA JAN UTKARSH PARTY,lost,2309
Chatra,Chatra(4),VIKRANT KUMAR SINGH,INDEPENDENT,lost,2289
Chevella,Chevella(10),KONDA VISHWESHWAR REDDY,BHARATIYA JANATA PARTY,won,809882
Chevella,Chevella(10),DR GADDAM RANJITH REDDY,INDIAN NATIONAL CONGRESS,lost,636985
Chevella,Chevella(10),KASANI GYANESHWAR KASANI,BHARAT RASHTRA SAMITHI,lost,178968
Chevella,Chevella(10),NOTA,NONE OF THE ABOVE,nan,6423
Chevella,Chevella(10),RAMULU BINGI,YUGA THULASI PARTY,lost,4284
Chevella,Chevella(10),KONDA VISHVESHWAR REDDY,ALL INDIA FORWARD BLOC,lost,3748
Chevella,Chevella(10),SRIDEVI M,ALLIANCE OF DEMOCRATIC REFORMS PARTY,lost,2688
Chevella,Chevella(10),MOHAMMED SALEEM,RASHTRIYA PRAJA CONGRESS (SECULAR),lost,2373
Chevella,Chevella(10),SAHITHI DASARI,INDEPENDENT,lost,1938
Chevella,Chevella(10),RANJIT REDDY GADE,REVOLUTIONARY SOCIALIST PARTY,lost,1698
Chevella,Chevella(10),THOTLA RAGHAVENDER MUDIRAJ,DHARMA SAMAJ PARTY,lost,1648
Chevella,Chevella(10),MOHD SHAKEEL,DESH JANHIT PARTY,lost,1647
Chevella,Chevella(10),JANAPALA DURGA PRASAD,INDEPENDENT,lost,1517
Chevella,Chevella(10),JALEEL AHMED,INDEPENDENT,lost,1510
Chevella,Chevella(10),B V RAMESH NAIDU,SOCIALIST PARTY (INDIA),lost,1495
Chevella,Chevella(10),PHANI PRASAD KATAKAM,SOCIAL JUSTICE PARTY OF INDIA,lost,1426
Chevella,Chevella(10),SUGURU SRINIVAS,JAI SWARAJ PARTY,lost,1386
Chevella,Chevella(10),G MALLESHAM GOUD,INDEPENDENT,lost,1240
Chevella,Chevella(10),KATHULA YADAIAH,INDEPENDENT,lost,1155
Chevella,Chevella(10),DURGA PRASAD T,PRAJA VELUGU PARTY,lost,1139
Chevella,Chevella(10),V PANDU,INDEPENDENT,lost,1075
Chevella,Chevella(10),SANEM RAJU GOUD,PRAJA EKTHA PARTY,lost,971
Chevella,Chevella(10),GONE SRINIVAS REDDY,INDEPENDENT,lost,752
Chevella,Chevella(10),GOVIND LAL,INDEPENDENT,lost,661
Chevella,Chevella(10),MOHAMMED ABDUL QAVI ABBASI,ALL INDIA MAJLIS-E-INQUILAB-E-MILLAT,lost,635
Chevella,Chevella(10),MOHAMMAD PASHA,INDEPENDENT,lost,628
Chevella,Chevella(10),P GOVIND,BAHUJAN MUKTI PARTY,lost,611
Chevella,Chevella(10),EESARI SURYAPRAKASH REDDY,INDEPENDENT,lost,583
Chevella,Chevella(10),SUDHAKAR VANAM,MARXIST COMMUNIST PARTY OF INDIA (UNITED),lost,581
Chevella,Chevella(10),NARASIMHA REDDY DYAPA,TELANGANA REPUBLICAN PARTY,lost,525
Chevella,Chevella(10),MOHAMMED IQBAL,INDEPENDENT,lost,494
Chevella,Chevella(10),VISHWAKARMA SAPTHAGIRI,INDEPENDENT,lost,489
Chevella,Chevella(10),ANKAGALA PRAVEEN KUMAR,INDEPENDENT,lost,488
Chevella,Chevella(10),ANJANEYULU NEERATI,INDEPENDENT,lost,449
Chevella,Chevella(10),KANDIKEKAR SRINIVAS,INDEPENDENT,lost,446
Chevella,Chevella(10),CHINTALAGARI VENKAT SWAMY,BLUE INDIA PARTY,lost,436
Chevella,Chevella(10),PALAMAKULA MADHU,INDIA PRAJA BANDHU PARTY,lost,430
Chevella,Chevella(10),KAVALI SUKUMAR,INDEPENDENT,lost,397
Chevella,Chevella(10),SERUBAI VASANTH KUMAR,RASHTRA SAMANYA PRAJA PARTY,lost,312
Chevella,Chevella(10),MOHAMMED MUSTAFA RIZWAN,INDEPENDENT,lost,301
Chevella,Chevella(10),MOHAMMAD RIAZUR REHMAN SHAIK,INDEPENDENT,lost,285
Chevella,Chevella(10),MOHAMMED ALI,INDEPENDENT,lost,248
Chevella,Chevella(10),AMIR SAJID,INDEPENDENT,lost,228
Chevella,Chevella(10),MOHAMMED AFSAR QUDOOS,INDEPENDENT,lost,179
Chhota Udaipur,Chhota Udaipur(21),JASHUBHAI BHILUBHAI RATHVA,BHARATIYA JANATA PARTY,won,796589
Chhota Udaipur,Chhota Udaipur(21),SUKHRAMBHAI HARIYABHAI RATHWA,INDIAN NATIONAL CONGRESS,lost,397812
Chhota Udaipur,Chhota Udaipur(21),NOTA,NONE OF THE ABOVE,nan,29655
Chhota Udaipur,Chhota Udaipur(21),BHIL SOMABHAI GOKALBHAI,BAHUJAN SAMAJ PARTY,lost,16093
Chhota Udaipur,Chhota Udaipur(21),RATHVA FURAKANBHAI BALJIBHAI,MALWA CONGRESS,lost,11161
Chhota Udaipur,Chhota Udaipur(21),TADVI RANCHHODBHAI,BHARATIYA BAHUJAN CONGRESS,lost,8344
Chhota Udaipur,Chhota Udaipur(21),RATHVA MUKESHBHAI NURABHAI,INDEPENDENT,lost,8065
Chikkballapur,Chikkballapur(27),DR.K.SUDHAKAR,BHARATIYA JANATA PARTY,won,822619
Chikkballapur,Chikkballapur(27),M.S. RAKSHA RAMAIAH,INDIAN NATIONAL CONGRESS,lost,659159
Chikkballapur,Chikkballapur(27),NOTA,NONE OF THE ABOVE,nan,6596
Chikkballapur,Chikkballapur(27),MUNIVENKATAPPA M.P,COMMUNIST PARTY OF INDIA (MARXIST),lost,4557
Chikkballapur,Chikkballapur(27),MAHADEV. P,BAHUJAN SAMAJ PARTY,lost,4440
Chikkballapur,Chikkballapur(27),RAJANNA,INDEPENDENT,lost,3764
Chikkballapur,Chikkballapur(27),RAJA REDDY,INDEPENDENT,lost,3381
Chikkballapur,Chikkballapur(27),KALAVATHI. N,SOCIALIST UNITY CENTRE OF INDIA (COMMUNIST),lost,2744
Chikkballapur,Chikkballapur(27),VALASAPALLI UTAPPA,INDEPENDENT,lost,2162
Chikkballapur,Chikkballapur(27),VENKATESHMURTHY.V,UTTAMA PRAJAAKEEYA PARTY,lost,2020
Chikkballapur,Chikkballapur(27),D. SUDHAKARA,INDEPENDENT,lost,1689
Chikkballapur,Chikkballapur(27),SUDHAKAR. N,INDEPENDENT,lost,1591
Chikkballapur,Chikkballapur(27),G N RAVI,INDEPENDENT,lost,1465
Chikkballapur,Chikkballapur(27),BHASKAR ANKALAMADUGU SHIVAREDDY,INDEPENDENT,lost,1367
Chikkballapur,Chikkballapur(27),CHANDRASHEKAR. H.C,INDEPENDENT,lost,1282
Chikkballapur,Chikkballapur(27),MOHITH NARASIMHAMURTHY,INDEPENDENT,lost,1229
Chikkballapur,Chikkballapur(27),V.N. NARASIMHAMURTHY VADIGERE,INDEPENDENT,lost,1218
Chikkballapur,Chikkballapur(27),G.N. VENKATESH B.A.L.L.B,INDEPENDENT,lost,1207
Chikkballapur,Chikkballapur(27),DEVARAJ CORONA WARRIOR,INDEPENDENT,lost,1177
Chikkballapur,Chikkballapur(27),G SUBRAMANI SHETTY,KARNATAKA RASHTRA SAMITHI,lost,872
Chikkballapur,Chikkballapur(27),DR. M.R. RANGANATHA,INDEPENDENT,lost,857
Chikkballapur,Chikkballapur(27),NAGESH. S,DIGVIJAYA BHARATHA PARTY,lost,850
Chikkballapur,Chikkballapur(27),T.R. NARAYANA RAO,INDIAN LABOUR PARTY (AMBEDKAR PHULE),lost,762
Chikkballapur,Chikkballapur(27),"C.V. LOKESH GOWDA, B.E",INDEPENDENT,lost,701
Chikkballapur,Chikkballapur(27),D. CHINNAPPA,INDEPENDENT,lost,619
Chikkballapur,Chikkballapur(27),SANDESH.G,INDEPENDENT,lost,594
Chikkballapur,Chikkballapur(27),NASURULLA,INDEPENDENT,lost,583
Chikkballapur,Chikkballapur(27),K. VENKATESH,INDEPENDENT,lost,474
Chikkballapur,Chikkballapur(27),T VENKATA SIVUDU,INDEPENDENT,lost,440
Chikkballapur,Chikkballapur(27),G N. KODANDAREDDY,INDEPENDENT,lost,401
Chikkodi,Chikkodi(1),PRIYANKA SATISH JARKIHOLI,INDIAN NATIONAL CONGRESS,won,713461
Chikkodi,Chikkodi(1),ANNASAHEB SHANKAR JOLLE,BHARATIYA JANATA PARTY,lost,622627
Chikkodi,Chikkodi(1),KALLOLIKAR SHAMBHU KRISHNA,INDEPENDENT,lost,25466
Chikkodi,Chikkodi(1),SAMMED SARADAR VARDHAMANE,INDEPENDENT,lost,5353
Chikkodi,Chikkodi(1),SHRENIK ANNASAHEB JANGATE,INDEPENDENT,lost,5181
Chikkodi,Chikkodi(1),APPASAHEB SHRIPATI KURANE,SARVA JANATA PARTY,lost,4654
Chikkodi,Chikkodi(1),VILAS MANNUR,INDEPENDENT,lost,4150
Chikkodi,Chikkodi(1),NOTA,NONE OF THE ABOVE,nan,2608
Chikkodi,Chikkodi(1),SATTEPPA DASHARATH KALELI,BHARATHEEYA JAWAN KISAN PARTY,lost,1319
Chikkodi,Chikkodi(1),YASIN SHIRAJUDDIN PATAKI,INDEPENDENT,lost,1281
Chikkodi,Chikkodi(1),KASHINATH KALLAPPA KURANI,INDEPENDENT,lost,1108
Chikkodi,Chikkodi(1),MAHESH ASHOK KASAR,INDEPENDENT,lost,1009
Chikkodi,Chikkodi(1),MOHAN GURAPPA MOTANNAVAR,INDEPENDENT,lost,946
Chikkodi,Chikkodi(1),KUMAR SAMBHAJI DONGARE,KARNATAKA RASHTRA SAMITHI,lost,941
Chikkodi,Chikkodi(1),PAVANKUMAR BABURAV MALAGE,BAHUJAN BHARAT PARTY,lost,666
Chikkodi,Chikkodi(1),DR|| KADAYYA HIREMATH (SWAMIJI),INDEPENDENT,lost,647
Chikkodi,Chikkodi(1),BHIMASEN DATTU SANADI,INDEPENDENT,lost,619
Chikkodi,Chikkodi(1),GAJANAN L. PUJARI,INDEPENDENT,lost,600
Chikkodi,Chikkodi(1),JITENDRA SUBHASH NERLE,INDEPENDENT,lost,457
Chitradurga,Chitradurga(18),GOVIND MAKTHAPPA KARJOL,BHARATIYA JANATA PARTY,won,684890
Chitradurga,Chitradurga(18),B.N.CHANDRAPPA,INDIAN NATIONAL CONGRESS,lost,636769
Chitradurga,Chitradurga(18),ASHOKA CHAKRAVARTHI,BAHUJAN SAMAJ PARTY,lost,7705
Chitradurga,Chitradurga(18),NARASIMHARAJU. C.N.,KARNATAKA RASHTRA SAMITHI,lost,4950
Chitradurga,Chitradurga(18),SRINIVASAPURADA SRINIVASABABU PAVAGADA,INDEPENDENT,lost,4548
Chitradurga,Chitradurga(18),"B. VENKATESHA, SHILPI",INDEPENDENT,lost,4201
Chitradurga,Chitradurga(18),NOTA,NONE OF THE ABOVE,nan,3190
Chitradurga,Chitradurga(18),MANJUNATHA SWAMY T,INDEPENDENT,lost,2676
Chitradurga,Chitradurga(18),BHUTHARAJA. V.S.,INDEPENDENT,lost,2397
Chitradurga,Chitradurga(18),RAGHU KUMAR .S,INDEPENDENT,lost,2337
Chitradurga,Chitradurga(18),RAMESH NAIK .T.,UTTAMA PRAJAAKEEYA PARTY,lost,2206
Chitradurga,Chitradurga(18),NAGARAJAPPA,INDEPENDENT,lost,1679
Chitradurga,Chitradurga(18),K NARASHIMAMURTHY,INDEPENDENT,lost,1397
Chitradurga,Chitradurga(18),SUDHAKARA .R,INDEPENDENT,lost,1211
Chitradurga,Chitradurga(18),GANESH.,INDEPENDENT,lost,1093
Chitradurga,Chitradurga(18),TULASI.H,INDEPENDENT,lost,1082
Chitradurga,Chitradurga(18),SHABAREESH.,KARUNADA SEVAKARA PARTY,lost,1018
Chitradurga,Chitradurga(18),SUJATHA .D.,SOCIALIST UNITY CENTRE OF INDIA (COMMUNIST),lost,1014
Chitradurga,Chitradurga(18),DR M.P. DARAKESWARAIAH,INDEPENDENT,lost,992
Chitradurga,Chitradurga(18),AMRUTH RAJA.,INDEPENDENT,lost,834
Chitradurga,Chitradurga(18),B.T. RAMASUBBAIAH,INDIAN MOVEMENT PARTY,lost,720
Chittoor,Chittoor(SC)(25),DAGGUMALLA PRASADA RAO,TELUGU DESAM,won,778071
Chittoor,Chittoor(SC)(25),REDDEPPA.N .,YUVAJANA SRAMIKA RYTHU CONGRESS PARTY,lost,557592
Chittoor,Chittoor(SC)(25),MOTUKUR JAGAPATHI,INDIAN NATIONAL CONGRESS,lost,30150
Chittoor,Chittoor(SC)(25),THOGURU VIJAYA KUMAR,BAHUJAN SAMAJ PARTY,lost,13511
Chittoor,Chittoor(SC)(25),NOTA,NONE OF THE ABOVE,nan,11976
Chittoor,Chittoor(SC)(25),YUGANDAR . KONDA,INDEPENDENT,lost,6973
Chittoor,Chittoor(SC)(25),K.MUNI KRISHNA,INDEPENDENT,lost,3956
Chittoor,Chittoor(SC)(25),P.JANAKI RAMA RAO ( BABU),NATIONAL MAHA SABHA PARTY,lost,2833
Chittoor,Chittoor(SC)(25),PETA.MOHAN .,INDEPENDENT,lost,2366
Chittoor,Chittoor(SC)(25),C.SUDHAKAR,INDEPENDENT,lost,1935
Chittoor,Chittoor(SC)(25),N.CHANDRABABU,INDEPENDENT,lost,1885
Chittoor,Chittoor(SC)(25),MADASI SUDHARSHAN,INDEPENDENT,lost,1578
Chittoor,Chittoor(SC)(25),D.MAHESH,INDEPENDENT,lost,1119
Chittoor,Chittoor(SC)(25),P.MADHU,INDEPENDENT,lost,906
Chittoor,Chittoor(SC)(25),N.BHUPATHI,INDEPENDENT,lost,894
Chittoor,Chittoor(SC)(25),A. PURNA CHANDRA,INDEPENDENT,lost,857
Chittoor,Chittoor(SC)(25),PALLIPATTU.ABHINAV VISHNU,SAMAJWADI PARTY,lost,676
Chittoor,Chittoor(SC)(25),N.GANGAIAH .,INDEPENDENT,lost,552
Chittoor,Chittoor(SC)(25),T NARESH,INDEPENDENT,lost,534
Chittoor,Chittoor(SC)(25),BANDAPALLI RAMESH,INDEPENDENT,lost,493
Coochbehar,Coochbehar(1),JAGADISH CHANDRA BARMA BASUNIA,ALL INDIA TRINAMOOL CONGRESS,won,788375
Coochbehar,Coochbehar(1),NISITH PRAMANIK,BHARATIYA JANATA PARTY,lost,749125
Coochbehar,Coochbehar(1),NITISH CHANDRA ROY,ALL INDIA FORWARD BLOC,lost,30267
Coochbehar,Coochbehar(1),NOTA,NONE OF THE ABOVE,nan,15563
Coochbehar,Coochbehar(1),PIYA ROY CHOWDHURY,INDIAN NATIONAL CONGRESS,lost,10679
Coochbehar,Coochbehar(1),HAREKRISHNA SARKAR,INDEPENDENT,lost,9467
Coochbehar,Coochbehar(1),KAMALESH BARMAN,INDEPENDENT,lost,2993
Coochbehar,Coochbehar(1),NABI BARMAN,INDEPENDENT,lost,2724
Coochbehar,Coochbehar(1),SUBODH BARMAN,INDEPENDENT,lost,2599
Coochbehar,Coochbehar(1),DILIP CHANDRA BARMAN,SOCIALIST UNITY CENTRE OF INDIA (COMMUNIST),lost,2468
Coochbehar,Coochbehar(1),PURNA MOHAN ROY,BAHUJAN SAMAJ PARTY,lost,2097
Coochbehar,Coochbehar(1),BIDHAN DAS,INDEPENDENT,lost,2072
Coochbehar,Coochbehar(1),KISHORE RAY,INDEPENDENT,lost,1606
Coochbehar,Coochbehar(1),PRADIP KUMAR ROY,KAMATAPUR PEOPLE’S PARTY (UNITED),lost,1518
Coochbehar,Coochbehar(1),AMAL DAS,INDEPENDENT,lost,1495
Cuttack,Cuttack(14),BHARTRUHARI MAHTAB,BHARATIYA JANATA PARTY,won,531601
Cuttack,Cuttack(14),SANTRUPT MISRA,BIJU JANATA DAL,lost,474524
Cuttack,Cuttack(14),SURESH MOHAPATRA,INDIAN NATIONAL CONGRESS,lost,83815
Cuttack,Cuttack(14),NOTA,NONE OF THE ABOVE,nan,8159
Cuttack,Cuttack(14),PRAMOD KUMAR MALLICK,BAHUJAN SAMAJ PARTY,lost,4484
Cuttack,Cuttack(14),NIRANJAN PATI,INDEPENDENT,lost,4396
Cuttack,Cuttack(14),SOBHA PANDEY,INDEPENDENT,lost,3888
Cuttack,Cuttack(14),PRAKASH CHANDRA SAHOO,KRUPAA PARTY,lost,3794
Cuttack,Cuttack(14),RAJAKISHORE MALLIK,SOCIALIST UNITY CENTRE OF INDIA (COMMUNIST),lost,3075
Cuttack,Cuttack(14),GOKULANANDA MISHRA,INDEPENDENT,lost,1808
Cuttack,Cuttack(14),MINATI PATNAIK,SAMRUDDHA ODISHA,lost,1251
DAMOH,DAMOH(7),RAHUL SINGH LODHI,BHARATIYA JANATA PARTY,won,709768
DAMOH,DAMOH(7),TARBAR SINGH LODHI (BANTU BHAIYA),INDIAN NATIONAL CONGRESS,lost,303342
DAMOH,DAMOH(7),ENGINEER GOVERDHAN RAJ,BAHUJAN SAMAJ PARTY,lost,21404
DAMOH,DAMOH(7),BHAIYA VIJAY PATEL (KURMI) TIRGARH BALE,BHARTIYA SHAKTI CHETNA PARTY,lost,12217
DAMOH,DAMOH(7),MANU SINGH MARAVI,BHARAT ADIVASI PARTY,lost,7887
DAMOH,DAMOH(7),NOTA,NONE OF THE ABOVE,nan,7833
DAMOH,DAMOH(7),RAHUL BHAIYA S/O RAM PRATAP,INDEPENDENT,lost,6285
DAMOH,DAMOH(7),RAHUL BHAIYA S/O JEEVAN LAL,INDEPENDENT,lost,5561
DAMOH,DAMOH(7),VEDRAM KURMI,INDEPENDENT,lost,4057
DAMOH,DAMOH(7),RAJESH SINGH SOYAM,GONDVANA GANTANTRA PARTY,lost,3190
DAMOH,DAMOH(7),RAKESH KUMAR AHIRWAR,INDEPENDENT,lost,2051
DAMOH,DAMOH(7),NANDAN KUMAR AHIRWAL,INDEPENDENT,lost,1853
DAMOH,DAMOH(7),NEELESH SONI,INDEPENDENT,lost,1278
DAMOH,DAMOH(7),DURGA MOUSI,INDEPENDENT,lost,1124
DAMOH,DAMOH(7),TARVAR SINGH LODHI,INDEPENDENT,lost,1094
DAUSA,DAUSA (11),MURARI LAL MEENA,INDIAN NATIONAL CONGRESS,won,646266
DAUSA,DAUSA (11),KANHAIYA LAL MEENA,BHARATIYA JANATA PARTY,lost,408926
DAUSA,DAUSA (11),SONU DHANKA,BAHUJAN SAMAJ PARTY,lost,6797
DAUSA,DAUSA (11),NOTA,NONE OF THE ABOVE,nan,5846
DAUSA,DAUSA (11),"DR. RAM ROOP MEENA, ADVOCATE",INDEPENDENT,lost,2721
DAUSA,DAUSA (11),MOHAN LAL MEENA,INDEPENDENT,lost,2178
DEWAS,DEWAS(21),MAHENDRA SINGH SOLANKY,BHARATIYA JANATA PARTY,won,928941
DEWAS,DEWAS(21),RAJENDRA RADHAKISHAN MALVIYA,INDIAN NATIONAL CONGRESS,lost,503716
DEWAS,DEWAS(21),RAJENDRASINGH CHOKHUTIYA,BAHUJAN SAMAJ PARTY,lost,11203
DEWAS,DEWAS(21),NOTA,NONE OF THE ABOVE,nan,10389
DEWAS,DEWAS(21),RAMPRASAD,AAZAD SAMAJ PARTY (KANSHI RAM),lost,7220
DEWAS,DEWAS(21),NITIN VERMA,INDEPENDENT,lost,2761
DEWAS,DEWAS(21),ADVOCATE VIDAYARAJ MALAVIY,SOCIAL DEMOCRATIC PARTY OF INDIA,lost,2031
DEWAS,DEWAS(21),ENG. DEEPAK RAMESH CHANDRA VICHITRA,INDEPENDENT,lost,1595
DEWAS,DEWAS(21),HEMRAJ POONAMCHANDRA BAMNIYA,PUBLIC POLITICAL PARTY,lost,1248
DHAR,DHAR(25),SAVITRI THAKUR,BHARATIYA JANATA PARTY,won,794449
DHAR,DHAR(25),RADHESHYAM MUVEL,INDIAN NATIONAL CONGRESS,lost,575784
DHAR,DHAR(25),NOTA,NONE OF THE ABOVE,nan,15651
DHAR,DHAR(25),DHUMSINGH MANDLOI MACHHAR,BAHUJAN SAMAJ PARTY,lost,14956
DHAR,DHAR(25),JITENDRA MUNIYA,BHARAT ADIVASI PARTY,lost,10621
DHAR,DHAR(25),SUNIL AJRAWAT,INDEPENDENT,lost,5408
DHAR,DHAR(25),SHIVAJI PATEL KALMI,INDEPENDENT,lost,4700
DHAR,DHAR(25),VIKRAM VASUNIYA,JANATA CONGRESS,lost,3475
DHARMAPURI,DHARMAPURI(10),MANI. A.,DRAVIDA MUNNETRA KAZHAGAM,won,432667
DHARMAPURI,DHARMAPURI(10),SOWMIYA ANBUMANI,PATTALI MAKKAL KATCHI,lost,411367
DHARMAPURI,DHARMAPURI(10),ASOKAN. R. DR.,ALL INDIA ANNA DRAVIDA MUNNETRA KAZHAGAM,lost,293629
DHARMAPURI,DHARMAPURI(10),ABINAYA,NAAM TAMILAR KATCHI,lost,65381
DHARMAPURI,DHARMAPURI(10),NOTA,NONE OF THE ABOVE,nan,9198
DHARMAPURI,DHARMAPURI(10),THANGAVEL. K.,DHESIYA MAKKAL KAZHAGAM,lost,7331
DHARMAPURI,DHARMAPURI(10),THIRUMURUGAN. P.,INDEPENDENT,lost,5671
DHARMAPURI,DHARMAPURI(10),HARI. R.,BAHUJAN SAMAJ PARTY,lost,3166
DHARMAPURI,DHARMAPURI(10),SOWMIYA,INDEPENDENT,lost,3028
DHARMAPURI,DHARMAPURI(10),ELAYARANI. P.,GANASANGAM PARTY OF INDIA,lost,2315
DHARMAPURI,DHARMAPURI(10),ARUMUGAM. M.,INDEPENDENT,lost,2290
DHARMAPURI,DHARMAPURI(10),AGNI AALVAR,INDEPENDENT,lost,1651
DHARMAPURI,DHARMAPURI(10),PALANI. K.,INDEPENDENT,lost,1450
DHARMAPURI,DHARMAPURI(10),MANI. R.,INDEPENDENT,lost,1033
DHARMAPURI,DHARMAPURI(10),ASHOKAN. M.,INDEPENDENT,lost,1026
DHARMAPURI,DHARMAPURI(10),ALAGARASAN. R.,INDEPENDENT,lost,900
DHARMAPURI,DHARMAPURI(10),SUNDHARAMOORTHY. M.,INDEPENDENT,lost,800
DHARMAPURI,DHARMAPURI(10),MANI. C.,INDEPENDENT,lost,710
DHARMAPURI,DHARMAPURI(10),PARTHASARATHI,TAMILAR MAKKAL KATCHI,lost,709
DHARMAPURI,DHARMAPURI(10),PADMARAJAN. K. DR.,INDEPENDENT,lost,657
DHARMAPURI,DHARMAPURI(10),MANIVASAGAM. C.,INDEPENDENT,lost,651
DHARMAPURI,DHARMAPURI(10),ASOKAN. G.,INDEPENDENT,lost,611
DHARMAPURI,DHARMAPURI(10),AYYAKANNU,INDEPENDENT,lost,586
DHARMAPURI,DHARMAPURI(10),JAGANATHAN. A.,INDEPENDENT,lost,553
DHARMAPURI,DHARMAPURI(10),MANI. S.,INDEPENDENT,lost,452
DINDIGUL,DINDIGUL(22),SACHITHANANTHAM R,COMMUNIST PARTY OF INDIA (MARXIST),won,670149
DINDIGUL,DINDIGUL(22),MOHAMED MUBARAK M A,ALL INDIA ANNA DRAVIDA MUNNETRA KAZHAGAM,lost,226328
DINDIGUL,DINDIGUL(22),THILGABAMA M,PATTALI MAKKAL KATCHI,lost,112503
DINDIGUL,DINDIGUL(22),KAILAI RAJAN D,NAAM TAMILAR KATCHI,lost,97845
DINDIGUL,DINDIGUL(22),NOTA,NONE OF THE ABOVE,nan,22120
DINDIGUL,DINDIGUL(22),RAJKUMAR R,INDEPENDENT,lost,4416
DINDIGUL,DINDIGUL(22),NATCHIMUTHU S,BAHUJAN SAMAJ PARTY,lost,4284
DINDIGUL,DINDIGUL(22),DINESHKUMAR S,ALL INDIA YOUTH DEVELOPMENT PARTY,lost,2434
DINDIGUL,DINDIGUL(22),MURUGESAN (A) VISHNU MURUGESAN C,INDEPENDENT,lost,2008
DINDIGUL,DINDIGUL(22),ANGUCHAMY M,INDEPENDENT,lost,1290
DINDIGUL,DINDIGUL(22),SURESH K,INDEPENDENT,lost,1257
DINDIGUL,DINDIGUL(22),ARUMUGAM R,INDEPENDENT,lost,1089
DINDIGUL,DINDIGUL(22),ANBUROSE D,INDEPENDENT,lost,1012
DINDIGUL,DINDIGUL(22),SABARINATH S,INDEPENDENT,lost,1011
DINDIGUL,DINDIGUL(22),PALANISAMY K,INDEPENDENT,lost,949
DINDIGUL,DINDIGUL(22),SATHISH KANNA G T,INDEPENDENT,lost,926
DURG,DURG(7),VIJAY BAGHEL,BHARATIYA JANATA PARTY,won,956497
DURG,DURG(7),RAJENDRA SAHU,INDIAN NATIONAL CONGRESS,lost,518271
DURG,DURG(7),DILIP RAMTEKE,BAHUJAN SAMAJ PARTY,lost,13333
DURG,DURG(7),ANOOP KUMAR PANDEY,INDEPENDENT,lost,7766
DURG,DURG(7),NOTA,NONE OF THE ABOVE,nan,5617
DURG,DURG(7),DR. ANJU KEME,EKAM SANATAN BHARAT DAL,lost,5241
DURG,DURG(7),ALI HUSSAIN SIDDIQUI,INDEPENDENT,lost,5050
DURG,DURG(7),ARUN JOSHI,INDEPENDENT,lost,4753
DURG,DURG(7),DHRUV KUMAR SONI URF LANGUR SONI,INDEPENDENT,lost,3815
DURG,DURG(7),KHILANAND JASPAL,INDEPENDENT,lost,3281
DURG,DURG(7),SUKHADEV TANDON,RASHTRIYA JANSABHA PARTY,lost,2617
DURG,DURG(7),ASHOK JAIN,INDEPENDENT,lost,1902
DURG,DURG(7),BALDEV SAHU,INDEPENDENT,lost,1613
DURG,DURG(7),PUSHPA MAIRISHA,AMBEDKARITE PARTY OF INDIA,lost,1561
DURG,DURG(7),HARICHAND THAKUR,INDEPENDENT,lost,1452
DURG,DURG(7),SAVITA SHAILENDRA BANJARE,SHAKTI SENA (BHARAT DESH),lost,1396
DURG,DURG(7),RAKESH SAHU,NYAYDHARMSABHA,lost,1262
DURG,DURG(7),SHITKARAN MAHILWAR,AAZAD SAMAJ PARTY (KANSHI RAM),lost,1183
DURG,DURG(7),DR. HARISHCHANDRA SAHU,INDEPENDENT,lost,1116
DURG,DURG(7),SHANKAR THAKUR,GONDVANA GANTANTRA PARTY,lost,1073
DURG,DURG(7),YASHWANT SITARAM SAHU,BHARTIYA SHAKTI CHETNA PARTY,lost,901
DURG,DURG(7),SHYAM SUNDER SAHU,LOKTANTRA CONGRESS PARTY,lost,899
DURG,DURG(7),VIKAS SHARMA,LOKSHAHI EKTA PARTY,lost,798
DURG,DURG(7),SANTOSH KUMAR MARKANDE,INDEPENDENT,lost,650
DURG,DURG(7),BHAGBALI SIVARE,INDEPENDENT,lost,389
DURG,DURG(7),BHANUPRATAP CHATURVEDI,INDEPENDENT,lost,351
Dadar and Nagar Haveli,Dadar and Nagar Haveli(2),DELKAR KALABEN MOHANBHAI,BHARATIYA JANATA PARTY,won,121074
Dadar and Nagar Haveli,Dadar and Nagar Haveli(2),AJIT RAMJIBHAI MAHALA,INDIAN NATIONAL CONGRESS,lost,63490
Dadar and Nagar Haveli,Dadar and Nagar Haveli(2),KURADA DEEPAKBHAI,BHARAT ADIVASI PARTY,lost,10197
Dadar and Nagar Haveli,Dadar and Nagar Haveli(2),NOTA,NONE OF THE ABOVE,nan,5151
Dadar and Nagar Haveli,Dadar and Nagar Haveli(2),BORSA SANDIPBHAI S,BAHUJAN SAMAJ PARTY,lost,3152
Dadar and Nagar Haveli,Dadar and Nagar Haveli(2),SHAILESHBHAI VARTHA,INDEPENDENT,lost,2524
Dahod,Dahod(19),JASWANTSINH SUMANBHAI BHABHOR,BHARATIYA JANATA PARTY,won,688715
Dahod,Dahod(19),DR. PRABHABEN KISHORSINH TAVIYAD,INDIAN NATIONAL CONGRESS,lost,355038
Dahod,Dahod(19),NOTA,NONE OF THE ABOVE,nan,34938
Dahod,Dahod(19),MEDA DEVENDRAKUMAR LAXMANBHAI,INDEPENDENT,lost,11075
Dahod,Dahod(19),BHABHOR DHULABHAI DITABHAI,BAHUJAN SAMAJ PARTY,lost,8632
Dahod,Dahod(19),BARIYA MANILAL HIRABHAI,INDEPENDENT,lost,6588
Dahod,Dahod(19),DAMOR VESTABHAI JOKHANABHAI,INDEPENDENT,lost,4400
Dahod,Dahod(19),DAMOR MANABHAI BHAVSINGBHAI,INDEPENDENT,lost,3173
Dahod,Dahod(19),JAGDISHBHAI MANILAL MEDA,BHARATIYA NATIONAL JANATA DAL,lost,3062
Dahod,Dahod(19),PASAYA NAVALSINH MULABHAI,SAATH SAHAKAR VIKAS PARTY,lost,2673
Dakshina Kannada,Dakshina Kannada(17),CAPTAIN BRIJESH CHOWTA,BHARATIYA JANATA PARTY,won,764132
Dakshina Kannada,Dakshina Kannada(17),PADMARAJ.R.POOJARY,INDIAN NATIONAL CONGRESS,lost,614924
Dakshina Kannada,Dakshina Kannada(17),NOTA,NONE OF THE ABOVE,nan,23576
Dakshina Kannada,Dakshina Kannada(17),KANTHAPPA ALANGAR,BAHUJAN SAMAJ PARTY,lost,4232
Dakshina Kannada,Dakshina Kannada(17),DURGA PRASAD,KARUNADA SEVAKARA PARTY,lost,2592
Dakshina Kannada,Dakshina Kannada(17),SUPREETH KUMAR POOJARY KATEEL,INDEPENDENT,lost,1901
Dakshina Kannada,Dakshina Kannada(17),MAXIM PINTO,INDEPENDENT,lost,1690
Dakshina Kannada,Dakshina Kannada(17),DEEPAK RAJESH COELHO,INDEPENDENT,lost,976
Dakshina Kannada,Dakshina Kannada(17),PRAJAAKEEYA MANOHARA,UTTAMA PRAJAAKEEYA PARTY,lost,971
Dakshina Kannada,Dakshina Kannada(17),RANJINI. M,KARNATAKA RASHTRA SAMITHI,lost,776
Daman and Diu,Daman and Diu (1),PATEL UMESHBHAI BABUBHAI,INDEPENDENT,won,42523
Daman and Diu,Daman and Diu (1),LALUBHAI BABUBHAI PATEL,BHARATIYA JANATA PARTY,lost,36298
Daman and Diu,Daman and Diu (1),KETAN DAHYABHAI PATEL,INDIAN NATIONAL CONGRESS,lost,11258
Daman and Diu,Daman and Diu (1),NOTA,NONE OF THE ABOVE,nan,978
Daman and Diu,Daman and Diu (1),UMESH PATEL,NAVSARJAN BHARAT PARTY,lost,545
Daman and Diu,Daman and Diu (1),SAKIL LATIF KHAN,INDEPENDENT,lost,323
Daman and Diu,Daman and Diu (1),IDRISH G MULLA,INDEPENDENT,lost,247
Daman and Diu,Daman and Diu (1),PATEL UMESHBHAI BABU,INDEPENDENT,lost,238
Darbhanga,Darbhanga(14),GOPAL JEE THAKUR,BHARATIYA JANATA PARTY,won,566630
Darbhanga,Darbhanga(14),LALIT KUMAR YADAV,RASHTRIYA JANATA DAL,lost,388474
Darbhanga,Darbhanga(14),NOTA,NONE OF THE ABOVE,nan,23904
Darbhanga,Darbhanga(14),SAROJ CHAUDHARY,MITHILANCHAL MUKTI MORCHA,lost,18025
Darbhanga,Darbhanga(14),DURGANANDA MAHAVIR NAYAK,BAHUJAN SAMAJ PARTY,lost,8268
Darbhanga,Darbhanga(14),MITHILESH MAHTO,INDEPENDENT,lost,6992
Darbhanga,Darbhanga(14),KISHOR KUMAR DAS,AKHIL BHARTIYA PARIVAR PARTY,lost,5721
Darbhanga,Darbhanga(14),RAJNISH KUMAR,JANTANTRA AWAJ PARTY,lost,3638
Darbhanga,Darbhanga(14),RANJEET KUMAR RAM,WAZIB ADHIKAR PARTY,lost,2532
Darjeeling,Darjeeling(4),RAJU BISTA,BHARATIYA JANATA PARTY,won,679331
Darjeeling,Darjeeling(4),GOPAL LAMA,ALL INDIA TRINAMOOL CONGRESS,lost,500806
Darjeeling,Darjeeling(4),MUNISH TAMANG,INDIAN NATIONAL CONGRESS,lost,83374
Darjeeling,Darjeeling(4),NOTA,NONE OF THE ABOVE,nan,18021
Darjeeling,Darjeeling(4),BANDANA RAI,INDEPENDENT,lost,13674
Darjeeling,Darjeeling(4),BISHNU PRASAD SHARMA,INDEPENDENT,lost,7447
Darjeeling,Darjeeling(4),BHUPENDRA LEPCHA,INDEPENDENT,lost,6395
Darjeeling,Darjeeling(4),ATASI BISWAS,KISAN MAZDOOR SANGHARSH PARTY,lost,4641
Darjeeling,Darjeeling(4),PRADHAN MARDI,AMBEDKARITE PARTY OF INDIA,lost,2747
Darjeeling,Darjeeling(4),KHUSHI RANJAN MANDAL,INDEPENDENT,lost,2337
Darjeeling,Darjeeling(4),KALICHARAN BARMAN,INDEPENDENT,lost,2079
Darjeeling,Darjeeling(4),QAMRUL HAQUE,NORTH BENGAL PEOPLE’S PARTY,lost,1853
Darjeeling,Darjeeling(4),BUDHARU ROY,KAMATAPUR PEOPLE’S PARTY (UNITED),lost,1762
Darjeeling,Darjeeling(4),SHAHRIAR ALAM,SOCIALIST UNITY CENTRE OF INDIA (COMMUNIST),lost,1614
Darjeeling,Darjeeling(4),SUBODH PAKHRIN,GORKHA RASHTRIYA CONGRESS,lost,1331
Darrang-Udalguri,Darrang-Udalguri(4),DILIP SAIKIA,BHARATIYA JANATA PARTY,won,868387
Darrang-Udalguri,Darrang-Udalguri(4),MADHAB RAJBANGSHI,INDIAN NATIONAL CONGRESS,lost,539375
Darrang-Udalguri,Darrang-Udalguri(4),DURGADAS BORO,BODOLAND PEOPLES FRONT,lost,310574
Darrang-Udalguri,Darrang-Udalguri(4),NOTA,NONE OF THE ABOVE,nan,23204
Darrang-Udalguri,Darrang-Udalguri(4),DANIEL MARDI,INDEPENDENT,lost,14291
Darrang-Udalguri,Darrang-Udalguri(4),AROON BAROOA,BHARATHEEYA JAWAN KISAN PARTY,lost,12563
Darrang-Udalguri,Darrang-Udalguri(4),SWARNA DEVI,GANA SURAKSHA PARTY,lost,11112
Darrang-Udalguri,Darrang-Udalguri(4),LALIT PEGU,VOTERS PARTY INTERNATIONAL,lost,10915
Darrang-Udalguri,Darrang-Udalguri(4),JITENDRA CHALIHA,SOCIALIST UNITY CENTRE OF INDIA (COMMUNIST),lost,7452
Darrang-Udalguri,Darrang-Udalguri(4),ABUL KASEM,REPUBLICAN PARTY OF INDIA (ATHAWALE),lost,4973
Darrang-Udalguri,Darrang-Udalguri(4),BIREN BASAK,BHARATIYA GANA PARISHAD,lost,4623
Darrang-Udalguri,Darrang-Udalguri(4),ABDUL HAMED,RASHTRIYA ULAMA COUNCIL,lost,3731
Davanagere,Davanagere(13),DR. PRABHA MALLIKARJUN,INDIAN NATIONAL CONGRESS,won,633059
Davanagere,Davanagere(13),GAYITHRI SIDDESHWARA,BHARATIYA JANATA PARTY,lost,606965
Davanagere,Davanagere(13),G.B.VINAY KUMAR,INDEPENDENT,lost,42907
Davanagere,Davanagere(13),T.JABEENA AAPA,INDEPENDENT,lost,5128
Davanagere,Davanagere(13),D. HANUMANTHAPPA,BAHUJAN SAMAJ PARTY,lost,4475
Davanagere,Davanagere(13),TASLIM BANU,INDEPENDENT,lost,4141
Davanagere,Davanagere(13),NOTA,NONE OF THE ABOVE,nan,3176
Davanagere,Davanagere(13),T.CHANDRU,INDEPENDENT,lost,3043
Davanagere,Davanagere(13),G.M.GAYITRI SIDDESHI,INDEPENDENT,lost,2464
Davanagere,Davanagere(13),PARAVEEJ.H,INDEPENDENT,lost,1869
Davanagere,Davanagere(13),ESHWARA SHENGA,UTTAMA PRAJAAKEEYA PARTY,lost,1430
Davanagere,Davanagere(13),A.K.GANESH,INDEPENDENT,lost,1055
Davanagere,Davanagere(13),M.C.SREENIVAS,BHARATIYA PRAJAGALA KALYANA PAKSHA,lost,973
Davanagere,Davanagere(13),ANABERU THIPPESWAMY,SOCIALIST UNITY CENTRE OF INDIA (COMMUNIST),lost,849
Davanagere,Davanagere(13),SYED ZABIULLA.K,INDEPENDENT,lost,844
Davanagere,Davanagere(13),SALEEM S,INDEPENDENT,lost,799
Davanagere,Davanagere(13),MOHAMED HAYATH.M,INDEPENDENT,lost,722
Davanagere,Davanagere(13),ABDUL NAZEER AHAMMED,INDEPENDENT,lost,652
Davanagere,Davanagere(13),RASHEED KHAN,INDEPENDENT,lost,600
Davanagere,Davanagere(13),M.G.SRIKANTH,NAVABHARATH SENA,lost,561
Davanagere,Davanagere(13),M.P. KHALANDAR,COUNTRY CITIZEN PARTY,lost,539
Davanagere,Davanagere(13),PEDDAPPA S,INDEPENDENT,lost,508
Davanagere,Davanagere(13),K.S. VEERBHADRAPPA,KARNATAKA RASHTRA SAMITHI,lost,475
Davanagere,Davanagere(13),G.M.BARKATH ALI BASHA,INDEPENDENT,lost,471
Davanagere,Davanagere(13),VEERESH.S (LION VEERESH),RANI CHENNAMMA PARTY,lost,458
Davanagere,Davanagere(13),DODDESH.H.S,JANAHITHA PAKSHA,lost,440
Davanagere,Davanagere(13),BARKATH ALI,INDEPENDENT,lost,411
Davanagere,Davanagere(13),MANJU. MARIKOPPA,INDEPENDENT,lost,378
Davanagere,Davanagere(13),RUDRESHA.K.H,SAMAJ VIKAS KRANTI PARTY,lost,348
Davanagere,Davanagere(13),RAVINAIK. B,INDEPENDENT,lost,320
Davanagere,Davanagere(13),MAHABUB BASHA,INDEPENDENT,lost,308
Deoria,Deoria(66),SHASHANK MANI,BHARATIYA JANATA PARTY,won,504541
Deoria,Deoria(66),AKHILESH PRATAP SINGH,INDIAN NATIONAL CONGRESS,lost,469699
Deoria,Deoria(66),SANDESH,BAHUJAN SAMAJ PARTY,lost,45564
Deoria,Deoria(66),NOTA,NONE OF THE ABOVE,nan,10212
Deoria,Deoria(66),SATENDER KUMAR MALL,INDEPENDENT,lost,4158
Deoria,Deoria(66),MUKTINATH SINGH,JANTA SAMTA PARTY,lost,3264
Deoria,Deoria(66),AGAMSWAROOP,RASHTRIYA SAMANTA DAL,lost,3182
Deoria,Deoria(66),RAFIK ANSARI,INDEPENDENT,lost,2688
Dhanbad,Dhanbad(7),DULU MAHATO,BHARATIYA JANATA PARTY,won,789172
Dhanbad,Dhanbad(7),ANUPAMA SINGH,INDIAN NATIONAL CONGRESS,lost,457589
Dhanbad,Dhanbad(7),MD. EKLAK ANSARI,INDEPENDENT,lost,79653
Dhanbad,Dhanbad(7),JAGDISH RAWANI,INDEPENDENT,lost,27635
Dhanbad,Dhanbad(7),JANAK SAH GOND,INDEPENDENT,lost,12764
Dhanbad,Dhanbad(7),NOTA,NONE OF THE ABOVE,nan,7354
Dhanbad,Dhanbad(7),MD. ZAHIRUDDIN KHAN,INDEPENDENT,lost,6500
Dhanbad,Dhanbad(7),MOHAN SINGH,BAHUJAN SAMAJ PARTY,lost,5639
Dhanbad,Dhanbad(7),TULSI MAHTO,INDEPENDENT,lost,5375
Dhanbad,Dhanbad(7),KAMASHEVAR PRA. VERMA,INDEPENDENT,lost,4004
Dhanbad,Dhanbad(7),SUNAINA KINNAR,INDEPENDENT,lost,3462
Dhanbad,Dhanbad(7),AKBAR ALI,AKHIL BHARTIYA PARIVAR PARTY,lost,3041
Dhanbad,Dhanbad(7),KRISHNA CHANDRA SINGH RAJ,SAMATA PARTY,lost,2821
Dhanbad,Dhanbad(7),ANINDITA DAS,INDEPENDENT,lost,2674
Dhanbad,Dhanbad(7),REZAUL HAQUE,LOKHIT ADHIKAR PARTY,lost,2649
Dhanbad,Dhanbad(7),LAKSHMI DEVI,INDEPENDENT,lost,2605
Dhanbad,Dhanbad(7),UMESH PASWAN,INDEPENDENT,lost,2560
Dhanbad,Dhanbad(7),MOHAMMAD FAISHAL KHAN,INDEPENDENT,lost,1996
Dhanbad,Dhanbad(7),RAJIB TIWARI,SOCIALIST UNITY CENTRE OF INDIA (COMMUNIST),lost,1890
Dhanbad,Dhanbad(7),NITAI DUTTA,INDEPENDENT,lost,1743
Dhanbad,Dhanbad(7),DEEPAK KUMAR DAS,PEOPLES PARTY OF INDIA (DEMOCRATIC),lost,1735
Dhanbad,Dhanbad(7),SANJAY KUMAR GIRI,AKHIL BHARAT HINDU MAHASABHA,lost,1627
Dhanbad,Dhanbad(7),PERWEZ NEYYAR,AAZAD SAMAJ PARTY (KANSHI RAM),lost,1161
Dhanbad,Dhanbad(7),TRIDEV KR MAHTO,INDEPENDENT,lost,1144
Dhanbad,Dhanbad(7),MOHAMMAD TAFAZUL HUSSAIN,INDEPENDENT,lost,681
Dhanbad,Dhanbad(7),PREM PRAKASH PASWAN,INDEPENDENT,lost,533
Dharwad,Dharwad(11),PRALHAD JOSHI,BHARATIYA JANATA PARTY,won,716231
Dharwad,Dharwad(11),VINOD ASOOTI,INDIAN NATIONAL CONGRESS,lost,618907
Dharwad,Dharwad(11),NOTA,NONE OF THE ABOVE,nan,6147
Dharwad,Dharwad(11),SHAKEELAHMAD.D.MULLA,INDEPENDENT,lost,5872
Dharwad,Dharwad(11),S. S. PATIL,INDEPENDENT,lost,5161
Dharwad,Dharwad(11),RAJU ANANTSA NAIKWADI,INDEPENDENT,lost,3601
Dharwad,Dharwad(11),JAVEED AHAMED BELGAUMKAR.,NAKI BHARATIYA EKTA PARTY,lost,3558
Dharwad,Dharwad(11),SHARANABASAV GONAVAR,SOCIALIST UNITY CENTRE OF INDIA (COMMUNIST),lost,1167
Dharwad,Dharwad(11),BALANAGOUDRA MALLIKARJUNAGOUDA,INDEPENDENT,lost,987
Dharwad,Dharwad(11),TAKAPPA YALLAPPA KALAL,PRAHAR JANSHAKTI PARTY,lost,905
Dharwad,Dharwad(11),BUGADI BASAVALINGAPPA IRAPPA,UTTAMA PRAJAAKEEYA PARTY,lost,800
Dharwad,Dharwad(11),NAGARAJ. KARENNAVAR.,KARNATAKA RASHTRA SAMITHI,lost,555
Dharwad,Dharwad(11),PRAVEEN H. H.,INDEPENDENT,lost,548
Dharwad,Dharwad(11),DR. GURAPPA H IMRAPUR,INDEPENDENT,lost,514
Dharwad,Dharwad(11),BANKAPUR SHOUKATALI,TIPU SULTAN PARTY,lost,473
Dharwad,Dharwad(11),VINOD DASHARATH GHODKE,"PROUTIST BLOC, INDIA",lost,411
Dharwad,Dharwad(11),VENKATESH PRASAD. H,INDIAN LABOUR PARTY (AMBEDKAR PHULE),lost,337
Dharwad,Dharwad(11),MOHAMMED ISMAIL MUKTI,BHARATIYA PRAJAGALA KALYANA PAKSHA,lost,317
Dhaurahra,Dhaurahra(29),ANAND BHADAURIYA,SAMAJWADI PARTY,won,443743
Dhaurahra,Dhaurahra(29),REKHA VERMA,BHARATIYA JANATA PARTY,lost,439294
Dhaurahra,Dhaurahra(29),SHYAM KISHOR AWASTHI,BAHUJAN SAMAJ PARTY,lost,185474
Dhaurahra,Dhaurahra(29),JANARDAN PRASAD,COMMUNIST PARTY OF INDIA,lost,15900
Dhaurahra,Dhaurahra(29),NOTA,NONE OF THE ABOVE,nan,7144
Dhaurahra,Dhaurahra(29),RAJESH KUMAR,POLITICAL JUSTICE PARTY,lost,5023
Dhaurahra,Dhaurahra(29),ASHUTOSH PATHAK,AAM JANTA PARTY (INDIA),lost,3556
Dhaurahra,Dhaurahra(29),SUDESH KUMAR,LOK JAN SANGHARSH PARTY,lost,2814
Dhaurahra,Dhaurahra(29),SAMRENDRA KUMAR,INDEPENDENT,lost,2484
Dhaurahra,Dhaurahra(29),VIJAY KUMAR TIWARI,INDEPENDENT,lost,2017
Dhaurahra,Dhaurahra(29),KASIM ALI,PEACE PARTY,lost,1812
Dhaurahra,Dhaurahra(29),SAKASEN,SARDAR PATEL SIDDHANT PARTY,lost,1296
Dhaurahra,Dhaurahra(29),RAM NARESH,INDEPENDENT,lost,1290
Dhenkanal,Dhenkanal(9),RUDRA NARAYAN PANY,BHARATIYA JANATA PARTY,won,598721
Dhenkanal,Dhenkanal(9),ABINASH SAMAL,BIJU JANATA DAL,lost,522154
Dhenkanal,Dhenkanal(9),SASHMITA BEHERA,INDIAN NATIONAL CONGRESS,lost,34730
Dhenkanal,Dhenkanal(9),NOTA,NONE OF THE ABOVE,nan,13777
Dhenkanal,Dhenkanal(9),PRAFULLA KUMAR NAIK,BAHUJAN SAMAJ PARTY,lost,4895
Dhenkanal,Dhenkanal(9),MAHESWAR SAHOO,INDEPENDENT,lost,4629
Dhenkanal,Dhenkanal(9),MANASI SWAIN,SOCIALIST UNITY CENTRE OF INDIA (COMMUNIST),lost,3384
Dhenkanal,Dhenkanal(9),PRIYABRATA GARNAIK,INDEPENDENT,lost,2909
Dhenkanal,Dhenkanal(9),JANARDAN NAIK,INDEPENDENT,lost,2653
Dhenkanal,Dhenkanal(9),KAILAS CHANDRA PRADHAN,INDEPENDENT,lost,2213
Dhenkanal,Dhenkanal(9),SWAPNA RANI JAMES,UTKAL SAMAJ,lost,1608
Dhubri,Dhubri (2),RAKIBUL HUSSAIN,INDIAN NATIONAL CONGRESS,won,1471885
Dhubri,Dhubri (2),MOHAMMED BADRUDDIN AJMAL,ALL INDIA UNITED DEMOCRATIC FRONT,lost,459409
Dhubri,Dhubri (2),ZABED ISLAM,ASOM GANA PARISHAD,lost,438594
Dhubri,Dhubri (2),NOTA,NONE OF THE ABOVE,nan,15015
Dhubri,Dhubri (2),S. M. JIAUL HAQUE,BHARATIYA GANA PARISHAD,lost,12106
Dhubri,Dhubri (2),FARUK KHAN,INDEPENDENT,lost,10994
Dhubri,Dhubri (2),BISWAJIT RAY,INDEPENDENT,lost,7703
Dhubri,Dhubri (2),ALAKESH ROY,INDEPENDENT,lost,6990
Dhubri,Dhubri (2),HAFIZ BURHANUDDIN,THE NATIONAL ROAD MAP PARTY OF INDIA,lost,6940
Dhubri,Dhubri (2),RADHARANI BISWAS,HINDU SAMAJ PARTY,lost,6287
Dhubri,Dhubri (2),TAHIDUR RAHMAN,VOTERS PARTY INTERNATIONAL,lost,5392
Dhubri,Dhubri (2),SHUKUR ALI,ASOM JANA MORCHA,lost,4792
Dhubri,Dhubri (2),SURAT ZAMAN MONDAL,SOCIALIST UNITY CENTRE OF INDIA (COMMUNIST),lost,4015
Dhubri,Dhubri (2),REJAUL KARIM,REPUBLICAN PARTY OF INDIA (ATHAWALE),lost,3486
Dhule,Dhule(2),BACHHAV SHOBHA DINESH,INDIAN NATIONAL CONGRESS,won,583866
Dhule,Dhule(2),BHAMRE SUBHASH RAMRAO,BHARATIYA JANATA PARTY,lost,580035
Dhule,Dhule(2),BHARAT BABURAO JADHAV,INDEPENDENT,lost,19713
Dhule,Dhule(2),ZAHOOR AHAMAD MOHAMAD YUSUF (JAM JAM),BAHUJAN SAMAJ PARTY,lost,4973
Dhule,Dhule(2),NOTA,NONE OF THE ABOVE,nan,4693
Dhule,Dhule(2),SANJAY RAMESHWAR SHARMA,INDEPENDENT,lost,3746
Dhule,Dhule(2),SHAFEEQUE AHEMAD MD. RAFEEQUE,INDEPENDENT,lost,3707
Dhule,Dhule(2),NAMDEO ROHIDAS YELAVE,BHARATHEEYA JAWAN KISAN PARTY,lost,3683
Dhule,Dhule(2),ADV SACHIN UMAJI NIKAM,INDEPENDENT,lost,3660
Dhule,Dhule(2),RAJ CHAVAN,INDEPENDENT,lost,3452
Dhule,Dhule(2),MOHAMMAD ISMAIL JUMMAN,INDEPENDENT,lost,1085
Dhule,Dhule(2),SURESH JAGANNATH BRAHMANKAR (SURESH BAPU),INDEPENDENT,lost,1038
Dhule,Dhule(2),PATIL SHIVAJI NATHU,ALL INDIA FORWARD BLOC,lost,1001
Dhule,Dhule(2),SHAIKH MOHAMMAD ZAID SHAMIM AHMED,WELFARE PARTY OF INDIA,lost,951
Dhule,Dhule(2),MOHAMMAD AAMEEN MOHAMMAD FARUQUE,INDEPENDENT,lost,835
Dhule,Dhule(2),MUQEEM MEENA NAGRI,BHIM SENA,lost,781
Dhule,Dhule(2),IRFAN. MO. ISHAK (NADIR),INDEPENDENT,lost,763
Dhule,Dhule(2),MALAY PRAKASH PATIL,INDEPENDENT,lost,736
Dhule,Dhule(2),ABDUL HAFEEZ ABDUL HAQUE,INDEPENDENT,lost,577
Diamond harbour,Diamond harbour(21),ABHISHEK BANERJEE,ALL INDIA TRINAMOOL CONGRESS,won,1048230
Diamond harbour,Diamond harbour(21),ABHIJIT DAS (BOBBY),BHARATIYA JANATA PARTY,lost,337300
Diamond harbour,Diamond harbour(21),PRATIK UR RAHAMAN,COMMUNIST PARTY OF INDIA (MARXIST),lost,86953
Diamond harbour,Diamond harbour(21),MAJNU LASKAR,ALL INDIA SECULAR FRONT,lost,21139
Diamond harbour,Diamond harbour(21),NOTA,NONE OF THE ABOVE,nan,10188
Diamond harbour,Diamond harbour(21),SUBRATA BOSE,INDEPENDENT,lost,9825
Diamond harbour,Diamond harbour(21),DASARATHI PAIK,BAHUJAN SAMAJ PARTY,lost,7111
Diamond harbour,Diamond harbour(21),MALAY GUHA ROY,INDEPENDENT,lost,2971
Diamond harbour,Diamond harbour(21),PULAKESH MONDAL,INDEPENDENT,lost,1948
Diamond harbour,Diamond harbour(21),KALIMUDDIN SK,INDIAN NATIONAL SOCIALISTIC ACTION FORCES,lost,1590
Diamond harbour,Diamond harbour(21),RAMKUMAR MONDAL,SOCIALIST UNITY CENTRE OF INDIA (COMMUNIST),lost,1418
Diamond harbour,Diamond harbour(21),ANISUR RAHAMAN SK,INDEPENDENT,lost,1159
Diamond harbour,Diamond harbour(21),KASHINATH MONDAL,INDEPENDENT,lost,985
Dibrugarh,Dibrugarh(13),SARBANANDA SONOWAL,BHARATIYA JANATA PARTY,won,693762
Dibrugarh,Dibrugarh(13),LURINJYOTI GOGOI,ASSAM JATIYA PARISHAD,lost,414441
Dibrugarh,Dibrugarh(13),MANOJ DHANOWAR,AAM AADMI PARTY,lost,137864
Dibrugarh,Dibrugarh(13),NOTA,NONE OF THE ABOVE,nan,32255
Dindori,Dindori (20),BHASKAR MURLIDHAR BHAGARE,NATIONALIST CONGRESS PARTY – SHARADCHANDRA PAWAR,won,577339
Dindori,Dindori (20),DR. BHARATI PRAVIN PAWAR,BHARATIYA JANATA PARTY,lost,464140
Dindori,Dindori (20),BABU SADU BHAGRE (SIR),INDEPENDENT,lost,103632
Dindori,Dindori (20),DHOMSE MALATI RAHUL,VANCHIT BAHUJAN AAGHADI,lost,37103
Dindori,Dindori (20),JAGTAP DIPAK GANPAT,INDEPENDENT,lost,15681
Dindori,Dindori (20),TULSHIRAM CHIMAN KHOTARE,BAHUJAN SAMAJ PARTY,lost,9654
Dindori,Dindori (20),NOTA,NONE OF THE ABOVE,nan,8246
Dindori,Dindori (20),KISHOR AMBADAS DAGALE,AMBEDKARITE PARTY OF INDIA,lost,8055
Dindori,Dindori (20),ANIL GAWALIRAM BARDE,INDEPENDENT,lost,6441
Dindori,Dindori (20),BHARAT ARUN PAWAR,BAHUJAN REPUBLICAN SOCIALIST PARTY,lost,5621
Dindori,Dindori (20),GULAB MOHAN BARDE,PRABUDDHA REPUBLICAN PARTY,lost,4998
Diphu,Diphu(6),AMARSING TISSO,BHARATIYA JANATA PARTY,won,334620
Diphu,Diphu(6),J. I. KATHAR,INDEPENDENT,lost,187017
Diphu,Diphu(6),JOY RAM ENGLENG,INDIAN NATIONAL CONGRESS,lost,124019
Diphu,Diphu(6),NOTA,NONE OF THE ABOVE,nan,16259
Diphu,Diphu(6),JOHN BARNARD SANGMA,GANA SURAKSHA PARTY,lost,11279
Diphu,Diphu(6),JOTSON BEY,AUTONOMOUS STATE DEMAND COMMITTEE,lost,9633
Domariyaganj,Domariyaganj(60),JAGDAMBIKA PAL,BHARATIYA JANATA PARTY,won,463303
Domariyaganj,Domariyaganj(60),BHISHMA SHANKAR ALIAS KUSHAL TIWARI,SAMAJWADI PARTY,lost,420575
Domariyaganj,Domariyaganj(60),AMAR SINGH CHAUDHARY,AAZAD SAMAJ PARTY (KANSHI RAM),lost,81305
Domariyaganj,Domariyaganj(60),MD. NADEEM,BAHUJAN SAMAJ PARTY,lost,35936
Domariyaganj,Domariyaganj(60),NOTA,NONE OF THE ABOVE,nan,9447
Domariyaganj,Domariyaganj(60),NAUSHAD AZAM,PEACE PARTY,lost,5138
Domariyaganj,Domariyaganj(60),KIRAN DEVI,INDEPENDENT,lost,3261
Dum dum,Dum dum(16),SOUGATA RAY,ALL INDIA TRINAMOOL CONGRESS,won,528579
Dum dum,Dum dum(16),SILBHADRA DATTA,BHARATIYA JANATA PARTY,lost,457919
Dum dum,Dum dum(16),SUJAN CHAKRABORTY,COMMUNIST PARTY OF INDIA (MARXIST),lost,240784
Dum dum,Dum dum(16),NOTA,NONE OF THE ABOVE,nan,11334
Dum dum,Dum dum(16),SHEKH IMANUR RAHMAN,INDEPENDENT,lost,6411
Dum dum,Dum dum(16),SWAMINATH KORI,BAHUJAN SAMAJ PARTY,lost,3766
Dum dum,Dum dum(16),HIRAK SINHA,INDEPENDENT,lost,3147
Dum dum,Dum dum(16),BANAMALI PANDA,SOCIALIST UNITY CENTRE OF INDIA (COMMUNIST),lost,1739
Dum dum,Dum dum(16),DULU DEY,INDEPENDENT,lost,1694
Dum dum,Dum dum(16),MANIKA MUKHERJEE,BHARATIYA NYAY-ADHIKAR RAKSHA PARTY,lost,1237
Dum dum,Dum dum(16),SANTANU MANDAL,DEMOCRATIC SOCIALIST PARTY OF INDIA,lost,885
Dum dum,Dum dum(16),TRIDIB BHUNIA,INDEPENDENT,lost,772
Dum dum,Dum dum(16),GOURI BISWAS,INDEPENDENT,lost,701
Dum dum,Dum dum(16),SUBRATA BHOWMIK,MERA BHARAT MAHAN PARTY,lost,604
Dum dum,Dum dum(16),HARI PADA BISWAS,MULNIBASI PARTY OF INDIA,lost,474
Dumka,Dumka(2),NALIN SOREN,JHARKHAND MUKTI MORCHA,won,547370
Dumka,Dumka(2),SITA MURMU,BHARATIYA JANATA PARTY,lost,524843
Dumka,Dumka(2),MAHASHON MURMU,INDEPENDENT,lost,21372
Dumka,Dumka(2),BABYLATA TUDU,INDEPENDENT,lost,19360
Dumka,Dumka(2),RAJESH KISKU,COMMUNIST PARTY OF INDIA,lost,11506
Dumka,Dumka(2),DR. SRILAL KISKU,INDEPENDENT,lost,9416
Dumka,Dumka(2),PARESH MARANDI,BAHUJAN SAMAJ PARTY,lost,7733
Dumka,Dumka(2),ANIL TUDU,LOKHIT ADHIKAR PARTY,lost,6818
Dumka,Dumka(2),SUSHANTI HEMBROM,INDEPENDENT,lost,5152
Dumka,Dumka(2),MANOJ HEMBROM,INDEPENDENT,lost,4816
Dumka,Dumka(2),NOTA,NONE OF THE ABOVE,nan,4526
Dumka,Dumka(2),BIREN MOHLI,INDEPENDENT,lost,4418
Dumka,Dumka(2),RAJU EMANUEL MURMU,AMBEDKARITE PARTY OF INDIA,lost,3060
Dumka,Dumka(2),KAMISHNAR MURMU,INDEPENDENT,lost,2516
Dumka,Dumka(2),BAGHRAI SOREN,INDEPENDENT,lost,2256
Dumka,Dumka(2),SANJAY TUDU,INDEPENDENT,lost,2174
Dumka,Dumka(2),MUNNI HANSDA,SAMATA PARTY,lost,1758
Dumka,Dumka(2),NIRMAL SOREN,INDEPENDENT,lost,1713
Dumka,Dumka(2),ALESH HANSDA,INDIAN NATIONAL SOCIALISTIC ACTION FORCES,lost,1674
Dumka,Dumka(2),JONATHAN MARDI,PEOPLES PARTY OF INDIA (DEMOCRATIC),lost,1651
ERODE,ERODE(17),K E PRAKASH,DRAVIDA MUNNETRA KAZHAGAM,won,562339
ERODE,ERODE(17),ASHOK KUMAR,ALL INDIA ANNA DRAVIDA MUNNETRA KAZHAGAM,lost,325773
ERODE,ERODE(17),KARMEGAN M,NAAM TAMILAR KATCHI,lost,82796
ERODE,ERODE(17),P VIJAYAKUMAR,TAMIL MAANILA CONGRESS (MOOPANAR),lost,77911
ERODE,ERODE(17),NOTA,NONE OF THE ABOVE,nan,13983
ERODE,ERODE(17),P ESWARAN,BAHUJAN SAMAJ PARTY,lost,5223
ERODE,ERODE(17),T V R AMIRTHALINGAM,INDEPENDENT,lost,4149
ERODE,ERODE(17),KEERTHANA M,INDEPENDENT,lost,3799
ERODE,ERODE(17),J GOPALAKRISHNAN,INDEPENDENT,lost,1955
ERODE,ERODE(17),S ANANTHI,INDEPENDENT,lost,1686
ERODE,ERODE(17),PRASATH CHITRARASU,INDEPENDENT,lost,1640
ERODE,ERODE(17),RAVICHANDRAN L,INDEPENDENT,lost,1380
ERODE,ERODE(17),P RAJENDRAN,INDEPENDENT,lost,976
ERODE,ERODE(17),P KUPPUSAMY,ULZAIPALI MAKKAL KATCHY,lost,950
ERODE,ERODE(17),M SHANMUGAM,INDEPENDENT,lost,772
ERODE,ERODE(17),R KUMARESAN,INDEPENDENT,lost,751
ERODE,ERODE(17),N ASHOK KUMAR,INDEPENDENT,lost,690
ERODE,ERODE(17),DHANALAKSHMI V,NAADAALUM MAKKAL KATCHI,lost,679
ERODE,ERODE(17),K MAATHAN,GANASANGAM PARTY OF INDIA,lost,618
ERODE,ERODE(17),A T MUNUSAMY,SAMANIYA MAKKAL NALA KATCHI,lost,616
ERODE,ERODE(17),B DHARMARAJ,ANTI CORRUPTION DYNAMIC PARTY,lost,601
ERODE,ERODE(17),ARUMUGA AC KANNAN,INDEPENDENT,lost,549
ERODE,ERODE(17),M SABARINATHAN,INDEPENDENT,lost,531
ERODE,ERODE(17),R DHANDAPANI,VEERATH THIYAGI VISWANATHADOSS THOZHILALARKAL KATCHI,lost,504
ERODE,ERODE(17),R KUMAR,ANNA PURATCHI THALAIVAR AMMA DRAVIDA MUNNETRA KAZHAGAM,lost,432
ERODE,ERODE(17),R.MINNALMURUGESH,INDEPENDENT,lost,415
ERODE,ERODE(17),K K VADUGANATHAN,INDEPENDENT,lost,399
ERODE,ERODE(17),G MYLSAMY,INDEPENDENT,lost,301
ERODE,ERODE(17),MYLVAKANAN D -,INDEPENDENT,lost,279
ERODE,ERODE(17),M PRABAKARAN,INDEPENDENT,lost,276
ERODE,ERODE(17),NARENDRANATH,INDEPENDENT,lost,272
ERODE,ERODE(17),K SENTHIL KUMAR,INDEPENDENT,lost,178
East Delhi,East Delhi(3),HARSH MALHOTRA,BHARATIYA JANATA PARTY,won,664819
East Delhi,East Delhi(3),KULDEEP KUMAR (MONU),AAM AADMI PARTY,lost,571156
East Delhi,East Delhi(3),MOHD. WAQAR CHOUDHARY,BAHUJAN SAMAJ PARTY,lost,9197
East Delhi,East Delhi(3),NOTA,NONE OF THE ABOVE,nan,5394
East Delhi,East Delhi(3),A. GOPALA KRISHNA,NAVARANG CONGRESS PARTY,lost,2817
East Delhi,East Delhi(3),KULDEEP KUMAR,INDEPENDENT,lost,1582
East Delhi,East Delhi(3),MANOJ KUMAR GUPTA (SWARAJI),INDEPENDENT,lost,1192
East Delhi,East Delhi(3),RODASH GUPTA,INDEPENDENT,lost,1099
East Delhi,East Delhi(3),JYOTI PRAKASH (MONU),EKAM SANATAN BHARAT DAL,lost,824
East Delhi,East Delhi(3),ARUNIMA GAUTAM,INDEPENDENT,lost,751
East Delhi,East Delhi(3),JAI RAM LAL,RASHTRIYA REPUBLICAN PARTY,lost,657
East Delhi,East Delhi(3),ADVOCATE MANJEET SINGH,RASHTRA NIRMAN PARTY,lost,614
East Delhi,East Delhi(3),MOHAMMAD IRFAN,INDEPENDENT,lost,583
East Delhi,East Delhi(3),OM SHANKAR,INDEPENDENT,lost,556
East Delhi,East Delhi(3),LAL SINGH,BAHUJAN DRAVIDA PARTY,lost,477
East Delhi,East Delhi(3),YOGESH CHAUDHARY,BHARTIYA VEER DAL,lost,470
East Delhi,East Delhi(3),VIMAL KUMAR SAXENA,INDEPENDENT,lost,433
East Delhi,East Delhi(3),SURENDRA SINGH BASOYA,PEOPLES PARTY OF INDIA (DEMOCRATIC),lost,399
East Delhi,East Delhi(3),SANJAY,PUBLIC POLITICAL PARTY,lost,379
East Delhi,East Delhi(3),AMIT GUPTA,INDEPENDENT,lost,360
East Delhi,East Delhi(3),SANJAYA KUMAR YADAV,RIGHT TO RECALL PARTY,lost,290
Eluru,Eluru(10),PUTTA MAHESH KUMAR,TELUGU DESAM,won,746351
Eluru,Eluru(10),KARUMURI SUNIL KUMAR,YUVAJANA SRAMIKA RYTHU CONGRESS PARTY,lost,564494
Eluru,Eluru(10),NOTA,NONE OF THE ABOVE,nan,22515
Eluru,Eluru(10),KAVURI LAVANYA,INDIAN NATIONAL CONGRESS,lost,20826
Eluru,Eluru(10),AJAY BABU BODA,NAVARANG CONGRESS PARTY,lost,12210
Eluru,Eluru(10),NITTA AKHILA DHARANI PAL,BAHUJAN SAMAJ PARTY,lost,6732
Eluru,Eluru(10),BOKINALA KOTESWARA RAO,INDEPENDENT,lost,2263
Eluru,Eluru(10),RUDRAPAKA RATNA RAO (R.R.R),ANDHRA RASTRA PRAJA SAMITHI,lost,1526
Eluru,Eluru(10),KANDAVALLI JEEVA DEVA DAYAKAR,INDEPENDENT,lost,1180
Eluru,Eluru(10),AGASTEEN KOMMINA,INDEPENDENT,lost,1004
Eluru,Eluru(10),DR. MENDEM SANTHOSH KUMAR (PEDDA BABULU),LIBERATION CONGRESS PARTY,lost,786
Eluru,Eluru(10),RAJESWARA RAO KONDRU,BHARATHEEYA JAWAN KISAN PARTY,lost,732
Eluru,Eluru(10),GODUGUPATI VEERA RAGHAVULU,PYRAMID PARTY OF INDIA,lost,715
Eluru,Eluru(10),BYRABOYINA MALYADRI,BHARATHA CHAITANYA YUVAJANA PARTY,lost,715
Ernakulam,Ernakulam(12),HIBI EDEN,INDIAN NATIONAL CONGRESS,won,482317
Ernakulam,Ernakulam(12),K. J. SHINE TEACHER,COMMUNIST PARTY OF INDIA (MARXIST),lost,231932
Ernakulam,Ernakulam(12),DR. K. S. RADHAKRISHNAN,BHARATIYA JANATA PARTY,lost,144500
Ernakulam,Ernakulam(12),ADV. ANTONY JUDY,TWENTY 20 PARTY,lost,39808
Ernakulam,Ernakulam(12),NOTA,NONE OF THE ABOVE,nan,7758
Ernakulam,Ernakulam(12),VAYALAR JAYAKUMAR,BAHUJAN SAMAJ PARTY,lost,1498
Ernakulam,Ernakulam(12),SANDEEP RAJENDRAPRASAD,INDEPENDENT,lost,752
Ernakulam,Ernakulam(12),CYRILL SKARIA,INDEPENDENT,lost,690
Ernakulam,Ernakulam(12),PRATHAPAN,BAHUJAN DRAVIDA PARTY,lost,419
Ernakulam,Ernakulam(12),ROHIT KRISHNAN,INDEPENDENT,lost,416
Ernakulam,Ernakulam(12),BRAHMAKUMAR,SOCIALIST UNITY CENTRE OF INDIA (COMMUNIST),lost,412
Etah,Etah(22),DEVESH SHAKYA,SAMAJWADI PARTY,won,475808
Etah,Etah(22),RAJVEER SINGH (RAJU BHAIYA),BHARATIYA JANATA PARTY,lost,447756
Etah,Etah(22),MOHAMMAD IRFAN ADVOCATE,BAHUJAN SAMAJ PARTY,lost,71585
Etah,Etah(22),NOTA,NONE OF THE ABOVE,nan,5156
Etah,Etah(22),ANUPAM KUMAR,KISAN KRANTI DAL,lost,3949
Etah,Etah(22),KAILASH KUMAR,INDEPENDENT,lost,1728
Etah,Etah(22),DANVEER,INDEPENDENT,lost,1265
Etah,Etah(22),UDAY VEER SINGH,PEOPLES PARTY OF INDIA (DEMOCRATIC),lost,992
Etah,Etah(22),ASHOK KUMAR,INDEPENDENT,lost,780
Etah,Etah(22),VIABHAV MISHRA,BHARTIYA SHAKTI CHETNA PARTY,lost,747
Etah,Etah(22),AMAR SINGH,INDEPENDENT,lost,615
Etawah,Etawah(41),JITENDRA KUMAR DOHARE,SAMAJWADI PARTY,won,490747
Etawah,Etawah(41),DR RAM SHANKAR KATHERIA,BHARATIYA JANATA PARTY,lost,432328
Etawah,Etawah(41),SARIKA SINGH BAGHEL,BAHUJAN SAMAJ PARTY,lost,96541
Etawah,Etawah(41),NOTA,NONE OF THE ABOVE,nan,6266
Etawah,Etawah(41),SUNIL SHANKWAR ADVOCATE,INDEPENDENT,lost,2963
Etawah,Etawah(41),MULAYAM SINGH,INDEPENDENT,lost,1708
Etawah,Etawah(41),BHUVNESH KUMARI,SAMYAK PARTY,lost,1657
Etawah,Etawah(41),VIVEK RAJ,JANTA SAMAJWADI PARTY (VIVEK RAJ),lost,1574
FARIDABAD,FARIDABAD(10),KRISHAN PAL,BHARATIYA JANATA PARTY,won,788569
FARIDABAD,FARIDABAD(10),MAHENDER PRATAP SINGH,INDIAN NATIONAL CONGRESS,lost,615655
FARIDABAD,FARIDABAD(10),KISHAN THAKUR,BAHUJAN SAMAJ PARTY,lost,25206
FARIDABAD,FARIDABAD(10),SUNIL TEWATIA,INDIAN NATIONAL LOK DAL,lost,8085
FARIDABAD,FARIDABAD(10),NOTA,NONE OF THE ABOVE,nan,6821
FARIDABAD,FARIDABAD(10),NALIN HOODA,JANNAYAK JANTA PARTY,lost,5361
FARIDABAD,FARIDABAD(10),SAWATANTAR SINGH CHAUHAN,JAN SHAKTI DAL,lost,2955
FARIDABAD,FARIDABAD(10),NEERAJ JATAV,INDEPENDENT,lost,2108
FARIDABAD,FARIDABAD(10),HARI SHANKER RAJVANS,ADIM BHARTIYA DAL,lost,1584
FARIDABAD,FARIDABAD(10),ATUL,INDEPENDENT,lost,1458
FARIDABAD,FARIDABAD(10),PANDIT SUMIT KUMAR SHARMA,AARAKSHAN VIRODHI PARTY,lost,1444
FARIDABAD,FARIDABAD(10),BRIJABALA,PEOPLES PARTY OF INDIA (DEMOCRATIC),lost,1380
FARIDABAD,FARIDABAD(10),SHYAM SUNDER SINGH,BHARTIYA SHAKTI CHETNA PARTY,lost,1247
FARIDABAD,FARIDABAD(10),MAHESH PRATAP SHARMA,RASHTRIYA VIKAS PARTY,lost,1240
FARIDABAD,FARIDABAD(10),SATAY DEO YADAV,BULAND BHARAT PARTY,lost,955
FARIDABAD,FARIDABAD(10),RANDHEER SINGH ALIAS DHEERU KHATANA,AKHIL BHARTIYA KISAN MAJDOOR PARTY,lost,924
FARIDABAD,FARIDABAD(10),SUNIL KUMAR,INDEPENDENT,lost,889
FARIDABAD,FARIDABAD(10),BHARAT BHUSHAN KOLI,RASHTRA NIRMAN PARTY,lost,808
FARIDABAD,FARIDABAD(10),SHIV NARAYAN BABA DUBEY,KISAN MAZDOOR SANGHARSH PARTY,lost,771
FARIDABAD,FARIDABAD(10),GYAN CHAND BAINSLA,SAMRAT MIHIR BHOJ SAMAJ PARTY,lost,756
FARIDABAD,FARIDABAD(10),RAJESH GAUTAM,INDEPENDENT,lost,663
FARIDABAD,FARIDABAD(10),SWAMI RAJENDRA DEV JI,INDEPENDENT,lost,663
FARIDABAD,FARIDABAD(10),LEKHRAM DABANG,INDEPENDENT,lost,615
FARIDABAD,FARIDABAD(10),GIRRAJ,INDEPENDENT,lost,614
FARIDABAD,FARIDABAD(10),SHAKILA HUSSAIN,LOKTANTRIK JANSHAKTI PARTY,lost,551
Faizabad,Faizabad(54),AWADHESH PRASAD,SAMAJWADI PARTY,won,554289
Faizabad,Faizabad(54),LALLU SINGH,BHARATIYA JANATA PARTY,lost,499722
Faizabad,Faizabad(54),SACHIDANAND PANDEY,BAHUJAN SAMAJ PARTY,lost,46407
Faizabad,Faizabad(54),ARVIND SEN,COMMUNIST PARTY OF INDIA,lost,15367
Faizabad,Faizabad(54),NOTA,NONE OF THE ABOVE,nan,7536
Faizabad,Faizabad(54),SUNIL KUMAR BHATT,INDEPENDENT,lost,3827
Faizabad,Faizabad(54),KANCHAN YADAV,MOULIK ADHIKAR PARTY,lost,2666
Faizabad,Faizabad(54),AMBRISH DEV GUPTA,BHARAT MAHAPARIVAR PARTY,lost,2218
Faizabad,Faizabad(54),FAREED SALMANI,INDEPENDENT,lost,1780
Faizabad,Faizabad(54),LAL MANI URF L.M. TRIPATHI (BHAI SAHAB),INDEPENDENT,lost,1717
Faizabad,Faizabad(54),ANIL KUMAR RAVAT,RASHTRIYA JANSHAKTI SAMAJ PARTY,lost,1638
Faizabad,Faizabad(54),JAGAT SINGH,INDEPENDENT,lost,1254
Faizabad,Faizabad(54),BRAJENDRA DUTT TRIPATHI URF B. D. TRIPATHI,ADARSHWAADI CONGRESS PARTY,lost,1173
Faizabad,Faizabad(54),ARUN KUMAR,INDEPENDENT,lost,1067
Faridkot,Faridkot(9),SARABJEET SINGH KHALSA,INDEPENDENT,won,298062
Faridkot,Faridkot(9),KARAMJIT SINGH ANMOL,AAM AADMI PARTY,lost,228009
Faridkot,Faridkot(9),AMARJIT KAUR SAHOKE,INDIAN NATIONAL CONGRESS,lost,160357
Faridkot,Faridkot(9),RAJWINDER SINGH DHARAMKOT,SHIROMANI AKALI DAL,lost,138251
Faridkot,Faridkot(9),HANS RAJ HANS,BHARATIYA JANATA PARTY,lost,123533
Faridkot,Faridkot(9),GURCHARAN SINGH MANN,COMMUNIST PARTY OF INDIA,lost,14950
Faridkot,Faridkot(9),GURBAKSH SINGH CHAUHAN,BAHUJAN SAMAJ PARTY,lost,8210
Faridkot,Faridkot(9),AVTAR SINGH SAHOTA,INDEPENDENT,lost,4160
Faridkot,Faridkot(9),NOTA,NONE OF THE ABOVE,nan,4143
Faridkot,Faridkot(9),KIKKAR SINGH DHALIWAL,INDEPENDENT,lost,3517
Faridkot,Faridkot(9),KARAM SINGH MALUKA,INDEPENDENT,lost,2862
Faridkot,Faridkot(9),RUPINDER SINGH KOHARWALA,NATIONALIST JUSTICE PARTY,lost,2677
Faridkot,Faridkot(9),BALDEV SINGH GAGRA,SHIROMANI AKALI DAL (AMRITSAR)(SIMRANJIT SINGH MANN),lost,2395
Faridkot,Faridkot(9),NIRMAL SINGH RAJEANA,INDEPENDENT,lost,2289
Faridkot,Faridkot(9),BADAL SINGH BHALOOR,BHARTIYA RASHTRIYA DAL,lost,2028
Faridkot,Faridkot(9),RAJ KUMAR CHAUHAN,INDEPENDENT,lost,1961
Faridkot,Faridkot(9),OM PARKASH BANKA,INDEPENDENT,lost,1950
Faridkot,Faridkot(9),CAPTAIN BAHADUR SINGH,INDEPENDENT,lost,1640
Faridkot,Faridkot(9),MEJOR SINGH BHATTI,JAN SEWA DRIVER PARTY,lost,1612
Faridkot,Faridkot(9),SUKHBIR SINGH BABBAL BHATTI,RASHTRIYA REPUBLICAN PARTY,lost,1530
Faridkot,Faridkot(9),GURMEET SINGH,INDEPENDENT,lost,1420
Faridkot,Faridkot(9),AMRIK SINGH,INDEPENDENT,lost,1414
Faridkot,Faridkot(9),MANPREET SHANT,INDEPENDENT,lost,1377
Faridkot,Faridkot(9),PREM LAL,DEMOCRATIC BHARATIYA SAMAJ PARTY,lost,1165
Faridkot,Faridkot(9),PARGAT SINGH RAJEANA,APNA SAMAJ PARTY,lost,1131
Faridkot,Faridkot(9),JASWANT RAI RAJORA,INDEPENDENT,lost,1047
Faridkot,Faridkot(9),DR DEV INDER GAGALANI,REPUBLICAN PARTY OF INDIA,lost,1040
Faridkot,Faridkot(9),PRITAM SINGH,BAHUJAN MUKTI PARTY,lost,939
Faridkot,Faridkot(9),KULWANT KAUR,SANJHI VIRASAT PARTY,lost,786
Farrukhabad,Farrukhabad(40),MUKESH RAJPUT,BHARATIYA JANATA PARTY,won,487963
Farrukhabad,Farrukhabad(40),DR. NAVAL KISHOR SHAKYA,SAMAJWADI PARTY,lost,485285
Farrukhabad,Farrukhabad(40),KRANTI PANDEY,BAHUJAN SAMAJ PARTY,lost,45390
Farrukhabad,Farrukhabad(40),NOTA,NONE OF THE ABOVE,nan,4365
Farrukhabad,Farrukhabad(40),AMAR SINGH,BHARATIYA RASHTRIYA MORCHA,lost,3358
Farrukhabad,Farrukhabad(40),HARNANDAN SINGH,INDEPENDENT,lost,2469
Farrukhabad,Farrukhabad(40),SHYAMVEER SINGH,BHARATIYA NAGRIK PARTY,lost,2434
Farrukhabad,Farrukhabad(40),VIDYAPRAKASH,BHARATHEEYA JAWAN KISAN PARTY,lost,1467
Farrukhabad,Farrukhabad(40),DINESH,BHARTIYA SHAKTI CHETNA PARTY,lost,1063
Fatehgarh Sahib,Fatehgarh Sahib(8),AMAR SINGH,INDIAN NATIONAL CONGRESS,won,332591
Fatehgarh Sahib,Fatehgarh Sahib(8),GURPREET SINGH GP,AAM AADMI PARTY,lost,298389
Fatehgarh Sahib,Fatehgarh Sahib(8),GEJJA RAM,BHARATIYA JANATA PARTY,lost,127521
Fatehgarh Sahib,Fatehgarh Sahib(8),BIKRAMJIT SINGH KHALSA,SHIROMANI AKALI DAL,lost,126730
Fatehgarh Sahib,Fatehgarh Sahib(8),RAJ JATINDER SINGH,SHIROMANI AKALI DAL (AMRITSAR)(SIMRANJIT SINGH MANN),lost,43644
Fatehgarh Sahib,Fatehgarh Sahib(8),KULWANT SINGH,BAHUJAN SAMAJ PARTY,lost,20892
Fatehgarh Sahib,Fatehgarh Sahib(8),NOTA,NONE OF THE ABOVE,nan,9188
Fatehgarh Sahib,Fatehgarh Sahib(8),PREM SINGH MOHANPUR,INDEPENDENT,lost,3792
Fatehgarh Sahib,Fatehgarh Sahib(8),BAHAL SINGH,AAZAD SAMAJ PARTY (KANSHI RAM),lost,3104
Fatehgarh Sahib,Fatehgarh Sahib(8),PARAMJIT SINGH,INDEPENDENT,lost,2167
Fatehgarh Sahib,Fatehgarh Sahib(8),RULDA SINGH,INDEPENDENT,lost,1977
Fatehgarh Sahib,Fatehgarh Sahib(8),PARKASH PETER,INDEPENDENT,lost,1465
Fatehgarh Sahib,Fatehgarh Sahib(8),HARJINDER SINGH,INDEPENDENT,lost,1166
Fatehgarh Sahib,Fatehgarh Sahib(8),KAMALJEET KAUR,INDEPENDENT,lost,899
Fatehgarh Sahib,Fatehgarh Sahib(8),HARGOBIND SINGH,INDEPENDENT,lost,731
Fatehpur Sikri,Fatehpur Sikri(19),RAJKUMAR CHAHAR,BHARATIYA JANATA PARTY,won,445657
Fatehpur Sikri,Fatehpur Sikri(19),RAMNATH SINGH SIKARWAR,INDIAN NATIONAL CONGRESS,lost,402252
Fatehpur Sikri,Fatehpur Sikri(19),PT. RAMNIWAS SHARMA,BAHUJAN SAMAJ PARTY,lost,120539
Fatehpur Sikri,Fatehpur Sikri(19),DR RAMESHWAR SINGH,INDEPENDENT,lost,48606
Fatehpur Sikri,Fatehpur Sikri(19),NOTA,NONE OF THE ABOVE,nan,7793
Fatehpur Sikri,Fatehpur Sikri(19),KALLAN KUMBHKAR,INDEPENDENT,lost,3463
Fatehpur Sikri,Fatehpur Sikri(19),HOTAM SINGH NISHAD,RASHTRIYA SHOSHIT SAMAJ PARTY,lost,1810
Fatehpur Sikri,Fatehpur Sikri(19),GIRRAJ SINGH DHAKREY,"PROUTIST BLOC, INDIA",lost,1564
Fatehpur Sikri,Fatehpur Sikri(19),SANGEETA TOMAR,BHARATIYA MAJDOOR JANTA PARTY,lost,1433
Fatehpur Sikri,Fatehpur Sikri(19),VED PRAKASH,RASHTRIYA JANSANCHAR DAL,lost,1038
Fatehpur,Fatehpur(49),NARESH CHANDRA UTTAM PATEL,SAMAJWADI PARTY,won,500328
Fatehpur,Fatehpur(49),NIRANJAN JYOTI,BHARATIYA JANATA PARTY,lost,467129
Fatehpur,Fatehpur(49),MANISH SINGH SACHAN,BAHUJAN SAMAJ PARTY,lost,90970
Fatehpur,Fatehpur(49),NOTA,NONE OF THE ABOVE,nan,8120
Fatehpur,Fatehpur(49),BIRENDRA SINGH,INDEPENDENT,lost,7920
Fatehpur,Fatehpur(49),KAMLESH KUMAR SINGH,PARIVARTAN SAMAJ PARTY,lost,5219
Fatehpur,Fatehpur(49),PANKAJ AWASTHI,INDEPENDENT,lost,4457
Fatehpur,Fatehpur(49),RAMKISHOR,RASHTRA UDAY PARTY,lost,4079
Fatehpur,Fatehpur(49),JITENDRA KUMAR MAURYA,INDEPENDENT,lost,3336
Fatehpur,Fatehpur(49),KULDEEP KUSHWAHA,INDEPENDENT,lost,2726
Fatehpur,Fatehpur(49),RAJ BAHADUR,PEOPLES PARTY OF INDIA (DEMOCRATIC),lost,2654
Fatehpur,Fatehpur(49),NIRAJ KUMAR,AKHIL BHARTIYA PARIVAR PARTY,lost,2567
Fatehpur,Fatehpur(49),RAM BIHARI,BHARTIYA SHAKTI CHETNA PARTY,lost,2344
Fatehpur,Fatehpur(49),NEERAJ LODHI,VIKAS INSAF PARTY,lost,2033
Fatehpur,Fatehpur(49),JAY CHANDRA KUMAR,VISHWA KALYAN RASHTRIYA MANAV SAMAJ PARTY,lost,1604
Fatehpur,Fatehpur(49),RAJESH KUMAR PATEL,SARDAR PATEL SIDDHANT PARTY,lost,1458
Firozabad,Firozabad(20),AKSHAYA YADAV,SAMAJWADI PARTY,won,543037
Firozabad,Firozabad(20),VISHWADEEP SINGH,BHARATIYA JANATA PARTY,lost,453725
Firozabad,Firozabad(20),CHOWDHARY BASHEER,BAHUJAN SAMAJ PARTY,lost,90948
Firozabad,Firozabad(20),UPENDRA SINGH,BHARATIYA KISAN PARIVARTAN PARTY,lost,7119
Firozabad,Firozabad(20),NOTA,NONE OF THE ABOVE,nan,5279
Firozabad,Firozabad(20),RASHMI KANT,PARIVARTAN SAMAJ PARTY,lost,2930
Firozabad,Firozabad(20),PREM DUTT,RASHTRA UDAY PARTY,lost,2878
Firozabad,Firozabad(20),RAJVEER,INDEPENDENT,lost,1380
Firozpur,Firozpur(10),SHER SINGH GHUBAYA,INDIAN NATIONAL CONGRESS,won,266626
Firozpur,Firozpur(10),JAGDEEP SINGH KAKA BRAR,AAM AADMI PARTY,lost,263384
Firozpur,Firozpur(10),GURMIT SINGH SODHI,BHARATIYA JANATA PARTY,lost,255097
Firozpur,Firozpur(10),NARDEV SINGH BOBBY MANN,SHIROMANI AKALI DAL,lost,253645
Firozpur,Firozpur(10),GURCHARAN SINGH BHULLAR,SHIROMANI AKALI DAL (AMRITSAR)(SIMRANJIT SINGH MANN),lost,15941
Firozpur,Firozpur(10),FOJI ANGREJ SINGH WARWAL,INDEPENDENT,lost,9478
Firozpur,Firozpur(10),SURINDER KAMBOJ,BAHUJAN SAMAJ PARTY,lost,8433
Firozpur,Firozpur(10),JASKARAN SINGH KAHAN SINGH WALA,INDEPENDENT,lost,6535
Firozpur,Firozpur(10),NOTA,NONE OF THE ABOVE,nan,6100
Firozpur,Firozpur(10),SUKHDEV SINGH,INDEPENDENT,lost,4599
Firozpur,Firozpur(10),SAHIL MONGA,INDEPENDENT,lost,3724
Firozpur,Firozpur(10),PRITAM SINGH,INDEPENDENT,lost,3031
Firozpur,Firozpur(10),GURPREET SINGH,INDEPENDENT,lost,2897
Firozpur,Firozpur(10),ARWINDER SINGH,INDEPENDENT,lost,2570
Firozpur,Firozpur(10),DEEPAK KUMAR DEEP DASHANAND,INDEPENDENT,lost,2436
Firozpur,Firozpur(10),RAJ,INDEPENDENT,lost,2432
Firozpur,Firozpur(10),PREM CHAND BOONGI,PUNJAB NATIONAL PARTY,lost,1947
Firozpur,Firozpur(10),AJIT SINGH,RASHTRIYA REPUBLICAN PARTY,lost,1615
Firozpur,Firozpur(10),SURINDER KUMAR BANSAL,INDEPENDENT,lost,1540
Firozpur,Firozpur(10),HARPREET SINGH,INDEPENDENT,lost,1538
Firozpur,Firozpur(10),KULDEEP SINGH,INDIA PRAJA BANDHU PARTY,lost,1490
Firozpur,Firozpur(10),BALWINDER SINGH CHOHAN,JAN SEWA DRIVER PARTY,lost,1367
Firozpur,Firozpur(10),BALWINDER SINGH,REPUBLICAN PARTY OF INDIA (ATHAWALE),lost,1364
Firozpur,Firozpur(10),GURCHARAN SINGH,INDEPENDENT,lost,1342
Firozpur,Firozpur(10),UMESH KUMAR,INDEPENDENT,lost,1320
Firozpur,Firozpur(10),BALWANT SINGH SAMMEWALI,NATIONALIST JUSTICE PARTY,lost,1152
Firozpur,Firozpur(10),MOHAN SINGH,INDEPENDENT,lost,1078
Firozpur,Firozpur(10),JASKARAN SINGH SIDHU,INDEPENDENT,lost,971
Firozpur,Firozpur(10),JASWANT SINGH KHATRI,INDEPENDENT,lost,821
Firozpur,Firozpur(10),CHAMKAUR SINGH,INDEPENDENT,lost,642
GANGANAGAR,GANGANAGAR (1),KULDEEP INDORA,INDIAN NATIONAL CONGRESS,won,726492
GANGANAGAR,GANGANAGAR (1),PRIYANKA BALAN MEGHWAL,BHARATIYA JANATA PARTY,lost,638339
GANGANAGAR,GANGANAGAR (1),DEVKARAN NAYAK,BAHUJAN SAMAJ PARTY,lost,16302
GANGANAGAR,GANGANAGAR (1),NOTA,NONE OF THE ABOVE,nan,13095
GANGANAGAR,GANGANAGAR (1),RAJKUMAR,INDEPENDENT,lost,4375
GANGANAGAR,GANGANAGAR (1),KULWANT KAUR,INDIAN PEOPLES GREEN PARTY,lost,4362
GANGANAGAR,GANGANAGAR (1),DAYA RAM,INDEPENDENT,lost,3719
GANGANAGAR,GANGANAGAR (1),RAJENDER KUMAR,BHARTIYA JAN SAMMAN PARTY,lost,2443
GANGANAGAR,GANGANAGAR (1),KANA RAM,INDEPENDENT,lost,2266
GANGANAGAR,GANGANAGAR (1),MAJOR SINGH,JAI HIND CONGRESS PARTY,lost,2101
GUNA,GUNA(4),JYOTIRADITYA M. SCINDIA,BHARATIYA JANATA PARTY,won,923302
GUNA,GUNA(4),YADVENDRA RAO DESHRAJ SINGH,INDIAN NATIONAL CONGRESS,lost,382373
GUNA,GUNA(4),DHANIRAM CHAUDHARY,BAHUJAN SAMAJ PARTY,lost,30235
GUNA,GUNA(4),NOTA,NONE OF THE ABOVE,nan,9089
GUNA,GUNA(4),KANCHHEDI LAL KUSHWAHA,MAHANWADI PARTY,lost,5856
GUNA,GUNA(4),ADVOCATE KARANSINGH JATAV,AAZAD SAMAJ PARTY (KANSHI RAM),lost,5485
GUNA,GUNA(4),HEMANT SINGH KUSHWAHA,INDEPENDENT,lost,3453
GUNA,GUNA(4),RAKESH,INDEPENDENT,lost,3052
GUNA,GUNA(4),MAHENDRA JAIN BHAIYAN,INDEPENDENT,lost,1999
GUNA,GUNA(4),MOHAN,INDEPENDENT,lost,1886
GUNA,GUNA(4),GAJANAND KUSHWAH,INDEPENDENT,lost,1597
GUNA,GUNA(4),MANISH SHRIVASTAVA,SOCIALIST UNITY CENTRE OF INDIA (COMMUNIST),lost,1348
GUNA,GUNA(4),MANMOHAN,INDEPENDENT,lost,1149
GUNA,GUNA(4),KISAN LAL AHIRWAR,INDEPENDENT,lost,1044
GUNA,GUNA(4),MOHAMMAD JAVED ANSARI,RASHTRIYA JANSENA PARTY,lost,983
GUNA,GUNA(4),D.S. CHAUHAN (ADVOCATE),RASHTRIYA SAMAJ PAKSHA,lost,915
GURGAON,GURGAON(9),RAO INDERJIT SINGH,BHARATIYA JANATA PARTY,won,808336
GURGAON,GURGAON(9),RAJ BABBAR,INDIAN NATIONAL CONGRESS,lost,733257
GURGAON,GURGAON(9),RAHUL YADAV FAZILPURIA,JANNAYAK JANTA PARTY,lost,13278
GURGAON,GURGAON(9),VIJAY KHATANA,BAHUJAN SAMAJ PARTY,lost,8946
GURGAON,GURGAON(9),NOTA,NONE OF THE ABOVE,nan,6417
GURGAON,GURGAON(9),SORAB KHAN,INDIAN NATIONAL LOK DAL,lost,4917
GURGAON,GURGAON(9),AJAY KUMAR,INDEPENDENT,lost,3528
GURGAON,GURGAON(9),ASHOK JANGRA,INDEPENDENT,lost,3005
GURGAON,GURGAON(9),AZAD SINGH,INDEPENDENT,lost,2745
GURGAON,GURGAON(9),AKSHAT GAIT,INDEPENDENT,lost,2550
GURGAON,GURGAON(9),LAL CHAND YADAV,BHARATHEEYA JAWAN KISAN PARTY,lost,2222
GURGAON,GURGAON(9),SAMAY SINGH,INDEPENDENT,lost,1887
GURGAON,GURGAON(9),DHARMENDER THAKRAN,SWAYAM SHASHAN PARTY,lost,1408
GURGAON,GURGAON(9),VIJAY YADAV,JAN SEWAK KRANTI PARTY,lost,1120
GURGAON,GURGAON(9),ISHWAR SINGH SUTHANI,PEOPLES PARTY OF INDIA (DEMOCRATIC),lost,1114
GURGAON,GURGAON(9),COMRADE SARWAN KUMAR GUPTA,SOCIALIST UNITY CENTRE OF INDIA (COMMUNIST),lost,1074
GURGAON,GURGAON(9),VANDNA GULIYA,RIGHT TO RECALL PARTY,lost,1000
GURGAON,GURGAON(9),SAMPOORN ANAND,RASHTRIYA LOKSWARAJ PARTY,lost,915
GURGAON,GURGAON(9),KUSHESHWAR BHAGAT,INDEPENDENT,lost,794
GURGAON,GURGAON(9),SINGH RAM,INDEPENDENT,lost,791
GURGAON,GURGAON(9),ANWAR,SOCIAL DEMOCRATIC PARTY OF INDIA,lost,578
GURGAON,GURGAON(9),FAUJI JAI KAWAR TYAGI (DIXIT),INDEPENDENT,lost,474
GURGAON,GURGAON(9),AKASH VYAS,BHARTIYA SHAKTI CHETNA PARTY,lost,439
GURGAON,GURGAON(9),VISHNU,INDEPENDENT,lost,437
GWALIOR,GWALIOR(3),BHARAT SINGH KUSHWAH,BHARATIYA JANATA PARTY,won,671535
GWALIOR,GWALIOR(3),PRAVEEN PATHAK,INDIAN NATIONAL CONGRESS,lost,601325
GWALIOR,GWALIOR(3),KALYAN SINGH KANSANA,BAHUJAN SAMAJ PARTY,lost,33465
GWALIOR,GWALIOR(3),ARCHANA SINGH RATHORE,RASHTRIYA SAMAJ PAKSHA,lost,5892
GWALIOR,GWALIOR(3),BHARAT PAL,AAZAD SAMAJ PARTY (KANSHI RAM),lost,4163
GWALIOR,GWALIOR(3),ER. MAHENDRA PRATAP SINGH PAL,INDEPENDENT,lost,3783
GWALIOR,GWALIOR(3),NOTA,NONE OF THE ABOVE,nan,3341
GWALIOR,GWALIOR(3),RAKESH DHAKAD,INDEPENDENT,lost,3220
GWALIOR,GWALIOR(3),YASHDEV SHARMA,INDEPENDENT,lost,2571
GWALIOR,GWALIOR(3),DEEPAK KUMAR BANSAL (RANG WALE),INDEPENDENT,lost,2448
GWALIOR,GWALIOR(3),SHREE NARESH CHANDRA SHARMA,INDEPENDENT,lost,2216
GWALIOR,GWALIOR(3),GAJENDRA SINGH,INDEPENDENT,lost,1348
GWALIOR,GWALIOR(3),ANJALI MONU RAWAT,PARIVARTAN PARTY OF INDIA,lost,1279
GWALIOR,GWALIOR(3),ADVOCATE MUKESH KUMAR KORI,INDEPENDENT,lost,1134
GWALIOR,GWALIOR(3),RAM PRAKASH SINGH PAL,RASHTRA UDAY PARTY,lost,1071
GWALIOR,GWALIOR(3),CHANDAN RATHORE,PARIVARTAN SAMAJ PARTY,lost,1059
GWALIOR,GWALIOR(3),DR. P. D. AGARWAL SR. MEDICAL CONSULTANT,INDEPENDENT,lost,1021
GWALIOR,GWALIOR(3),AMIT PARIHAR,INDEPENDENT,lost,883
GWALIOR,GWALIOR(3),COMRADE RACHNA AGRAWAL,SOCIALIST UNITY CENTRE OF INDIA (COMMUNIST),lost,803
GWALIOR,GWALIOR(3),MUNESH NAGAR,VIKAS INDIA PARTY,lost,672
Gadchiroli - Chimur,Gadchiroli - Chimur(12),DR. KIRSAN NAMDEO,INDIAN NATIONAL CONGRESS,won,617792
Gadchiroli - Chimur,Gadchiroli - Chimur(12),ASHOK MAHADEORAO NETE,BHARATIYA JANATA PARTY,lost,476096
Gadchiroli - Chimur,Gadchiroli - Chimur(12),GONNADE YOGESH NAMDEORAO,BAHUJAN SAMAJ PARTY,lost,19055
Gadchiroli - Chimur,Gadchiroli - Chimur(12),NOTA,NONE OF THE ABOVE,nan,16577
Gadchiroli - Chimur,Gadchiroli - Chimur(12),HITESH PANDURANG MADAVI,VANCHIT BAHUJAN AAGHADI,lost,15922
Gadchiroli - Chimur,Gadchiroli - Chimur(12),VINOD GURUDAS MADAVI,INDEPENDENT,lost,6126
Gadchiroli - Chimur,Gadchiroli - Chimur(12),KODAPE VILAS SHAMARAO,INDEPENDENT,lost,4402
Gadchiroli - Chimur,Gadchiroli - Chimur(12),SUHAS UMESH KUMRE,BHIM SENA,lost,2872
Gadchiroli - Chimur,Gadchiroli - Chimur(12),KARAN SURESH SAYAM,INDEPENDENT,lost,2789
Gadchiroli - Chimur,Gadchiroli - Chimur(12),BARIKRAO DHARMAJI MADAVI,BAHUJAN REPUBLICAN SOCIALIST PARTY,lost,2555
Gadchiroli - Chimur,Gadchiroli - Chimur(12),DHIRAJ PURUSHOTTAM SHEDMAKE,JANSEVA GONDWANA PARTY,lost,2174
Gandhinagar,Gandhinagar(6),AMIT SHAH,BHARATIYA JANATA PARTY,won,1010972
Gandhinagar,Gandhinagar(6),SONAL RAMANBHAI PATEL,INDIAN NATIONAL CONGRESS,lost,266256
Gandhinagar,Gandhinagar(6),NOTA,NONE OF THE ABOVE,nan,22005
Gandhinagar,Gandhinagar(6),MOHAMMEDANISH DESAI,BAHUJAN SAMAJ PARTY,lost,7394
Gandhinagar,Gandhinagar(6),SHAHNAWAZKHAN SULTANKHAN PATHAN,INDEPENDENT,lost,2332
Gandhinagar,Gandhinagar(6),MALEK MAKBUL SHAKIB,INDEPENDENT,lost,2058
Gandhinagar,Gandhinagar(6),THAKOR JITENDRASINH JASHAVANTSINH,INSANIYAT PARTY,lost,2009
Gandhinagar,Gandhinagar(6),PARIKH RAJIVBHAI KALABHAI,INDEPENDENT,lost,1751
Gandhinagar,Gandhinagar(6),MANSURI SUHANA,INDEPENDENT,lost,1453
Gandhinagar,Gandhinagar(6),MAURYA SUMITRA DEVNARIAN,PRAJATANTRA AADHAR PARTY,lost,1217
Gandhinagar,Gandhinagar(6),UMADIYA ALIBHAI RAJABHAI,INDEPENDENT,lost,1009
Gandhinagar,Gandhinagar(6),RAHUL CHIMANBHAI MEHTA,RIGHT TO RECALL PARTY,lost,1001
Gandhinagar,Gandhinagar(6),PATHAN IMTIYAJKHAN,INDEPENDENT,lost,842
Gandhinagar,Gandhinagar(6),BAGVAN BAHADURSHAH GULMOHAMMAD,INDEPENDENT,lost,771
Gandhinagar,Gandhinagar(6),NAVSADALAM IBRAHIMBHAI MALEK,INDEPENDENT,lost,732
Garhwal,Garhwal(2),ANIL BALUNI,BHARATIYA JANATA PARTY,won,432159
Garhwal,Garhwal(2),GANESH GODIYAL,INDIAN NATIONAL CONGRESS,lost,268656
Garhwal,Garhwal(2),NOTA,NONE OF THE ABOVE,nan,11375
Garhwal,Garhwal(2),SONU KUMAR,INDEPENDENT,lost,4822
Garhwal,Garhwal(2),ASHUTOSH SINGH,UTTARAKHAND KRANTI DAL,lost,4561
Garhwal,Garhwal(2),DHEER SINGH,BAHUJAN SAMAJ PARTY,lost,4122
Garhwal,Garhwal(2),MUKESH PRAKASH,INDEPENDENT,lost,3079
Garhwal,Garhwal(2),DEEPENDRA SINGH NEGI,INDEPENDENT,lost,1640
Garhwal,Garhwal(2),SURESHI DEVI,PEOPLES PARTY OF INDIA (DEMOCRATIC),lost,1512
Garhwal,Garhwal(2),ARJUN SINGH,AKHIL BHARTIYA PARIVAR PARTY,lost,1378
Garhwal,Garhwal(2),RESHMA PANWAR,SOCIALIST UNITY CENTRE OF INDIA (COMMUNIST),lost,1293
Garhwal,Garhwal(2),DR MUKESH PANT,SAINIK SAMAJ PARTY,lost,1179
Garhwal,Garhwal(2),VINOD KUMAR SHARMA,UTTARAKHAND SAMANTA PARTY,lost,884
Garhwal,Garhwal(2),SHYAMLAL,BAHUJAN MUKTI PARTY,lost,771
Gautam Buddha Nagar,Gautam Buddha Nagar(13),DR. MAHESH SHARMA,BHARATIYA JANATA PARTY,won,857829
Gautam Buddha Nagar,Gautam Buddha Nagar(13),DR. MAHENDRA SINGH NAGAR,SAMAJWADI PARTY,lost,298357
Gautam Buddha Nagar,Gautam Buddha Nagar(13),RAJENDRA SINGH SOLANKI,BAHUJAN SAMAJ PARTY,lost,251615
Gautam Buddha Nagar,Gautam Buddha Nagar(13),NOTA,NONE OF THE ABOVE,nan,10324
Gautam Buddha Nagar,Gautam Buddha Nagar(13),BHIM PRAKASH JIGYASU,VIRO KE VIR INDIAN PARTY,lost,3875
Gautam Buddha Nagar,Gautam Buddha Nagar(13),MOHD. MUMTAJ AALAM,INDEPENDENT,lost,2821
Gautam Buddha Nagar,Gautam Buddha Nagar(13),SHIVAM ASHUTOSH,INDEPENDENT,lost,2641
Gautam Buddha Nagar,Gautam Buddha Nagar(13),MANISH KUMAR DWIVEDI,AKHIL BHARTIYA PARIVAR PARTY,lost,1772
Gautam Buddha Nagar,Gautam Buddha Nagar(13),KISHOR SINGH,NATIONAL PARTY,lost,1767
Gautam Buddha Nagar,Gautam Buddha Nagar(13),MAHKAR SINGH,INDEPENDENT,lost,1124
Gautam Buddha Nagar,Gautam Buddha Nagar(13),KM. SHALU,LOKTANTRIK JANSHAKTI PARTY,lost,1050
Gautam Buddha Nagar,Gautam Buddha Nagar(13),PARAG KAUSHIK,INDEPENDENT,lost,946
Gautam Buddha Nagar,Gautam Buddha Nagar(13),NARESH NAUTIYAL,BHARTIYA RASHTRIYA JANSATTA,lost,941
Gautam Buddha Nagar,Gautam Buddha Nagar(13),RAN SINGH DUDEE,SUPER POWER INDIA PARTY,lost,908
Gautam Buddha Nagar,Gautam Buddha Nagar(13),RAJEEV MISHRA,JAI HIND NATIONAL PARTY,lost,657
Gautam Buddha Nagar,Gautam Buddha Nagar(13),NARAVEDASHVAR,SUBHASHWADI BHARTIYA SAMAJWADI PARTY (SUBHAS PARTY),lost,617
Gaya,Gaya(38),JITAN RAM MANJHI,HINDUSTANI AWAM MORCHA (SECULAR),won,494960
Gaya,Gaya(38),KUMAR SARVJEET,RASHTRIYA JANATA DAL,lost,393148
Gaya,Gaya(38),NOTA,NONE OF THE ABOVE,nan,17288
Gaya,Gaya(38),SUSHMA KUMARI,BAHUJAN SAMAJ PARTY,lost,12376
Gaya,Gaya(38),DEVENDRA PRATAP,INDEPENDENT,lost,9211
Gaya,Gaya(38),DHEERENDRA PRASAD,LOKTANTRIK SAMAJWADI PARTY,lost,5629
Gaya,Gaya(38),GIRIDHAR SAPERA,THE NATIONAL ROAD MAP PARTY OF INDIA,lost,4727
Gaya,Gaya(38),RANU KUMAR CHAUDHARY,INDEPENDENT,lost,4505
Gaya,Gaya(38),RANJAN KUMAR,INDEPENDENT,lost,4234
Gaya,Gaya(38),AYUSH KUMAR,INDEPENDENT,lost,4103
Gaya,Gaya(38),SURENDRA MANJHI,RASHTRIYA JANSAMBHAVNA PARTY,lost,3035
Gaya,Gaya(38),AMRESH KUMAR,INDEPENDENT,lost,2821
Gaya,Gaya(38),ASHOK KUMAR PASWAN,INDEPENDENT,lost,2701
Gaya,Gaya(38),ARUN KUMAR,INDEPENDENT,lost,2554
Gaya,Gaya(38),SHEO SHANKAR,BHARTIYA LOK CHETNA PARTY,lost,2384
Ghatal,Ghatal(32),ADHIKARI DEEPAK (DEV),ALL INDIA TRINAMOOL CONGRESS,won,837990
Ghatal,Ghatal(32),DR. HIRANMOY CHATTOPADHYAYA,BHARATIYA JANATA PARTY,lost,655122
Ghatal,Ghatal(32),TAPAN GANGULI,COMMUNIST PARTY OF INDIA,lost,74908
Ghatal,Ghatal(32),NOTA,NONE OF THE ABOVE,nan,12966
Ghatal,Ghatal(32),SOUMEN MADRAJI,BAHUJAN SAMAJ PARTY,lost,7941
Ghatal,Ghatal(32),GOPAL MONDAL,INDEPENDENT,lost,4244
Ghatal,Ghatal(32),DINESH MAIKAP,SOCIALIST UNITY CENTRE OF INDIA (COMMUNIST),lost,4148
Ghatal,Ghatal(32),SAHEB CHOWDHURY,INDEPENDENT,lost,3237
Ghaziabad,Ghaziabad(12),ATUL GARG,BHARATIYA JANATA PARTY,won,854170
Ghaziabad,Ghaziabad(12),DOLLY SHARMA,INDIAN NATIONAL CONGRESS,lost,517205
Ghaziabad,Ghaziabad(12),NAND KISHOR PUNDIR,BAHUJAN SAMAJ PARTY,lost,79525
Ghaziabad,Ghaziabad(12),NOTA,NONE OF THE ABOVE,nan,8211
Ghaziabad,Ghaziabad(12),RAVI KUMAR PANCHAL,INDEPENDENT,lost,1966
Ghaziabad,Ghaziabad(12),ANAND KUMAR,RASHTRA NIRMAN PARTY,lost,1178
Ghaziabad,Ghaziabad(12),NATTHUSINGH CHAUDHARY,INDEPENDENT,lost,1162
Ghaziabad,Ghaziabad(12),AURANGJEB,INDEPENDENT,lost,1120
Ghaziabad,Ghaziabad(12),NAMAHA,SAMAJ VIKAS KRANTI PARTY,lost,1080
Ghaziabad,Ghaziabad(12),AVDESH KUMAR,INDEPENDENT,lost,1043
Ghaziabad,Ghaziabad(12),POOJA SAXENA,RIGHT TO RECALL PARTY,lost,878
Ghaziabad,Ghaziabad(12),KAVITA,INDEPENDENT,lost,775
Ghaziabad,Ghaziabad(12),ANSUL GUPTA,RASHTRIYA JAN KARMATH PARTY,lost,764
Ghaziabad,Ghaziabad(12),DHIRENDRA SINGH BHADAURIYA,SUBHASHWADI BHARTIYA SAMAJWADI PARTY (SUBHAS PARTY),lost,700
Ghaziabad,Ghaziabad(12),ABHISHEK PUNDIR,INDEPENDENT,lost,653
Ghazipur,Ghazipur(75),AFZAL ANSARI,SAMAJWADI PARTY,won,539912
Ghazipur,Ghazipur(75),PARS NATH RAI,BHARATIYA JANATA PARTY,lost,415051
Ghazipur,Ghazipur(75),UMESH KUMAR SINGH,BAHUJAN SAMAJ PARTY,lost,164964
Ghazipur,Ghazipur(75),NOTA,NONE OF THE ABOVE,nan,9065
Ghazipur,Ghazipur(75),AJAY,VISHWA KALYAN RASHTRIYA MANAV SAMAJ PARTY,lost,5074
Ghazipur,Ghazipur(75),NUSRAT ANSARI,INDEPENDENT,lost,4616
Ghazipur,Ghazipur(75),ADITYA SHRIVASTAV,YUGA THULASI PARTY,lost,3316
Ghazipur,Ghazipur(75),SATYDEV YADAV,INDEPENDENT,lost,3172
Ghazipur,Ghazipur(75),GYANCHANDRA BIND,INDEPENDENT,lost,3135
Ghazipur,Ghazipur(75),RAMPRAVESH,MOULIK ADHIKAR PARTY,lost,2833
Ghazipur,Ghazipur(75),DHANANJAY KUMAR TIWARI,BHARTIYA LOKVANI PARTY,lost,1956
Ghosi,Ghosi(70),RAJEEV RAI,SAMAJWADI PARTY,won,503131
Ghosi,Ghosi(70),DR. ARVIND RAJBHAR,SUHELDEV BHARATIYA SAMAJ PARTY,lost,340188
Ghosi,Ghosi(70),BALKRISHNA CHAUHAN,BAHUJAN SAMAJ PARTY,lost,209404
Ghosi,Ghosi(70),LILAWATI RAJBHAR,MOOLNIWASI SAMAJ PARTY,lost,47527
Ghosi,Ghosi(70),PAWAN KUMAR CHAUHAN,INDEPENDENT,lost,7077
Ghosi,Ghosi(70),VINOD KUMAR RAI,COMMUNIST PARTY OF INDIA,lost,6993
Ghosi,Ghosi(70),ROLI GUPTA,AKHIL BHARTIYA HAMARA SAMAJ PARTY,lost,4225
Ghosi,Ghosi(70),NOTA,NONE OF THE ABOVE,nan,3518
Ghosi,Ghosi(70),VIRENDRA,RASHTRIYA JANTANTRIK BHARAT VIKAS PARTY,lost,2347
Ghosi,Ghosi(70),VIJAY,SOCIALIST UNITY CENTRE OF INDIA (COMMUNIST),lost,2241
Ghosi,Ghosi(70),AWADHESH KUMAR CHAUHAN,JANTA KRANTI PARTY (RASHTRAVADI),lost,2239
Ghosi,Ghosi(70),SATISH CHAND PRAJAPATI FAUJI,SAMAJHDAR PARTY,lost,1921
Ghosi,Ghosi(70),MADAN RAJBHAR,MANG SAMAJ PARTY,lost,1905
Ghosi,Ghosi(70),SAUDAGER,INDEPENDENT,lost,1892
Ghosi,Ghosi(70),RAJENDRA RAM,INDEPENDENT,lost,1649
Ghosi,Ghosi(70),YAKUB ANSARI,PEACE PARTY,lost,1573
Ghosi,Ghosi(70),PREM CHAND,PRAGATISHEEL MANAV SAMAJ PARTY,lost,1561
Ghosi,Ghosi(70),SANTOSH KUMAR GUPTA,JANLOK VIKAS PARTY,lost,1473
Ghosi,Ghosi(70),JYOTIRMA PATHAK,INDEPENDENT,lost,1204
Ghosi,Ghosi(70),BADRI NATH,INDEPENDENT,lost,1170
Ghosi,Ghosi(70),PREMCHAND NAYAK,INDEPENDENT,lost,1117
Ghosi,Ghosi(70),RAMNARESH YADAV,JAN RAAJYA PARTY,lost,885
Ghosi,Ghosi(70),RAJIV KUMAR SINGH,INDEPENDENT,lost,857
Ghosi,Ghosi(70),ISHWAR DAYAL SINGH SETH,BHARTIYA SABKA DAL,lost,841
Ghosi,Ghosi(70),PRAGYESH KUMAR,INDEPENDENT,lost,818
Ghosi,Ghosi(70),RAMVACHAN,SARDAR PATEL SIDDHANT PARTY,lost,773
Ghosi,Ghosi(70),GOPAL SINGH,AZAD ADHIKAR SENA,lost,737
Ghosi,Ghosi(70),RAJENDRA AGRAWAL,INDEPENDENT,lost,730
Ghosi,Ghosi(70),ISMAIL ANSARI,AAWAMI PICHHADA PARTY,lost,594
Giridih,Giridih(6),CHANDRA PRAKASH CHOUDHARY,AJSU PARTY,won,451139
Giridih,Giridih(6),MATHURA PRASAD MAHATO,JHARKHAND MUKTI MORCHA,lost,370259
Giridih,Giridih(6),JAIRAM KUMAR MAHATO,INDEPENDENT,lost,347322
Giridih,Giridih(6),KAMAL PRASAD,BAHUJAN SAMAJ PARTY,lost,14074
Giridih,Giridih(6),SUBODH KUMAR YADAV,INDEPENDENT,lost,13106
Giridih,Giridih(6),RAMESHWAR DUSADH,INDEPENDENT,lost,11020
Giridih,Giridih(6),SUNITA TUDU,INDEPENDENT,lost,10944
Giridih,Giridih(6),MD AINUL ANSARI,BAHUJAN MUKTI PARTY,lost,6939
Giridih,Giridih(6),NOTA,NONE OF THE ABOVE,nan,6044
Giridih,Giridih(6),DWARAKA PRASAD LALA,INDEPENDENT,lost,5627
Giridih,Giridih(6),KALAWATI DEVI,INDEPENDENT,lost,5430
Giridih,Giridih(6),GYANESHWAR PRASAD,LOKHIT ADHIKAR PARTY,lost,5356
Giridih,Giridih(6),SHIVJI PRASAD,RIGHT TO RECALL PARTY,lost,4254
Giridih,Giridih(6),PRAMOD RAM,PEOPLES PARTY OF INDIA (DEMOCRATIC),lost,3825
Giridih,Giridih(6),USHA SINGH,INDEPENDENT,lost,3761
Giridih,Giridih(6),PAPPU KUMAR NISHAD,BHARTIYA LOKMAT RASHTRWADI PARTY,lost,3216
Giridih,Giridih(6),SUBHASH KUMAR THAKUR,SARV SAMAJ PARTY,lost,2517
Godda,Godda(3),NISHIKANT DUBEY,BHARATIYA JANATA PARTY,won,693140
Godda,Godda(3),PRADEEP YADAV,INDIAN NATIONAL CONGRESS,lost,591327
Godda,Godda(3),UDAY SHANKAR KHAWARE,INDEPENDENT,lost,26837
Godda,Godda(3),ARUN MARIK,INDEPENDENT,lost,17437
Godda,Godda(3),NILESH KUMAR GUPTA,INDEPENDENT,lost,10488
Godda,Godda(3),AVISEK ANAND JHA,INDEPENDENT,lost,9636
Godda,Godda(3),BAJRANGI MAHTHA,BAHUJAN SAMAJ PARTY,lost,8175
Godda,Godda(3),MUKESH KUMAR JHA,INDEPENDENT,lost,7366
Godda,Godda(3),KUMARI DILESHWARI,AMBEDKARITE PARTY OF INDIA,lost,6581
Godda,Godda(3),NOTA,NONE OF THE ABOVE,nan,4361
Godda,Godda(3),RAMESHWAR MANDAL,PEOPLES PARTY OF INDIA (DEMOCRATIC),lost,3316
Godda,Godda(3),SURAJ KUMAR AMAN,BHAGIDARI PARTY(P),lost,3073
Godda,Godda(3),ARUN KUMAR,NYAYDHARMSABHA,lost,2893
Godda,Godda(3),DR. K. RANGAIAH,INDEPENDENT,lost,2210
Godda,Godda(3),BRAJKISHORE PANDIT,AKHIL BHARTIYA MANAVADHIKAR VICHAR MANCH PARTY,lost,2108
Godda,Godda(3),ANUP KUMAR,"PROUTIST BLOC, INDIA",lost,2007
Godda,Godda(3),KALIPADA MURMU,SOCIALIST UNITY CENTRE OF INDIA (COMMUNIST),lost,1941
Godda,Godda(3),KETAN KUMAR,RIGHT TO RECALL PARTY,lost,1898
Godda,Godda(3),TIPLAL SAH,LOKHIT ADHIKAR PARTY,lost,1770
Godda,Godda(3),GYANESHWAR JHA,JAGROOK JANTA PARTY,lost,1640
Gonda,Gonda(59),KIRTIVARDHAN SINGH,BHARATIYA JANATA PARTY,won,474258
Gonda,Gonda(59),SHREYA VERMA,SAMAJWADI PARTY,lost,428034
Gonda,Gonda(59),SAURABH,BAHUJAN SAMAJ PARTY,lost,29429
Gonda,Gonda(59),NOTA,NONE OF THE ABOVE,nan,9055
Gonda,Gonda(59),RAM UJAGAR,INDEPENDENT,lost,3535
Gonda,Gonda(59),ARUNIMA PANDEY,INDEPENDENT,lost,3073
Gonda,Gonda(59),RAGHAVENDRA,BHARTIYA SHAKTI CHETNA PARTY,lost,2028
Gonda,Gonda(59),RAJKUMAR,INDEPENDENT,lost,1989
Gonda,Gonda(59),VINOD KUMAR SINGH,BHARTIYA UDAY NIRMAN PARTY,lost,1483
Gopalganj,Gopalganj(17),DR. ALOK KUMAR SUMAN,JANATA DAL (UNITED),won,511866
Gopalganj,Gopalganj(17),PREM NATH CHANCHAL ALIAS CHANCHAL PASWAN,VIKASSHEEL INSAAN PARTY,lost,384686
Gopalganj,Gopalganj(17),NOTA,NONE OF THE ABOVE,nan,42863
Gopalganj,Gopalganj(17),DINANATH MANJHI,ALL INDIA MAJLIS-E-ITTEHADUL MUSLIMEEN,lost,29992
Gopalganj,Gopalganj(17),SUJEET KUMAR RAM,BAHUJAN SAMAJ PARTY,lost,29272
Gopalganj,Gopalganj(17),ANIL RAM,INDEPENDENT,lost,13002
Gopalganj,Gopalganj(17),SATYENDRA BAITHA,INDEPENDENT,lost,12269
Gopalganj,Gopalganj(17),BHOLA HARIJAN,INDEPENDENT,lost,11140
Gopalganj,Gopalganj(17),RAM KUMAR MANJHI,GANA SURAKSHA PARTY,lost,8540
Gopalganj,Gopalganj(17),NAMI RAM,INDEPENDENT,lost,6716
Gopalganj,Gopalganj(17),SURENDRA RAM,BHARTIYA RASHTRIYA DAL,lost,6712
Gopalganj,Gopalganj(17),JITENDRA RAM,BAHUJAN MUKTI PARTY,lost,5969
Gorakhpur,Gorakhpur(64),RAVINDRA SHUKLA ALIAS RAVI KISHAN,BHARATIYA JANATA PARTY,won,585834
Gorakhpur,Gorakhpur(64),KAJAL NISHAD,SAMAJWADI PARTY,lost,482308
Gorakhpur,Gorakhpur(64),JAVED ASHRAF ALIAS JAVED SIMNANI,BAHUJAN SAMAJ PARTY,lost,55781
Gorakhpur,Gorakhpur(64),NOTA,NONE OF THE ABOVE,nan,7681
Gorakhpur,Gorakhpur(64),ANAND KUMAR YADAV ALIAS ANAND KUMAR FAUJI,BHARATHEEYA JAWAN KISAN PARTY,lost,4955
Gorakhpur,Gorakhpur(64),PINTU SAHANI,INDEPENDENT,lost,4032
Gorakhpur,Gorakhpur(64),SHIVSHANKAR PRAJAPATI,BHAGIDARI PARTY(P),lost,2635
Gorakhpur,Gorakhpur(64),SUDHANSHU,INDEPENDENT,lost,2395
Gorakhpur,Gorakhpur(64),SANJAY SINGH RANA,BHARTIYA SARVDHARM PARTY,lost,2012
Gorakhpur,Gorakhpur(64),NAFEES AKHTAR,INDEPENDENT,lost,1880
Gorakhpur,Gorakhpur(64),ANKIT SHAH,BHARATIYA YUVA JAN EKTA PARTY,lost,1874
Gorakhpur,Gorakhpur(64),AMITA BHARATI,INDEPENDENT,lost,1364
Gorakhpur,Gorakhpur(64),SONU RAI,MERA ADHIKAAR RASHTRIYA DAL,lost,898
Gorakhpur,Gorakhpur(64),SHRIRAM PRASAD,AL-HIND PARTY,lost,764
Gulbarga,Gulbarga(5),RADHAKRISHNA,INDIAN NATIONAL CONGRESS,won,652321
Gulbarga,Gulbarga(5),DR. UMESH G JADHAV,BHARATIYA JANATA PARTY,lost,625116
Gulbarga,Gulbarga(5),NOTA,NONE OF THE ABOVE,nan,8429
Gulbarga,Gulbarga(5),HUCHESHWARA WATHAR GOUR,BAHUJAN SAMAJ PARTY,lost,7888
Gulbarga,Gulbarga(5),SUNDAR,INDEPENDENT,lost,3677
Gulbarga,Gulbarga(5),JYOTI RAMESH CHAVAN,INDEPENDENT,lost,2805
Gulbarga,Gulbarga(5),SHARANAPPA (PINTU),INDEPENDENT,lost,1884
Gulbarga,Gulbarga(5),TARABAI BHOVI,INDEPENDENT,lost,1550
Gulbarga,Gulbarga(5),RAMESH BHIMSING CHAVAN,INDEPENDENT,lost,1334
Gulbarga,Gulbarga(5),ANAND SINNUR,INDEPENDENT,lost,1280
Gulbarga,Gulbarga(5),NAGENDRA RAO,UTTAMA PRAJAAKEEYA PARTY,lost,1226
Gulbarga,Gulbarga(5),S.M.SHARMA,SOCIALIST UNITY CENTRE OF INDIA (COMMUNIST),lost,1144
Gulbarga,Gulbarga(5),RAJKUMAR,BHARTIYABAHUJANKRANTI DAL,lost,709
Gulbarga,Gulbarga(5),VIJAY JADHAV,KARNATAKA RASHTRA SAMITHI,lost,560
Gulbarga,Gulbarga(5),B. VIJAYKUMAR CHINCHANSOORKAR,PRAHAR JANSHAKTI PARTY,lost,554
Guntur,Guntur(13),DR CHANDRA SEKHAR PEMMASANI,TELUGU DESAM,won,864948
Guntur,Guntur(13),KILARI VENKATA ROSAIAH,YUVAJANA SRAMIKA RYTHU CONGRESS PARTY,lost,520253
Guntur,Guntur(13),JANGALA AJAY KUMAR,COMMUNIST PARTY OF INDIA,lost,8637
Guntur,Guntur(13),NOTA,NONE OF THE ABOVE,nan,7387
Guntur,Guntur(13),SIVAREDDY. ENDREDDY,NAVATARAM PARTY,lost,5629
Guntur,Guntur(13),TENALI PRAKASH,BAHUJAN SAMAJ PARTY,lost,4272
Guntur,Guntur(13),SIKHAKOLLI HEMA GOWRI SHANKAR,JATIYA JANA SENA PARTY,lost,1964
Guntur,Guntur(13),SAMUDRALA CHINNA KOTAIAH,JAIBHIM RAO BHARAT PARTY,lost,1753
Guntur,Guntur(13),UMAR BHASHA SHAIK,JANA SAHAYAKA SAKTHI,lost,1275
Guntur,Guntur(13),SYED. SAIDA,NAVARANG CONGRESS PARTY,lost,1222
Guntur,Guntur(13),AMBATI CHALAMAIAH,PYRAMID PARTY OF INDIA,lost,1031
Guntur,Guntur(13),PILLI BABU RAO,INDEPENDENT,lost,692
Guntur,Guntur(13),HARI VENKATA SATISH KURNALA,JAI BHARAT NATIONAL PARTY,lost,542
Guntur,Guntur(13),VISHNU REDDY LANKIREDDY,BENGALURU NAVA NIRMANA PARTY,lost,461
Guntur,Guntur(13),EMANI. CHANDRASEKHAR RAO,NAVODAYAM PARTY,lost,414
Guntur,Guntur(13),SHAIK. KHAJAVALI,INDEPENDENT,lost,391
Guntur,Guntur(13),CHALLAPALLI RATAN RAJU,VIDUTHALAI CHIRUTHAIGAL KATCHI,lost,378
Guntur,Guntur(13),KANNEBOYINA VAMSI KRISHNA YADAV,INDEPENDENT,lost,375
Guntur,Guntur(13),MOHAMMAD KHAJA MOINUDDIN CHISTI PASHA,ANDHRA PRADESH RASHTRA SAMITHI,lost,358
Guntur,Guntur(13),GAYATRI AUDHIPUDI,INDEPENDENT,lost,357
Guntur,Guntur(13),SHAIK ASLAM AKTHER,INDEPENDENT,lost,335
Guntur,Guntur(13),ASHOK ANAND GALI,INDEPENDENT,lost,335
Guntur,Guntur(13),PATHAN KHAJA (BASHA),TELUGU RAJADHIKARA SAMITI PARTY,lost,332
Guntur,Guntur(13),BURAGA RATNAM,LOKTANTRIK JANTA DAL,lost,316
Guntur,Guntur(13),AMARTHALURI VENKATESWARA RAO.,MARXIST COMMUNIST PARTY OF INDIA (UNITED),lost,312
Guntur,Guntur(13),DR. RAYAPUDI RAJESH VIJAY KUMAR,INDIAN LABOUR PARTY (AMBEDKAR PHULE),lost,310
Guntur,Guntur(13),VANKAYALAPATI VENKATA SIVA RAMANJANEYULU,INDEPENDENT,lost,268
Guntur,Guntur(13),SIVA PARVATHI,INDEPENDENT,lost,266
Guntur,Guntur(13),BOMMASANI MUTYALA RAO,ALL PEOPLES PARTY,lost,207
Guntur,Guntur(13),SRIKRISHNA AKKISETTI,INDEPENDENT,lost,179
Guntur,Guntur(13),MADAVARAPU NAGA RAJU,INDEPENDENT,lost,172
Gurdaspur,Gurdaspur(1),SUKHJINDER SINGH RANDHAWA,INDIAN NATIONAL CONGRESS,won,364043
Gurdaspur,Gurdaspur(1),DINESH SINGH BABBU,BHARATIYA JANATA PARTY,lost,281182
Gurdaspur,Gurdaspur(1),AMANSHER SINGH (SHERY KALSI),AAM AADMI PARTY,lost,277252
Gurdaspur,Gurdaspur(1),DR. DALJIT SINGH CHEEMA,SHIROMANI AKALI DAL,lost,85500
Gurdaspur,Gurdaspur(1),GURINDER SINGH BAJWA,SHIROMANI AKALI DAL (AMRITSAR)(SIMRANJIT SINGH MANN),lost,25765
Gurdaspur,Gurdaspur(1),SANT SEWAK,INDEPENDENT,lost,5952
Gurdaspur,Gurdaspur(1),RAJ KUMAR,BAHUJAN SAMAJ PARTY,lost,4930
Gurdaspur,Gurdaspur(1),SANTOSH KAUR,INDEPENDENT,lost,4738
Gurdaspur,Gurdaspur(1),SAMUEL SONI,INDEPENDENT,lost,4440
Gurdaspur,Gurdaspur(1),SURJIT SINGH,INDEPENDENT,lost,3373
Gurdaspur,Gurdaspur(1),NOTA,NONE OF THE ABOVE,nan,3354
Gurdaspur,Gurdaspur(1),SANJEEV SINGH,INDEPENDENT,lost,2178
Gurdaspur,Gurdaspur(1),SURINDER SINGH,INDEPENDENT,lost,1782
Gurdaspur,Gurdaspur(1),GURPREET KAUR BAJWA,INDEPENDENT,lost,1709
Gurdaspur,Gurdaspur(1),SANJEEV MANHAS,INDEPENDENT,lost,1635
Gurdaspur,Gurdaspur(1),ROBI MASIH,INDEPENDENT,lost,1511
Gurdaspur,Gurdaspur(1),SANTOSH KUMARI,MEGH DESHAM PARTY,lost,1194
Gurdaspur,Gurdaspur(1),RAMESH KUMAR TOLLA,BHARATHEEYA JAWAN KISAN PARTY,lost,1098
Gurdaspur,Gurdaspur(1),AMIT AGGARWAL,INDEPENDENT,lost,924
Gurdaspur,Gurdaspur(1),TARSEM MASIH SAHOTA,INDEPENDENT,lost,885
Gurdaspur,Gurdaspur(1),TILAK RAJ,INDEPENDENT,lost,805
Gurdaspur,Gurdaspur(1),RANJODH SINGH,JAN SEWA DRIVER PARTY,lost,789
Gurdaspur,Gurdaspur(1),I.S.GULATI,INDEPENDENT,lost,699
Gurdaspur,Gurdaspur(1),RAMESH LAL,NATIONAL REPUBLIC PARTY OF INDIA,lost,657
Gurdaspur,Gurdaspur(1),JAGDISH MASIH,INDEPENDENT,lost,546
Gurdaspur,Gurdaspur(1),JATINDER KUMAR SHARMA,BHARTIYA RASHTRIYA DAL,lost,461
Gurdaspur,Gurdaspur(1),DARBARA SINGH,NATIONALIST JUSTICE PARTY,lost,424
Guwahati,Guwahati(5),BIJULI KALITA MEDHI,BHARATIYA JANATA PARTY,won,894887
Guwahati,Guwahati(5),MIRA BORTHAKUR GOSWAMI,INDIAN NATIONAL CONGRESS,lost,643797
Guwahati,Guwahati(5),NOTA,NONE OF THE ABOVE,nan,20249
Guwahati,Guwahati(5),DIPAK KR BORO,VOTERS PARTY INTERNATIONAL,lost,8548
Guwahati,Guwahati(5),COLONEL GOKUL CHANDRA SINGHA,INDEPENDENT,lost,7678
Guwahati,Guwahati(5),AMITABH SARMA,EKAM SANATAN BHARAT DAL,lost,7527
Guwahati,Guwahati(5),KAZI NEKIB AHMED,INDEPENDENT,lost,6761
Guwahati,Guwahati(5),SAMAD CHOUDHURY,BHARATIYA GANA PARISHAD,lost,5095
Guwahati,Guwahati(5),SHEJON GOYARY,BAHUJAN MAHA PARTY,lost,4847
HAMIRPUR,HAMIRPUR(3),ANURAG SINGH THAKUR,BHARATIYA JANATA PARTY,won,607068
HAMIRPUR,HAMIRPUR(3),SATPAL RAIZADA,INDIAN NATIONAL CONGRESS,lost,424711
HAMIRPUR,HAMIRPUR(3),NOTA,NONE OF THE ABOVE,nan,5178
HAMIRPUR,HAMIRPUR(3),HEM RAJ,BAHUJAN SAMAJ PARTY,lost,2758
HAMIRPUR,HAMIRPUR(3),JAGDEEP KUMAR,RASHTRIYA DEVBHUMI PARTY,lost,1764
HAMIRPUR,HAMIRPUR(3),SURENDER KUMAR GAUTAM,INDEPENDENT,lost,1410
HAMIRPUR,HAMIRPUR(3),SUBEDAR MAJOR KULWANT SINGH PATIAL,BHARATHEEYA JAWAN KISAN PARTY,lost,1239
HAMIRPUR,HAMIRPUR(3),NAND LAL,INDEPENDENT,lost,1019
HAMIRPUR,HAMIRPUR(3),SUMIT RANA,AKHIL BHARTIYA PARIVAR PARTY,lost,675
HAMIRPUR,HAMIRPUR(3),RAMESH CHAND SARTHI,INDEPENDENT,lost,560
HAMIRPUR,HAMIRPUR(3),ARUN ANKESH SYAL,EKAM SANATAN BHARAT DAL,lost,433
HAMIRPUR,HAMIRPUR(3),GARIB DASS KATOCH,INDEPENDENT,lost,246
HAMIRPUR,HAMIRPUR(3),GOPI CHAND ATTARI,INDEPENDENT,lost,202
HISAR,HISAR(4),JAI PARKASH (J P) S/O HARIKESH,INDIAN NATIONAL CONGRESS,won,570424
HISAR,HISAR(4),RANJIT SINGH,BHARATIYA JANATA PARTY,lost,507043
HISAR,HISAR(4),DESH RAJ,BAHUJAN SAMAJ PARTY,lost,26015
HISAR,HISAR(4),SUNAINA CHAUTALA,INDIAN NATIONAL LOK DAL,lost,22303
HISAR,HISAR(4),NAINA SINGH CHAUTALA,JANNAYAK JANTA PARTY,lost,22032
HISAR,HISAR(4),PARDEEP DAHIYA,INDEPENDENT,lost,3608
HISAR,HISAR(4),NOTA,NONE OF THE ABOVE,nan,3366
HISAR,HISAR(4),JAI PRAKASH (J.P.) S/O UMA DUTT,INDEPENDENT,lost,3273
HISAR,HISAR(4),JILE SINGH,INDEPENDENT,lost,3196
HISAR,HISAR(4),POONAM MOR,INDEPENDENT,lost,1241
HISAR,HISAR(4),ISHWAR JHAJHRIA,INDEPENDENT,lost,1122
HISAR,HISAR(4),ATMA RAM BISHNOI,INDEPENDENT,lost,1097
HISAR,HISAR(4),KULBIR,INDEPENDENT,lost,1041
HISAR,HISAR(4),CHANDER MOHAN,INDEPENDENT,lost,998
HISAR,HISAR(4),ADVOCATE PARDEEP SIHMAR,PEOPLES PARTY OF INDIA (DEMOCRATIC),lost,876
HISAR,HISAR(4),AJIT SINGH,INDEPENDENT,lost,796
HISAR,HISAR(4),DEV GIRI,RASHTRIYA LOKSWARAJ PARTY,lost,726
HISAR,HISAR(4),DINESH KUMAR,INDEPENDENT,lost,703
HISAR,HISAR(4),MASTER VIJENDER JITPURA,SOCIALIST UNITY CENTRE OF INDIA (COMMUNIST),lost,657
HISAR,HISAR(4),RAJENDER KUMAR,INDEPENDENT,lost,486
HISAR,HISAR(4),NEERAJ KUMAR “CHHATTAR”,BHARATIYA ASHA PARTY,lost,423
HISAR,HISAR(4),MANDEEP,INDEPENDENT,lost,405
HISAR,HISAR(4),JAGAT SINGH,VIKAS INDIA PARTY,lost,382
HISAR,HISAR(4),PARJAPATI RAKESH DHUWARIA,INDEPENDENT,lost,374
HISAR,HISAR(4),RANDHIR SINGH,INDEPENDENT,lost,353
HISAR,HISAR(4),SURENDER KUMAR,INDEPENDENT,lost,326
HISAR,HISAR(4),SURENDER,INDEPENDENT,lost,308
HISAR,HISAR(4),VIJAY SINGH,INDEPENDENT,lost,272
HISAR,HISAR(4),YOGESH BOORA,INDEPENDENT,lost,269
HOSHANGABAD,HOSHANGABAD(17),DARSHAN SINGH CHOUDHARY,BHARATIYA JANATA PARTY,won,812147
HOSHANGABAD,HOSHANGABAD(17),SANJAY SHARMA SANJU BHAIYA,INDIAN NATIONAL CONGRESS,lost,380451
HOSHANGABAD,HOSHANGABAD(17),RAMGOVIND BARUAA,BAHUJAN SAMAJ PARTY,lost,15387
HOSHANGABAD,HOSHANGABAD(17),NOTA,NONE OF THE ABOVE,nan,14941
HOSHANGABAD,HOSHANGABAD(17),PANDIT DIVYENDRA BRIJMOHAN DUBEY ADVOCATE,BHARATIYA YUVA JAN EKTA PARTY,lost,6168
HOSHANGABAD,HOSHANGABAD(17),RAKESH RAMPRASAD RICKY,INDEPENDENT,lost,5079
HOSHANGABAD,HOSHANGABAD(17),SARJERAO SAHARE,INDEPENDENT,lost,4493
HOSHANGABAD,HOSHANGABAD(17),PATRAKAR TILAK JATAV,INDEPENDENT,lost,2260
HOSHANGABAD,HOSHANGABAD(17),YUVRAJ GAVADE,INDEPENDENT,lost,2215
HOSHANGABAD,HOSHANGABAD(17),JYOTI SURESH JHARIYA,INDEPENDENT,lost,2046
HOSHANGABAD,HOSHANGABAD(17),MAKHAN SINGH LODHI,BHARTIYA SHAKTI CHETNA PARTY,lost,1657
HOSHANGABAD,HOSHANGABAD(17),MUKESH YADAV,INDEPENDENT,lost,1588
HOSHANGABAD,HOSHANGABAD(17),PANDIT BRAJESH KHEMARIYA,INDEPENDENT,lost,1260
Hajipur,Hajipur(21),CHIRAG PASWAN,LOK JANSHAKTI PARTY(RAM VILAS),won,615718
Hajipur,Hajipur(21),SHIV CHANDRA RAM,RASHTRIYA JANATA DAL,lost,445613
Hajipur,Hajipur(21),NOTA,NONE OF THE ABOVE,nan,36927
Hajipur,Hajipur(21),SURENDRA KUMAR PASWAN,INDEPENDENT,lost,17245
Hajipur,Hajipur(21),SHASHI SWARAJ,BAHUJAN SAMAJ PARTY,lost,8679
Hajipur,Hajipur(21),HARIWANSH PASWAN,INDEPENDENT,lost,7117
Hajipur,Hajipur(21),SHAILENDRA KUMAR,INDEPENDENT,lost,6161
Hajipur,Hajipur(21),ASHOK KUMAR,SAMATA PARTY,lost,4721
Hajipur,Hajipur(21),RANDHIR PASWAN,INDEPENDENT,lost,2675
Hajipur,Hajipur(21),RAJ KUMAR PASWAN,YUVA BIHAR SENA,lost,1990
Hajipur,Hajipur(21),DHARMENDRA KUMAR,JANTANTRA AWAJ PARTY,lost,1978
Hajipur,Hajipur(21),MADHUSUDHAN PASWAN,INDEPENDENT,lost,1801
Hajipur,Hajipur(21),RAJESH KUMAR RAUSHAN,SOCIALIST UNITY CENTRE OF INDIA (COMMUNIST),lost,1701
Hajipur,Hajipur(21),MEGHNATH PASWAN,INDEPENDENT,lost,1680
Hajipur,Hajipur(21),BALENDRA DAS,JANSHAKTI JANTA DAL,lost,1318
Hamirpur,Hamirpur(47),AJENDRA SINGH LODHI,SAMAJWADI PARTY,won,490683
Hamirpur,Hamirpur(47),KUNWAR PUSHPENDRA SINGH CHANDEL,BHARATIYA JANATA PARTY,lost,488054
Hamirpur,Hamirpur(47),NIRDOSH KUMAR DIXIT,BAHUJAN SAMAJ PARTY,lost,94696
Hamirpur,Hamirpur(47),NOTA,NONE OF THE ABOVE,nan,13453
Hamirpur,Hamirpur(47),ANUPAM KUMAR TRIPATHI,BHARTIYA SHAKTI CHETNA PARTY,lost,6407
Hamirpur,Hamirpur(47),BRIJESH KUMAR PAL,RASHTRA UDAY PARTY,lost,4527
Hamirpur,Hamirpur(47),BHUVANENDRA NARAYAN SINGH,INDEPENDENT,lost,4320
Hamirpur,Hamirpur(47),SANTOSH KUMAR,INDEPENDENT,lost,3777
Hamirpur,Hamirpur(47),RAJESH SINGH,INDEPENDENT,lost,3607
Hamirpur,Hamirpur(47),SURESH KUMAR,EKLAVYA SAMAJ PARTY,lost,2181
Hamirpur,Hamirpur(47),SANJIV KUMAR,SPASHTWADI JAN AADHAR PARTY,lost,2003
Hamirpur,Hamirpur(47),DHARMRAJ,AL-HIND PARTY,lost,1591
Hardoi,Hardoi(31),JAI PRAKASH,BHARATIYA JANATA PARTY,won,486798
Hardoi,Hardoi(31),USHA VERMA,SAMAJWADI PARTY,lost,458942
Hardoi,Hardoi(31),BHIMRAO AMBEDKAR,BAHUJAN SAMAJ PARTY,lost,122629
Hardoi,Hardoi(31),NOTA,NONE OF THE ABOVE,nan,8814
Hardoi,Hardoi(31),SHIVE KUMAR,INDEPENDENT,lost,4898
Hardoi,Hardoi(31),SHYAM KUMAR,PEOPLES PARTY OF INDIA (DEMOCRATIC),lost,4200
Hardoi,Hardoi(31),SUNIL KUMAR VERMA,INDEPENDENT,lost,3821
Hardoi,Hardoi(31),INDRAPAL PASI,JUSTICE PARTY,lost,2946
Hardoi,Hardoi(31),MUNNA LAL,NAARI NAR RAKSHAK PARTY,lost,1589
Hardoi,Hardoi(31),OM PRAKASH,INDEPENDENT,lost,1561
Hardoi,Hardoi(31),AWADESH KUMAR,INDEPENDENT,lost,1424
Hardoi,Hardoi(31),PRADEEP KUMAR,BHARTIYA KRISHAK DAL,lost,1354
Hardoi,Hardoi(31),BRAHMA PRASAD,LOK JAN SANGHARSH PARTY,lost,1140
Haridwar,Haridwar(5),TRIVENDRA SINGH RAWAT,BHARATIYA JANATA PARTY,won,653808
Haridwar,Haridwar(5),VIRENDRA RAWAT,INDIAN NATIONAL CONGRESS,lost,489752
Haridwar,Haridwar(5),UMESH KUMAR PATRAKAR,INDEPENDENT,lost,91188
Haridwar,Haridwar(5),JAMIL AHMAD,BAHUJAN SAMAJ PARTY,lost,42323
Haridwar,Haridwar(5),NOTA,NONE OF THE ABOVE,nan,6826
Haridwar,Haridwar(5),BALBIR SINGH BHANDARI,UTTARAKHAND SAMANTA PARTY,lost,2961
Haridwar,Haridwar(5),MOHAN SINGH ASWAL,UTTARAKHAND KRANTI DAL,lost,2854
Haridwar,Haridwar(5),VIJAY KUMAR,INDEPENDENT,lost,2410
Haridwar,Haridwar(5),PAWAN KASHYAP,INDEPENDENT,lost,2178
Haridwar,Haridwar(5),KARAN SINGH SAINI ENGINEER,INDEPENDENT,lost,1974
Haridwar,Haridwar(5),AKRAM HUSSAIN,INDEPENDENT,lost,1685
Haridwar,Haridwar(5),LALIT KUMAR,PEOPLES PARTY OF INDIA (DEMOCRATIC),lost,1410
Haridwar,Haridwar(5),SURESH PAL,BHARTIYA RASHTRIYA EKTA DAL,lost,1162
Haridwar,Haridwar(5),ASHISH DHYANI,INDEPENDENT,lost,1117
Haridwar,Haridwar(5),AVNISH KUMAR,INDEPENDENT,lost,975
Hassan,Hassan(16),SHREYAS. M. PATEL,INDIAN NATIONAL CONGRESS,won,672988
Hassan,Hassan(16),PRAJWAL REVANNA,JANATA DAL (SECULAR),lost,630339
Hassan,Hassan(16),GANGADHAR BAHUJAN,BAHUJAN SAMAJ PARTY,lost,12173
Hassan,Hassan(16),NOTA,NONE OF THE ABOVE,nan,8541
Hassan,Hassan(16),DEVARAJ M.Y,KARNATAKA RASHTRA SAMITHI,lost,6057
Hassan,Hassan(16),H D REVANNA,PURVANCHAL MAHAPANCHAYAT,lost,4272
Hassan,Hassan(16),BASAVARAJU J.D (EX-ARMY),INDEPENDENT,lost,4063
Hassan,Hassan(16),SANTHOSH B.N,INDEPENDENT,lost,3449
Hassan,Hassan(16),HEMANTH GAVEESH,INDEPENDENT,lost,3281
Hassan,Hassan(16),PRATHAPA K.A,UTTAMA PRAJAAKEEYA PARTY,lost,3250
Hassan,Hassan(16),S.K. NINGARAJA,BAHUJAN BHARAT PARTY,lost,1730
Hassan,Hassan(16),B.N. SURESHA (SURESHGOWDA),INDEPENDENT,lost,1418
Hassan,Hassan(16),SIDDABHOVI,INDEPENDENT,lost,987
Hassan,Hassan(16),R.G. SATHISHA RAMEDEVARAPURA,INDEPENDENT,lost,869
Hassan,Hassan(16),SHIVARAJ. B,REPUBLICAN PARTY OF INDIA BHARATHA,lost,848
Hassan,Hassan(16),K.R. GANGADHARAPPA,INDEPENDENT,lost,742
Hathras,Hathras(16),ANOOP PRADHAN BALMIKI,BHARATIYA JANATA PARTY,won,554746
Hathras,Hathras(16),JASVEER VALMIKI,SAMAJWADI PARTY,lost,307428
Hathras,Hathras(16),HEMBABOO DHANGAR,BAHUJAN SAMAJ PARTY,lost,201263
Hathras,Hathras(16),NOTA,NONE OF THE ABOVE,nan,6299
Hathras,Hathras(16),JAYPAL MAHOR,INDEPENDENT,lost,3061
Hathras,Hathras(16),RAJPAL SINGH,INDEPENDENT,lost,2372
Hathras,Hathras(16),GHANSHYAM SINGH,SWARAJ BHARTIYA NYAY PARTY,lost,2345
Hathras,Hathras(16),RAVI KUMAR,INDEPENDENT,lost,1645
Hathras,Hathras(16),DR. JAYVEER SINGH DHANGAR,RASHTRA UDAY PARTY,lost,1607
Hathras,Hathras(16),DINESH SAI,INDEPENDENT,lost,1144
Hathras,Hathras(16),MUNNALAL JATAV,INDEPENDENT,lost,810
Hatkanangale,Hatkanangale(48),DHAIRYASHEEL SAMBHAJIRAO MANE,SHIV SENA,won,520190
Hatkanangale,Hatkanangale(48),SATYAJEET BABASAHEB PATIL (AABA) SARUDKAR,SHIV SENA (UDDHAV BALASAHEB THACKREY),lost,506764
Hatkanangale,Hatkanangale(48),RAJU SHETTI,SWABHIMANI PAKSHA,lost,179850
Hatkanangale,Hatkanangale(48),D. C. PATIL DADASAHEB / DADGONDA CHAVGONDA PATIL,VANCHIT BAHUJAN AAGHADI,lost,32696
Hatkanangale,Hatkanangale(48),ASLAM AINODIN MULLA,INDEPENDENT,lost,6111
Hatkanangale,Hatkanangale(48),NOTA,NONE OF THE ABOVE,nan,5103
Hatkanangale,Hatkanangale(48),ANANDRAO VASANTRAO SARNAIK (FOUJI BAPU),INDEPENDENT,lost,4955
Hatkanangale,Hatkanangale(48),TANDALE LAXMAN SHIVAJI,INDEPENDENT,lost,4789
Hatkanangale,Hatkanangale(48),PROF. PARASHURAM MANE,INDEPENDENT,lost,4477
Hatkanangale,Hatkanangale(48),KAMBLE RAVINDRA TUKARAM,BAHUJAN SAMAJ PARTY,lost,4033
Hatkanangale,Hatkanangale(48),SATYAJEET PATIL (AABA),INDEPENDENT,lost,3632
Hatkanangale,Hatkanangale(48),ANANDRAO TUKARAM THORAT,INDEPENDENT,lost,3499
Hatkanangale,Hatkanangale(48),IMRAN IQBAL KHATIB,BAHUJAN MUKTI PARTY,lost,3190
Hatkanangale,Hatkanangale(48),RAGHUNATHDADA PATIL,BHARATHEEYA JAWAN KISAN PARTY,lost,2174
Hatkanangale,Hatkanangale(48),JAVED SIKANDAR MUJAVAR,INDEPENDENT,lost,1852
Hatkanangale,Hatkanangale(48),SANTOSH KERBA KHOT,KAMGAAR KISAN PARTY,lost,1701
Hatkanangale,Hatkanangale(48),DR. ISHWAR MAHADEV YAMGAR,BHARATIYA LOKSHAKTI PARTY,lost,1537
Hatkanangale,Hatkanangale(48),SHIVAJI DHONDIRAM SANKPAL,INDEPENDENT,lost,1392
Hatkanangale,Hatkanangale(48),SHARAD BABURAO PATIL,NATIONAL BLACK PANTHER PARTY,lost,1361
Hatkanangale,Hatkanangale(48),MANOHAR PRADIP SATPUTE,INDEPENDENT,lost,1066
Hatkanangale,Hatkanangale(48),DHANAJI JAGANNATH GURAV (SHIVAREKAR),LOKRAJYA JANATA PARTY,lost,1061
Hatkanangale,Hatkanangale(48),DAVARI LAXMAN SHRIPATI,INDEPENDENT,lost,1009
Hatkanangale,Hatkanangale(48),RAJENDRA BHIMRAO MANE,INDEPENDENT,lost,940
Hatkanangale,Hatkanangale(48),DINAKARRAO TULSHIDAS CHAVAN (PATIL),ALL INDIA FORWARD BLOC,lost,679
Hatkanangale,Hatkanangale(48),RAMCHANDRA GOVINDRAO SALUNKHE,INDEPENDENT,lost,618
Hatkanangale,Hatkanangale(48),MOHITE DEVENDRA NANA,INDEPENDENT,lost,560
Hatkanangale,Hatkanangale(48),MANE ARVIND BHIVA,INDEPENDENT,lost,424
Hatkanangale,Hatkanangale(48),MAHAMMAD MUBARAK DARAVESHI,INDEPENDENT,lost,361
Haveri,Haveri(10),BASAVARAJ BOMMAI,BHARATIYA JANATA PARTY,won,705538
Haveri,Haveri(10),ANANDSWAMY GADDADEVARMATH,INDIAN NATIONAL CONGRESS,lost,662025
Haveri,Haveri(10),NOTA,NONE OF THE ABOVE,nan,10865
Haveri,Haveri(10),SUNANDA KARIYAPPA SHIRHATTI,INDEPENDENT,lost,4707
Haveri,Haveri(10),KHAJAMOHIDDIN GUDAGERI,SOCIALIST PARTY (INDIA),lost,3401
Haveri,Haveri(10),GANGADHAR BADIGER,SOCIALIST UNITY CENTRE OF INDIA (COMMUNIST),lost,2270
Haveri,Haveri(10),RUDRAPPA BASAPPA KUMBAR,INDEPENDENT,lost,1356
Haveri,Haveri(10),PRAJAKEEYA SACHINKUMAR KARJEKANNAVAR,UTTAMA PRAJAAKEEYA PARTY,lost,1072
Haveri,Haveri(10),BASAVARAJ B HADI,INDEPENDENT,lost,1071
Haveri,Haveri(10),DR. G H IMRAPUR,INDEPENDENT,lost,953
Haveri,Haveri(10),JAGADISH YALLAPPA BANKAPURA,INDEPENDENT,lost,674
Haveri,Haveri(10),TANU CHIKKANNA YADAV,KARNATAKA RASHTRA SAMITHI,lost,636
Haveri,Haveri(10),H K NARASIMHAPPA,SAMAJWADI JANATA PARTY(KARNATAKA),lost,446
Haveri,Haveri(10),VISHWANATH SHEERI,EKAM SANATAN BHARAT DAL,lost,401
Haveri,Haveri(10),RASHEEDA BEGUM,INDIAN MOVEMENT PARTY,lost,397
Hazaribagh,Hazaribagh(14),MANISH JAISWAL,BHARATIYA JANATA PARTY,won,654613
Hazaribagh,Hazaribagh(14),JAI PRAKASH BHAI PATEL,INDIAN NATIONAL CONGRESS,lost,377927
Hazaribagh,Hazaribagh(14),SANJAY KUMAR MEHTA,INDEPENDENT,lost,157977
Hazaribagh,Hazaribagh(14),SHASHI BHUSHAN KESHRI,INDEPENDENT,lost,15386
Hazaribagh,Hazaribagh(14),ANIRUDDH KUMAR,COMMUNIST PARTY OF INDIA,lost,10468
Hazaribagh,Hazaribagh(14),MD. MOIN UDDIN AHMAD,BAHUJAN SAMAJ PARTY,lost,7438
Hazaribagh,Hazaribagh(14),NOTA,NONE OF THE ABOVE,nan,7200
Hazaribagh,Hazaribagh(14),MD. SERAJ,INDEPENDENT,lost,5506
Hazaribagh,Hazaribagh(14),VINOD KUMAR RANA,INDEPENDENT,lost,4841
Hazaribagh,Hazaribagh(14),KUNJ BIHARI KUMAR,LOKHIT ADHIKAR PARTY,lost,4234
Hazaribagh,Hazaribagh(14),CHHATHI DEVI,AKHIL BHARTIYA PARIVAR PARTY,lost,3316
Hazaribagh,Hazaribagh(14),ABHISHEK KUMAR,INDEPENDENT,lost,2972
Hazaribagh,Hazaribagh(14),NISHANT KUMAR SINHA,PEOPLES PARTY OF INDIA (DEMOCRATIC),lost,2956
Hazaribagh,Hazaribagh(14),MANOJ KUMAR BEDIA,INDEPENDENT,lost,2578
Hazaribagh,Hazaribagh(14),BHUNESHWAR BEDIYA,SAMATA PARTY,lost,2264
Hazaribagh,Hazaribagh(14),RAJ KUMAR,JHARKHAND PARTY,lost,1935
Hazaribagh,Hazaribagh(14),SHYAM BIHARI PRAJAPATI,BHAGIDARI PARTY(P),lost,1839
Hazaribagh,Hazaribagh(14),PRAKASH SONI,BHARTIYA AZAD SENA,lost,1217
Hindupur,Hindupur(20),B K PARTHASARATHI,TELUGU DESAM,won,725534
Hindupur,Hindupur(20),J SHANTHA,YUVAJANA SRAMIKA RYTHU CONGRESS PARTY,lost,593107
Hindupur,Hindupur(20),B A SAMAD SHAHEEN,INDIAN NATIONAL CONGRESS,lost,55059
Hindupur,Hindupur(20),NOTA,NONE OF THE ABOVE,nan,17971
Hindupur,Hindupur(20),BHAGYA R S,BAHUJAN SAMAJ PARTY,lost,8015
Hindupur,Hindupur(20),PRATHAP REDDY GORLA,INDEPENDENT,lost,5444
Hindupur,Hindupur(20),H D HANUMANTHE GOWD,INDEPENDENT,lost,2278
Hindupur,Hindupur(20),ANJINAPPA GARI SREENIVASULU,REVOLUTIONARY SOCIALIST PARTY,lost,2051
Hindupur,Hindupur(20),S N SURESH,INDEPENDENT,lost,1631
Hindupur,Hindupur(20),DASAGANIPALLI KULLAYAPPA,INDEPENDENT,lost,1328
Hindupur,Hindupur(20),ASHOK,SOCIALIST UNITY CENTRE OF INDIA (COMMUNIST),lost,1292
Hindupur,Hindupur(20),T SUDHAKAR REDDY,INDEPENDENT,lost,1237
Hindupur,Hindupur(20),S RAGHUNATHA REDDY,INDEPENDENT,lost,710
Hindupur,Hindupur(20),BUDILI DHANUNJAYA,NATIONAL NAVA KRANTHI PARTY,lost,682
Hingoli,Hingoli(15),AASHTIKAR PATIL NAGESH BAPURAO,SHIV SENA (UDDHAV BALASAHEB THACKREY),won,492535
Hingoli,Hingoli(15),BABURAO KADAM KOHALIKAR,SHIV SENA,lost,383933
Hingoli,Hingoli(15),DR. B. D. CHAVHAN,VANCHIT BAHUJAN AAGHADI,lost,161814
Hingoli,Hingoli(15),AMBADAS SUKAJI GADE,INDEPENDENT,lost,14742
Hingoli,Hingoli(15),VIJAY RAMJI GABHANE,COMMUNIST PARTY OF INDIA (MARXIST),lost,14644
Hingoli,Hingoli(15),ANAND RAJARAM DHULE,INDEPENDENT,lost,9817
Hingoli,Hingoli(15),GAJANAN DHONDBA DAL,BAHUJAN SAMAJ PARTY,lost,7465
Hingoli,Hingoli(15),DATTA SHRIKRISHNA SURYAWANSHI,INDEPENDENT,lost,7239
Hingoli,Hingoli(15),SARJERAO NIVRUTTI KHANDARE,INDEPENDENT,lost,5014
Hingoli,Hingoli(15),RAMPRASAD NARAYAN BANGAR,INDEPENDENT,lost,4525
Hingoli,Hingoli(15),BABURAO ANANDRAO KADAM,INDEPENDENT,lost,4482
Hingoli,Hingoli(15),DEVSARKAR VARSHA SHIVAJIRAO,BAHUJAN MUKTI PARTY,lost,4099
Hingoli,Hingoli(15),A. KADIR MASTAN SAYYED (GOREGAONKAR),INDEPENDENT,lost,3713
Hingoli,Hingoli(15),ANIL DEVRAO MOHITE,AKHIL BHARTIYA PARIVAR PARTY,lost,3374
Hingoli,Hingoli(15),SUNIL MOTIRAM GAJBHAR,INDEPENDENT,lost,3192
Hingoli,Hingoli(15),NOTA,NONE OF THE ABOVE,nan,3123
Hingoli,Hingoli(15),ADV ALTAF AHMED,INDIAN NATIONAL LEAGUE,lost,2950
Hingoli,Hingoli(15),ASHOK PANDURANG RATHOD,INDEPENDENT,lost,2906
Hingoli,Hingoli(15),ADV RAVI SHINDE,INDEPENDENT,lost,2701
Hingoli,Hingoli(15),SATTAR PATHAN,INDEPENDENT,lost,2463
Hingoli,Hingoli(15),MAHESH KAILAS NAPTE,INDEPENDENT,lost,2299
Hingoli,Hingoli(15),ADV. SHIVAJIRAO JADHAV,INDEPENDENT,lost,2214
Hingoli,Hingoli(15),TRISHALA MILIND KAMBLE,BAHUJAN SAMAJ PARTY (AMBEDKAR),lost,2150
Hingoli,Hingoli(15),BHAWAR GOVINDRAO FULAJI,INDEPENDENT,lost,2146
Hingoli,Hingoli(15),ADV. RAMRAO ATMARAM JUMBADE,INDEPENDENT,lost,2104
Hingoli,Hingoli(15),PRAKASH MASARAM RANVIR,REPUBLICAN PARTY OF INDIA (A),lost,2102
Hingoli,Hingoli(15),DESHA SHYAM BANJARA,SAMNAK JANTA PARTY,lost,2063
Hingoli,Hingoli(15),VISHVANATH BHAURAO FALEGAONKAR,INDEPENDENT,lost,1859
Hingoli,Hingoli(15),HEMANT RADHAKISHAN KANAKE,RASHTRIYA KISAN BAHUJAN PARTY,lost,1800
Hingoli,Hingoli(15),RAVI RAMDAS JADHAV (SAWANEKAR),ABHINAV BHARAT JANSEVA PAKSH,lost,1602
Hingoli,Hingoli(15),DEWJI GANGARAM ASOLE,INDEPENDENT,lost,1483
Hingoli,Hingoli(15),VIJAY DNYANBA RAUT,INDEPENDENT,lost,1126
Hingoli,Hingoli(15),SUNIL DASHARATH INGOLE,BHIM SENA,lost,1028
Hingoli,Hingoli(15),VASANT KISAN PAIKRAO,INDEPENDENT,lost,593
Hooghly,Hooghly(28),RACHNA BANERJEE,ALL INDIA TRINAMOOL CONGRESS,won,702744
Hooghly,Hooghly(28),LOCKET CHATTERJEE,BHARATIYA JANATA PARTY,lost,625891
Hooghly,Hooghly(28),MANADIP GHOSH,COMMUNIST PARTY OF INDIA (MARXIST),lost,139919
Hooghly,Hooghly(28),NOTA,NONE OF THE ABOVE,nan,13352
Hooghly,Hooghly(28),SURAJIT HEMBRAM,INDEPENDENT,lost,9268
Hooghly,Hooghly(28),SAMIM ALI MOLLICK,INDEPENDENT,lost,6567
Hooghly,Hooghly(28),JAMINI BHAR,BAHUJAN SAMAJ PARTY,lost,4718
Hooghly,Hooghly(28),AJANTA SARKAR,BHARATIYA NATIONAL JANATA DAL,lost,3639
Hooghly,Hooghly(28),SK KAMALUDDIN,INDEPENDENT,lost,2766
Hooghly,Hooghly(28),SANCHITA BERA,INDEPENDENT,lost,2649
Hooghly,Hooghly(28),PABAN MAZUMDER,SOCIALIST UNITY CENTRE OF INDIA (COMMUNIST),lost,2380
Hooghly,Hooghly(28),PRADIP PAL,BHARATIYA NYAY-ADHIKAR RAKSHA PARTY,lost,2220
Hooghly,Hooghly(28),MRINAL KANTI DAS,INDEPENDENT,lost,1398
Hoshiarpur,Hoshiarpur(5),DR. RAJ KUMAR CHABBEWAL,AAM AADMI PARTY,won,303859
Hoshiarpur,Hoshiarpur(5),YAMINI GOMAR,INDIAN NATIONAL CONGRESS,lost,259748
Hoshiarpur,Hoshiarpur(5),ANITA SOM PARKASH,BHARATIYA JANATA PARTY,lost,199994
Hoshiarpur,Hoshiarpur(5),SOHAN SINGH THANDAL,SHIROMANI AKALI DAL,lost,91789
Hoshiarpur,Hoshiarpur(5),RANJIT KUMAR,BAHUJAN SAMAJ PARTY,lost,48214
Hoshiarpur,Hoshiarpur(5),JASWANT SINGH,SHIROMANI AKALI DAL (AMRITSAR)(SIMRANJIT SINGH MANN),lost,20923
Hoshiarpur,Hoshiarpur(5),NOTA,NONE OF THE ABOVE,nan,5552
Hoshiarpur,Hoshiarpur(5),JEEVAN SINGH TAMIL,BAHUJAN DRAVIDA PARTY,lost,4621
Hoshiarpur,Hoshiarpur(5),ROHIT KUMAR TINKU,INDEPENDENT,lost,2419
Hoshiarpur,Hoshiarpur(5),RAJESH,DEMOCRATIC BHARATIYA SAMAJ PARTY,lost,2336
Hoshiarpur,Hoshiarpur(5),SONU SINGH PHAGWARA,INDEPENDENT,lost,1884
Hoshiarpur,Hoshiarpur(5),DAVINDER SINGH,INDEPENDENT,lost,1617
Hoshiarpur,Hoshiarpur(5),HARDEEP SINGH,NATIONALIST JUSTICE PARTY,lost,1425
Hoshiarpur,Hoshiarpur(5),RAJPAL NADALI,BAHUJAN MUKTI PARTY,lost,1140
Hoshiarpur,Hoshiarpur(5),BHIMRAO YASHWANT AMBEDKAR,GLOBAL REPUBLICAN PARTY,lost,1041
Hoshiarpur,Hoshiarpur(5),SATPAL,INDEPENDENT,lost,993
Hoshiarpur,Hoshiarpur(5),DAVINDER KUMAR SAROYA,SAMAJ BHALAI MORCHA,lost,930
Howrah,Howrah(25),PRASUN BANERJEE,ALL INDIA TRINAMOOL CONGRESS,won,626493
Howrah,Howrah(25),DR RATHIN CHAKRAVARTY,BHARATIYA JANATA PARTY,lost,457051
Howrah,Howrah(25),SABYASACHI CHATTERJEE,COMMUNIST PARTY OF INDIA (MARXIST),lost,152005
Howrah,Howrah(25),NOTA,NONE OF THE ABOVE,nan,10084
Howrah,Howrah(25),PALASH BACHAR,BAHUJAN SAMAJ PARTY,lost,6354
Howrah,Howrah(25),SEIKH SAKIRUL ISLAM,INDEPENDENT,lost,5271
Howrah,Howrah(25),SHIWA MALLICK,INDEPENDENT,lost,3220
Howrah,Howrah(25),UTTAM CHATTERJEE,SOCIALIST UNITY CENTRE OF INDIA (COMMUNIST),lost,2325
Howrah,Howrah(25),SHAMPA DAS,BHARATIYA NYAY-ADHIKAR RAKSHA PARTY,lost,2065
Howrah,Howrah(25),RATHIN GANGULY,INDEPENDENT,lost,1887
Howrah,Howrah(25),PRASUN LAHIRI,INDEPENDENT,lost,1326
Howrah,Howrah(25),RAJESH KUMAR PRASAD,ALL INDIA ARYA MAHASABHA,lost,1272
Howrah,Howrah(25),ADARSHA MONDAL,INDEPENDENT,lost,945
Howrah,Howrah(25),AJAZ AHMED ANSARI,INDEPENDENT,lost,857
Howrah,Howrah(25),TAPAS BARUI,INDEPENDENT,lost,641
Hyderabad,Hyderabad(9),ASADUDDIN OWAISI,ALL INDIA MAJLIS-E-ITTEHADUL MUSLIMEEN,won,661981
Hyderabad,Hyderabad(9),MADHAVI LATHA KOMPELLA,BHARATIYA JANATA PARTY,lost,323894
Hyderabad,Hyderabad(9),MOHAMMED WALIULLAH SAMEER,INDIAN NATIONAL CONGRESS,lost,62962
Hyderabad,Hyderabad(9),SRINIVAS YADAV GADDAM,BHARAT RASHTRA SAMITHI,lost,18641
Hyderabad,Hyderabad(9),NOTA,NONE OF THE ABOVE,nan,2906
Hyderabad,Hyderabad(9),MEKALA RAGHUMA REDDY,YUGA THULASI PARTY,lost,2232
Hyderabad,Hyderabad(9),DR.J.PADMAJA,VIDUTHALAI CHIRUTHAIGAL KATCHI,lost,900
Hyderabad,Hyderabad(9),K.S.KRISHNA,BAHUJAN SAMAJ PARTY,lost,769
Hyderabad,Hyderabad(9),RAMESH KUMAR MATANGI,SAKALA JANULA PARTY,lost,663
Hyderabad,Hyderabad(9),KRANTHI KUMAR BANDELA,INDIAN NATIONAL YUVA JANA PARTY,lost,562
Hyderabad,Hyderabad(9),M.JOHNSON,ALL INDIA MAHILA EMPOWERMENT PARTY,lost,515
Hyderabad,Hyderabad(9),JAMEEL SAYED,ALLIANCE OF DEMOCRATIC REFORMS PARTY,lost,492
Hyderabad,Hyderabad(9),ASHOK KUMAR MAMBA,MAA TELANGANA PARTY,lost,423
Hyderabad,Hyderabad(9),DR.LUBNA SARWATH,VIDHYARTHULA RAJAKIYA PARTY,lost,411
Hyderabad,Hyderabad(9),SARAF TULASI GUPTA,PRAJA EKTHA PARTY,lost,281
Hyderabad,Hyderabad(9),V.SHANKER,YUVA TARAM PARTY,lost,276
Hyderabad,Hyderabad(9),GADDAM HARISH GOUD,DHARMA SAMAJ PARTY,lost,271
Hyderabad,Hyderabad(9),SYED ANWAR,INDEPENDENT,lost,251
Hyderabad,Hyderabad(9),KHAJA MOINUDDIN,ALL INDIA MAJLIS-E-INQUILAB-E-MILLAT,lost,234
Hyderabad,Hyderabad(9),AMJAD KHAN,INDEPENDENT,lost,196
Hyderabad,Hyderabad(9),AMBI HANUMANTH RAO,SOCIALIST PARTY (INDIA),lost,162
Hyderabad,Hyderabad(9),SHAIK BASHA,DALITA BAHUJANA PARTY,lost,153
Hyderabad,Hyderabad(9),M.K.AHMED,INDEPENDENT,lost,149
Hyderabad,Hyderabad(9),SALVERU RAMESH,INDIAN PRAJA CONGRESS,lost,141
Hyderabad,Hyderabad(9),L.ASHOKNATH,TELANGANA PRAJAA JEEVANA RYTHU PARTY,lost,141
Hyderabad,Hyderabad(9),J.SHYAMSUNDER RAO,INDEPENDENT,lost,138
Hyderabad,Hyderabad(9),ANDE USHA KANNA,BAHUJAN MUKTI PARTY,lost,133
Hyderabad,Hyderabad(9),SATTI SHABABU REDDY,INDEPENDENT,lost,123
Hyderabad,Hyderabad(9),ANIL SEN,INDEPENDENT,lost,111
Hyderabad,Hyderabad(9),CHAITANYA KUMAR REDDY PELLAKURU,INDEPENDENT,lost,110
Hyderabad,Hyderabad(9),SILIVERU NARESH,TELANGANA JAGHIR PARTY,lost,103
INDORE,INDORE(26),SHANKAR LALWANI,BHARATIYA JANATA PARTY,won,1226751
INDORE,INDORE(26),NOTA,NONE OF THE ABOVE,nan,218674
INDORE,INDORE(26),SANJAY S/O LAKSHMAN SOLANKI,BAHUJAN SAMAJ PARTY,lost,51659
INDORE,INDORE(26),PAWAN KUMAR,AKHIL BHARTIYA PARIVAR PARTY,lost,15210
INDORE,INDORE(26),ABHAY JAIN,INDEPENDENT,lost,8392
INDORE,INDORE(26),LAVISH DILIP KHANDELWAL,INDEPENDENT,lost,8238
INDORE,INDORE(26),COMRADE AJEET SINGH,SOCIALIST UNITY CENTRE OF INDIA (COMMUNIST),lost,7179
INDORE,INDORE(26),AYAZ ALI,INDEPENDENT,lost,7096
INDORE,INDORE(26),ENG. ARJUN PARIHAR,INDEPENDENT,lost,3831
INDORE,INDORE(26),BASANT GEHLOT,JAN SANGH PARTY,lost,3676
INDORE,INDORE(26),RAVI SIRWAIYA,INDEPENDENT,lost,2621
INDORE,INDORE(26),MUDIT CHAURASIA,INDEPENDENT,lost,2609
INDORE,INDORE(26),PARMANAND TOLANI,INDEPENDENT,lost,2403
INDORE,INDORE(26),DESH BHAKT ANKIT GUPTA,INDEPENDENT,lost,1969
INDORE,INDORE(26),ADVOCATE PANKAJ GUPTE,INDEPENDENT,lost,1660
Idukki,Idukki(13),ADV. DEAN KURIAKOSE,INDIAN NATIONAL CONGRESS,won,432372
Idukki,Idukki(13),ADV. JOICE GEORGE,COMMUNIST PARTY OF INDIA (MARXIST),lost,298645
Idukki,Idukki(13),ADV. SANGEETHA VISWANATHAN,BHARATH DHARMA JANA SENA,lost,91323
Idukki,Idukki(13),NOTA,NONE OF THE ABOVE,nan,9519
Idukki,Idukki(13),ADV. RUSSEL JOY,BAHUJAN SAMAJ PARTY,lost,4437
Idukki,Idukki(13),JOMON JOHN,INDEPENDENT,lost,1819
Idukki,Idukki(13),SAJI @ SHAJI,VIDUTHALAI CHIRUTHAIGAL KATCHI,lost,1508
Idukki,Idukki(13),P.K. SAJEEVAN,INDEPENDENT,lost,1034
Inner Manipur,Inner Manipur(1),ANGOMCHA BIMOL AKOIJAM,INDIAN NATIONAL CONGRESS,won,374017
Inner Manipur,Inner Manipur(1),THOUNAOJAM BASANTA KUMAR SINGH,BHARATIYA JANATA PARTY,lost,264216
Inner Manipur,Inner Manipur(1),MAHESHWAR THOUNAOJAM,REPUBLICAN PARTY OF INDIA (ATHAWALE),lost,135640
Inner Manipur,Inner Manipur(1),RAJKUMAR SOMENDRO SINGH,INDEPENDENT,lost,13050
Inner Manipur,Inner Manipur(1),MOIRANGTHEM TOTOMSHANA NONGSHABA,INDEPENDENT,lost,4881
Inner Manipur,Inner Manipur(1),NOTA,NONE OF THE ABOVE,nan,3797
Inner Manipur,Inner Manipur(1),HAORUNGBAM SARAT SINGH,INDEPENDENT,lost,1296
JABALPUR,JABALPUR(13),ASHISH DUBEY,BHARATIYA JANATA PARTY,won,790133
JABALPUR,JABALPUR(13),DINESH YADAV,INDIAN NATIONAL CONGRESS,lost,303459
JABALPUR,JABALPUR(13),RAKESH CHOUDHARY,BAHUJAN SAMAJ PARTY,lost,21416
JABALPUR,JABALPUR(13),FOJI VIJAY HALDKAR (EX-ARMY),INDEPENDENT,lost,7043
JABALPUR,JABALPUR(13),MAHAVEER JAIN,INDEPENDENT,lost,6468
JABALPUR,JABALPUR(13),NOTA,NONE OF THE ABOVE,nan,4986
JABALPUR,JABALPUR(13),ADVOCATE UDAY KUMAR SAHU,GONDVANA GANTANTRA PARTY,lost,4848
JABALPUR,JABALPUR(13),"ER. PRAVIN GAJBHIYE ""DADA""",INDEPENDENT,lost,3440
JABALPUR,JABALPUR(13),POORNESH KUMAR JAIN,INDEPENDENT,lost,2823
JABALPUR,JABALPUR(13),SWATANATRA SAMAJ SEVI VINAY CHAKRAVARTI,INDEPENDENT,lost,2491
JABALPUR,JABALPUR(13),JAGDISH SINGH LODHI,BHARTIYA SHAKTI CHETNA PARTY,lost,1875
JABALPUR,JABALPUR(13),DINESH YADAV,INDEPENDENT,lost,1484
JABALPUR,JABALPUR(13),DR. DHAI AKSHAR,INDEPENDENT,lost,1400
JABALPUR,JABALPUR(13),ASHOK RANA,RASHTRA NIRMAN PARTY,lost,1228
JABALPUR,JABALPUR(13),SANTOSH KUMAR KUSHWAHA,INDEPENDENT,lost,1204
JABALPUR,JABALPUR(13),DASAI RAM KOL,AADIM SAMAJ PARTY,lost,1100
JABALPUR,JABALPUR(13),COMRADE SACHIN JAIN,SOCIALIST UNITY CENTRE OF INDIA (COMMUNIST),lost,876
JABALPUR,JABALPUR(13),GULAB SINGH,INDEPENDENT,lost,829
JABALPUR,JABALPUR(13),LAL SINGH,RASHTRIYA SAMAJ DAL (R),lost,752
JABALPUR,JABALPUR(13),RAMKUMAR PASI,BAHUJAN AWAM PARTY,lost,690
JAIPUR RURAL,JAIPUR RURAL(6),RAO RAJENDRA SINGH,BHARATIYA JANATA PARTY,won,617877
JAIPUR RURAL,JAIPUR RURAL(6),ANIL CHOPRA,INDIAN NATIONAL CONGRESS,lost,616262
JAIPUR RURAL,JAIPUR RURAL(6),NOTA,NONE OF THE ABOVE,nan,7519
JAIPUR RURAL,JAIPUR RURAL(6),HANUMAN SAHAY,BAHUJAN SAMAJ PARTY,lost,3850
JAIPUR RURAL,JAIPUR RURAL(6),RAMSINGH KASANA,INDEPENDENT,lost,3707
JAIPUR RURAL,JAIPUR RURAL(6),DR DASHRATH HINUNIA,AMBEDKARITE PARTY OF INDIA,lost,2681
JAIPUR RURAL,JAIPUR RURAL(6),KAHANVI BOHRA,INDEPENDENT,lost,1711
JAIPUR RURAL,JAIPUR RURAL(6),DR RAM ROOP MEENA ADVOCATE,INDEPENDENT,lost,1604
JAIPUR RURAL,JAIPUR RURAL(6),NEHA SINGH GURJAR,INDEPENDENT,lost,1407
JAIPUR RURAL,JAIPUR RURAL(6),PRAKASH KUMAR SHARMA,INDEPENDENT,lost,1040
JAIPUR RURAL,JAIPUR RURAL(6),AJAY BHAT,REPUBLICAN PARTY OF INDIA (A),lost,948
JAIPUR RURAL,JAIPUR RURAL(6),DEVHANS,INDEPENDENT,lost,941
JAIPUR RURAL,JAIPUR RURAL(6),DR OM SINGH MEENA SEHARA,INDEPENDENT,lost,734
JAIPUR RURAL,JAIPUR RURAL(6),ADITYA PRAKASH SHARMA,RIGHT TO RECALL PARTY,lost,666
JAIPUR RURAL,JAIPUR RURAL(6),YOGI JEETENDRA NATH ADVOCATE,RASHTRIYA SAWARN DAL,lost,562
JAIPUR RURAL,JAIPUR RURAL(6),ADVOCATE HARI KISHAN TIWARI,BHEEM TRIBAL CONGRESS,lost,545
JAIPUR,JAIPUR(7),MANJU SHARMA,BHARATIYA JANATA PARTY,won,886850
JAIPUR,JAIPUR(7),PRATAP SINGH KHACHARIYAWAS,INDIAN NATIONAL CONGRESS,lost,555083
JAIPUR,JAIPUR(7),NOTA,NONE OF THE ABOVE,nan,10428
JAIPUR,JAIPUR(7),RAJESH TANWAR,BAHUJAN SAMAJ PARTY,lost,3461
JAIPUR,JAIPUR(7),HARI NARAYAN MEENA,INDEPENDENT,lost,2202
JAIPUR,JAIPUR(7),RAJEEV ROLIWAL,INDEPENDENT,lost,970
JAIPUR,JAIPUR(7),YOGESH SHARMA,INDEPENDENT,lost,816
JAIPUR,JAIPUR(7),NARENDER SHARMA,RASHTRIYA SANATAN PARTY,lost,669
JAIPUR,JAIPUR(7),KULDEEP SINGH,SOCIALIST UNITY CENTRE OF INDIA (COMMUNIST),lost,615
JAIPUR,JAIPUR(7),DR. ASEEM VERMA,INDEPENDENT,lost,572
JAIPUR,JAIPUR(7),PRADEEP VERMA,INDIAN PEOPLES GREEN PARTY,lost,448
JAIPUR,JAIPUR(7),ADVOCATE HARI KISHAN TIWARI,BHEEM TRIBAL CONGRESS,lost,400
JAIPUR,JAIPUR(7),SHASHANK SINGH ARYA,RIGHT TO RECALL PARTY,lost,393
JAIPUR,JAIPUR(7),TRILOK TIWARI,RASHTRIYA SAMTA VIKAS PARTY,lost,351
JALORE,JALORE (18),LUMBARAM,BHARATIYA JANATA PARTY,won,796783
JALORE,JALORE (18),VAIBHAV GEHLOT,INDIAN NATIONAL CONGRESS,lost,595240
JALORE,JALORE (18),NOTA,NONE OF THE ABOVE,nan,18459
JALORE,JALORE (18),OTARAM,BHARAT ADIVASI PARTY,lost,10109
JALORE,JALORE (18),SHAKUR,INDEPENDENT,lost,9872
JALORE,JALORE (18),MOTI LAL,AAZAD SAMAJ PARTY (KANSHI RAM),lost,4586
JALORE,JALORE (18),RAMESH KUMAR BHANDARI,INDEPENDENT,lost,3910
JALORE,JALORE (18),DEVARAM,INDEPENDENT,lost,3134
JALORE,JALORE (18),KALURAM MEGHWAL,INDEPENDENT,lost,2263
JALORE,JALORE (18),DINESH SINGH,INDEPENDENT,lost,2105
JALORE,JALORE (18),TIKMA RAM BHATI,BHEEM TRIBAL CONGRESS,lost,1660
JALORE,JALORE (18),DALARAM,INDEPENDENT,lost,1508
JALORE,JALORE (18),FOJARAM,INDIAN PEOPLES GREEN PARTY,lost,1497
JAMMU,JAMMU(5),JUGAL KISHORE,BHARATIYA JANATA PARTY,won,687588
JAMMU,JAMMU(5),RAMAN BHALLA,INDIAN NATIONAL CONGRESS,lost,552090
JAMMU,JAMMU(5),JAGDISH RAJ,BAHUJAN SAMAJ PARTY,lost,10300
JAMMU,JAMMU(5),SATISH POONCHI,INDEPENDENT,lost,5959
JAMMU,JAMMU(5),NOTA,NONE OF THE ABOVE,nan,4645
JAMMU,JAMMU(5),ANKUR SHARMA,EKAM SANATAN BHARAT DAL,lost,4278
JAMMU,JAMMU(5),NARESH KUMAR CHIB,JAMMU & KASHMIR NATIONAL PANTHERS PARTY (BHIM),lost,4243
JAMMU,JAMMU(5),PRINCIPAL C D SHARMA,INDEPENDENT,lost,3257
JAMMU,JAMMU(5),KARANJIT,INDEPENDENT,lost,3207
JAMMU,JAMMU(5),SHABER AHMED,INDEPENDENT,lost,3177
JAMMU,JAMMU(5),SHIKHA BANDRAL,NATIONAL AWAMI UNITED PARTY,lost,2937
JAMMU,JAMMU(5),DR PRINCE RAINA,INDEPENDENT,lost,2866
JAMMU,JAMMU(5),RAJ KUMAR,INDEPENDENT,lost,2618
JAMMU,JAMMU(5),SURINDER SINGH,INDEPENDENT,lost,2226
JAMMU,JAMMU(5),ATUL RAINA,INDEPENDENT,lost,2068
JAMMU,JAMMU(5),RATTAN LAL,JAMMU & KASHMIR PEOPLE CONFERENCE,lost,1651
JAMMU,JAMMU(5),SWAMI DIVYA NAND,JAMMU AND KASHMIR NATIONALIST PEOPLE'S FRONT,lost,1620
JAMMU,JAMMU(5),PERSEEN SINGH,INDEPENDENT,lost,1589
JAMMU,JAMMU(5),NARESH KUMAR TALLA,INDEPENDENT,lost,1459
JAMMU,JAMMU(5),GANESH CHOUDHARY,HINDUSTAN SHAKTI SENA,lost,1190
JAMMU,JAMMU(5),VICKY KUMAR DOGRA,INDEPENDENT,lost,1165
JAMMU,JAMMU(5),BANSI LAL,INDEPENDENT,lost,1059
JAMMU,JAMMU(5),QARI ZAHEER ABBAS BHATTI,ALL INDIA FORWARD BLOC,lost,984
JANJGIR-CHAMPA,JANJGIR-CHAMPA(3),KAMLESH JANGDE,BHARATIYA JANATA PARTY,won,678199
JANJGIR-CHAMPA,JANJGIR-CHAMPA(3),DR. SHIVKUMAR DAHARIYA,INDIAN NATIONAL CONGRESS,lost,618199
JANJGIR-CHAMPA,JANJGIR-CHAMPA(3),DR. ROHIT DAHARIA,BAHUJAN SAMAJ PARTY,lost,48501
JANJGIR-CHAMPA,JANJGIR-CHAMPA(3),ENGINEER REVA KURREY,INDEPENDENT,lost,8159
JANJGIR-CHAMPA,JANJGIR-CHAMPA(3),AD. T.R. NIRALA,INDEPENDENT,lost,5794
JANJGIR-CHAMPA,JANJGIR-CHAMPA(3),ANIL MANHAR,HAMAR RAJ PARTY,lost,5780
JANJGIR-CHAMPA,JANJGIR-CHAMPA(3),NOTA,NONE OF THE ABOVE,nan,5137
JANJGIR-CHAMPA,JANJGIR-CHAMPA(3),VIDYA DEVI SONI,INDEPENDENT,lost,4881
JANJGIR-CHAMPA,JANJGIR-CHAMPA(3),MINA CHAUHAN,INDEPENDENT,lost,2931
JANJGIR-CHAMPA,JANJGIR-CHAMPA(3),ANAND GILHARE,INDEPENDENT,lost,2877
JANJGIR-CHAMPA,JANJGIR-CHAMPA(3),DEEPAK KUMAR KHUNTE,AAZAD SAMAJ PARTY (KANSHI RAM),lost,1829
JANJGIR-CHAMPA,JANJGIR-CHAMPA(3),ARVIND KUMAR,INDEPENDENT,lost,1715
JANJGIR-CHAMPA,JANJGIR-CHAMPA(3),GOPAL PRASAD KHUNTE,BHARTIYA SHAKTI CHETNA PARTY,lost,1483
JANJGIR-CHAMPA,JANJGIR-CHAMPA(3),VIJAYLAXMI SURYAWANSHI NAT,ASANKHYA SAMAJ PARTY,lost,1422
JANJGIR-CHAMPA,JANJGIR-CHAMPA(3),SIMA MAHILANGE,INDEPENDENT,lost,1336
JANJGIR-CHAMPA,JANJGIR-CHAMPA(3),ADVOCATE SHAILENDRA BANJARE (SHAKTIPUTRA),SHAKTI SENA (BHARAT DESH),lost,1253
JANJGIR-CHAMPA,JANJGIR-CHAMPA(3),VIJAY KUMAR KURRE,RASHTRIYA JANSABHA PARTY,lost,983
JANJGIR-CHAMPA,JANJGIR-CHAMPA(3),BRINDA CHAUHAN,CHHATTISGARH VIKAS GANGA RASHTRIYA PARTY,lost,924
JANJGIR-CHAMPA,JANJGIR-CHAMPA(3),JAGJIVAN RAM SATNAMI,AZAD JANATA PARTY,lost,837
JHALAWAR-BARAN,JHALAWAR-BARAN(25),DUSHYANT SINGH,BHARATIYA JANATA PARTY,won,865376
JHALAWAR-BARAN,JHALAWAR-BARAN(25),URMILA JAIN “BHAYA”,INDIAN NATIONAL CONGRESS,lost,494387
JHALAWAR-BARAN,JHALAWAR-BARAN(25),NOTA,NONE OF THE ABOVE,nan,16027
JHALAWAR-BARAN,JHALAWAR-BARAN(25),CHANDRA SINGH KIRAD,BAHUJAN SAMAJ PARTY,lost,12285
JHALAWAR-BARAN,JHALAWAR-BARAN(25),RAVI RAJ SINGH,INDEPENDENT,lost,10274
JHALAWAR-BARAN,JHALAWAR-BARAN(25),BHUVANESH KUMAR,RIGHT TO RECALL PARTY,lost,9345
JHALAWAR-BARAN,JHALAWAR-BARAN(25),BABULAL,INDEPENDENT,lost,7692
JHALAWAR-BARAN,JHALAWAR-BARAN(25),PANKAJ PAJANTORIVALA,INDEPENDENT,lost,5945
JHUNJHUNU,JHUNJHUNU (4),BRIJENDRA SINGH OLA,INDIAN NATIONAL CONGRESS,won,553168
JHUNJHUNU,JHUNJHUNU (4),SHUBHKARAN CHOUDHARY,BHARATIYA JANATA PARTY,lost,534933
JHUNJHUNU,JHUNJHUNU (4),SHEKHAWAT RAJENDRA SINGH,INDEPENDENT,lost,7690
JHUNJHUNU,JHUNJHUNU (4),BANSHIDHAR,BAHUJAN SAMAJ PARTY,lost,6867
JHUNJHUNU,JHUNJHUNU (4),NOTA,NONE OF THE ABOVE,nan,6632
JHUNJHUNU,JHUNJHUNU (4),DURGA PRASAD MEENA,AMBEDKARITE PARTY OF INDIA,lost,5497
JHUNJHUNU,JHUNJHUNU (4),ALTIF,INDEPENDENT,lost,2050
JHUNJHUNU,JHUNJHUNU (4),SATYANARAYAN,BHEEM TRIBAL CONGRESS,lost,1150
JHUNJHUNU,JHUNJHUNU (4),HAZARI LAL,BAHUJAN KRANTI PARTY (MARXWAD-AMBEDKARWAD),lost,940
JODHPUR,JODHPUR(16),GAJENDRA SINGH SHEKHAWAT,BHARATIYA JANATA PARTY,won,730056
JODHPUR,JODHPUR(16),KARAN SINGH UCHIYARDA,INDIAN NATIONAL CONGRESS,lost,614379
JODHPUR,JODHPUR(16),NOTA,NONE OF THE ABOVE,nan,10591
JODHPUR,JODHPUR(16),SUNIL KUMAR PAREEK,INDEPENDENT,lost,7429
JODHPUR,JODHPUR(16),MANJU MEGHWAL,BAHUJAN SAMAJ PARTY,lost,6395
JODHPUR,JODHPUR(16),ANANDARAM URF ANAND CHAUHAN,AAZAD SAMAJ PARTY (KANSHI RAM),lost,3680
JODHPUR,JODHPUR(16),SUNIL BHANDARI,INDEPENDENT,lost,3238
JODHPUR,JODHPUR(16),VISHEK VISHNOI,INDEPENDENT,lost,1750
JODHPUR,JODHPUR(16),SHIVA RAM,INDEPENDENT,lost,1195
JODHPUR,JODHPUR(16),LIKHAMA RAM,INDEPENDENT,lost,1125
JODHPUR,JODHPUR(16),NARESH KANDARA,INDEPENDENT,lost,1027
JODHPUR,JODHPUR(16),SATYANARAYAN,BHARATIYA SAMPURAN KRANTIKARI PARTY,lost,782
JODHPUR,JODHPUR(16),PAPPU DAN,RIGHT TO RECALL PARTY,lost,654
JODHPUR,JODHPUR(16),SHAHNAZ BANO,DALIT KRANTI DAL,lost,547
JODHPUR,JODHPUR(16),RAM DAYAL BISHNOI,RASHTRIYA JANSHAKTI PARTY (SECULAR),lost,503
JODHPUR,JODHPUR(16),BHOM SINGH,INDIAN PEOPLES GREEN PARTY,lost,487
Jadavpur,Jadavpur(22),SAYANI GHOSH,ALL INDIA TRINAMOOL CONGRESS,won,717899
Jadavpur,Jadavpur(22),DR. ANIRBAN GANGULY,BHARATIYA JANATA PARTY,lost,459698
Jadavpur,Jadavpur(22),SRIJAN BHATTACHARYYA,COMMUNIST PARTY OF INDIA (MARXIST),lost,258712
Jadavpur,Jadavpur(22),NUR ALAM KHAN,ALL INDIA SECULAR FRONT,lost,83362
Jadavpur,Jadavpur(22),RANJIT KUMAR MANDAL,INDEPENDENT,lost,13030
Jadavpur,Jadavpur(22),NOTA,NONE OF THE ABOVE,nan,7415
Jadavpur,Jadavpur(22),HOSEN GAZI,INDEPENDENT,lost,4927
Jadavpur,Jadavpur(22),SANDIP NATH,BAHUJAN SAMAJ PARTY,lost,4462
Jadavpur,Jadavpur(22),KALPANA NASKAR DATTA,SOCIALIST UNITY CENTRE OF INDIA (COMMUNIST),lost,4451
Jadavpur,Jadavpur(22),BALARAM MANDAL,INDEPENDENT,lost,2835
Jadavpur,Jadavpur(22),TANUSHREE MONDAL,INDEPENDENT,lost,2427
Jadavpur,Jadavpur(22),SHANKAR MANDAL,INDEPENDENT,lost,1442
Jadavpur,Jadavpur(22),SRI GOPAN SARDAR,MULNIBASI PARTY OF INDIA,lost,1373
Jadavpur,Jadavpur(22),PURNIMA DEBNATH,INDEPENDENT,lost,1325
Jadavpur,Jadavpur(22),CHANDRACHUR GOSWAMI,INDEPENDENT,lost,1114
Jadavpur,Jadavpur(22),ARUN SARKAR,INDEPENDENT,lost,1110
Jadavpur,Jadavpur(22),DIPAK SARDAR,INDEPENDENT,lost,927
Jagatsinghpur,Jagatsinghpur(16),BIBHU PRASAD TARAI,BHARATIYA JANATA PARTY,won,589093
Jagatsinghpur,Jagatsinghpur(16),DR. RAJASHREE MALLICK,BIJU JANATA DAL,lost,548397
Jagatsinghpur,Jagatsinghpur(16),RABINDRA KUMAR SETHY,INDIAN NATIONAL CONGRESS,lost,123570
Jagatsinghpur,Jagatsinghpur(16),RAMESH CHANDRA SETHY,COMMUNIST PARTY OF INDIA,lost,8130
Jagatsinghpur,Jagatsinghpur(16),NOTA,NONE OF THE ABOVE,nan,4882
Jagatsinghpur,Jagatsinghpur(16),PEEYUUSH DAS,AMBEDKARITE PARTY OF INDIA,lost,3230
Jagatsinghpur,Jagatsinghpur(16),BIBHUTI BHUSAN MAJHI,BAHUJAN SAMAJ PARTY,lost,2740
Jagatsinghpur,Jagatsinghpur(16),MAHESWAR DAS,SOCIALIST UNITY CENTRE OF INDIA (COMMUNIST),lost,2384
Jagatsinghpur,Jagatsinghpur(16),SANKAR DAS,INDEPENDENT,lost,1488
Jagatsinghpur,Jagatsinghpur(16),SILI MALLICK,SAMRUDDHA ODISHA,lost,930
Jagatsinghpur,Jagatsinghpur(16),ARJUNA CHARAN BEHERA,INDEPENDENT,lost,766
Jagatsinghpur,Jagatsinghpur(16),BHANUMATI DAS,UTKAL SAMAJ,lost,677
Jahanabad,Jahanabad(36),SURENDRA PRASAD YADAV,RASHTRIYA JANATA DAL,won,443035
Jahanabad,Jahanabad(36),CHANDESHWAR PRASAD,JANATA DAL (UNITED),lost,300444
Jahanabad,Jahanabad(36),ARUN KUMAR,BAHUJAN SAMAJ PARTY,lost,86380
Jahanabad,Jahanabad(36),MINTA DEVI,INDEPENDENT,lost,16123
Jahanabad,Jahanabad(36),ASHUTOSH KUMAR,RASHTRIYA JAN JAN PARTY,lost,13213
Jahanabad,Jahanabad(36),MUNILAL YADAV,INDEPENDENT,lost,13029
Jahanabad,Jahanabad(36),NOTA,NONE OF THE ABOVE,nan,11055
Jahanabad,Jahanabad(36),DEEPAK KUMAR,JAGROOK JANTA PARTY,lost,8970
Jahanabad,Jahanabad(36),BUDDHADEV SAV,INDEPENDENT,lost,5773
Jahanabad,Jahanabad(36),NARESH KUMAR,INDEPENDENT,lost,5712
Jahanabad,Jahanabad(36),CHANDESHWAR PRASAD,INDEPENDENT,lost,5378
Jahanabad,Jahanabad(36),PIYUSH SINGH,SHOSHIT SAMAJ DAL,lost,4618
Jahanabad,Jahanabad(36),RAJ KISHOR SHARMA,BHARTIYA SARTHAK PARTY,lost,3243
Jahanabad,Jahanabad(36),KAPIL CHAUHAN,JAN JANWADI PARTY,lost,2964
Jahanabad,Jahanabad(36),ASHUTOSH VINAY KUMAR,RASHTRIYA GARIB DAL,lost,2909
Jahanabad,Jahanabad(36),UMA SHANKAR VERMA,SOCIALIST UNITY CENTRE OF INDIA (COMMUNIST),lost,2524
Jajpur,Jajpur(8),RABINDRA NARAYAN BEHERA,BHARATIYA JANATA PARTY,won,534239
Jajpur,Jajpur(8),SARMISTHA SETHI,BIJU JANATA DAL,lost,532652
Jajpur,Jajpur(8),ANCHAL DAS,INDIAN NATIONAL CONGRESS,lost,53145
Jajpur,Jajpur(8),SUBASH CHANDRA MALLIK,SOCIALIST UNITY CENTRE OF INDIA (COMMUNIST),lost,18007
Jajpur,Jajpur(8),NOTA,NONE OF THE ABOVE,nan,6788
Jajpur,Jajpur(8),ER. SANDHYA RANI MALLICK,BAHUJAN SAMAJ PARTY,lost,3218
Jajpur,Jajpur(8),BHAIRABA PRASAD BEHERA,INDEPENDENT,lost,2403
Jajpur,Jajpur(8),SUMANTA MALIK,INDEPENDENT,lost,2301
Jajpur,Jajpur(8),BIDYADHAR DALEI,AMBEDKARITE PARTY OF INDIA,lost,2172
Jajpur,Jajpur(8),JHUNA MALIK,MANAS LOKSHAKTI DAL,lost,2077
Jajpur,Jajpur(8),ARTTATRANA MALIK,INDEPENDENT,lost,1252
Jajpur,Jajpur(8),NARENDRA MALIKA,INDEPENDENT,lost,1119
Jajpur,Jajpur(8),MANTU SETHI,JANTA DARBAR PARTY,lost,956
Jajpur,Jajpur(8),BINOD KUMAR JENA,GANA SURAKSHA PARTY,lost,879
Jalandhar,Jalandhar(4),CHARANJIT SINGH CHANNI,INDIAN NATIONAL CONGRESS,won,390053
Jalandhar,Jalandhar(4),SUSHIL KUMAR RINKU,BHARATIYA JANATA PARTY,lost,214060
Jalandhar,Jalandhar(4),PAWAN KUMAR TINU,AAM AADMI PARTY,lost,208889
Jalandhar,Jalandhar(4),MOHINDER SINGH KAYPEE,SHIROMANI AKALI DAL,lost,67911
Jalandhar,Jalandhar(4),ADVOCATE BALWINDER KUMAR,BAHUJAN SAMAJ PARTY,lost,64941
Jalandhar,Jalandhar(4),SARABJIT SINGH KHALSA,SHIROMANI AKALI DAL (AMRITSAR)(SIMRANJIT SINGH MANN),lost,19284
Jalandhar,Jalandhar(4),MASTER PARSHOTAM LAL BILGA,COMMUNIST PARTY OF INDIA (MARXIST),lost,5958
Jalandhar,Jalandhar(4),NOTA,NONE OF THE ABOVE,nan,4743
Jalandhar,Jalandhar(4),IQBAL CHAND MATTU,INDEPENDENT,lost,1956
Jalandhar,Jalandhar(4),NEETU SHATTRA WALA,INDEPENDENT,lost,1879
Jalandhar,Jalandhar(4),AMRISH BHAGAT,INDEPENDENT,lost,1184
Jalandhar,Jalandhar(4),GURDEEP SINGH BITTU,INDEPENDENT,lost,1113
Jalandhar,Jalandhar(4),RAJ KUMAR SAQI,PEOPLES PARTY OF INDIA (DEMOCRATIC),lost,1088
Jalandhar,Jalandhar(4),SONIA,REPUBLICAN PARTY OF INDIA (ATHAWALE),lost,1055
Jalandhar,Jalandhar(4),RAJWANT KAUR KHALSA,APNA SAMAJ PARTY,lost,952
Jalandhar,Jalandhar(4),BHAGAT GULSHAN AZAAD,DEMOCRATIC BHARATIYA SAMAJ PARTY,lost,930
Jalandhar,Jalandhar(4),RAMESH LAL KALA,INDEPENDENT,lost,876
Jalandhar,Jalandhar(4),ASHOK KUMAR JAKHU,INDEPENDENT,lost,743
Jalandhar,Jalandhar(4),BAL MUKAND BAWRA,GLOBAL REPUBLICAN PARTY,lost,591
Jalandhar,Jalandhar(4),PARAMJIT KAUR TEJI,INDEPENDENT,lost,500
Jalandhar,Jalandhar(4),TARACHAND SHEELA,LOKTANTRIK LOK RAJYAM PARTY,lost,401
Jalaun,Jalaun(45),NARAYAN DAS AHIRWAR,SAMAJWADI PARTY,won,530180
Jalaun,Jalaun(45),BHANU PRATAP SINGH VERMA,BHARATIYA JANATA PARTY,lost,476282
Jalaun,Jalaun(45),SURESH CHANDRA GAUTAM,BAHUJAN SAMAJ PARTY,lost,100248
Jalaun,Jalaun(45),NOTA,NONE OF THE ABOVE,nan,11154
Jalaun,Jalaun(45),BRIJ MOHAN,INDEPENDENT,lost,4673
Jalaun,Jalaun(45),NAGENDRA KUMAR,BHARTIYA SHAKTI CHETNA PARTY,lost,3212
Jalaun,Jalaun(45),PREMLATA VERMA,INDEPENDENT,lost,3200
Jalgaon,Jalgaon(3),SMITA UDAY WAGH,BHARATIYA JANATA PARTY,won,674428
Jalgaon,Jalgaon(3),KARAN BALASAHEB PATIL - PAWAR,SHIV SENA (UDDHAV BALASAHEB THACKREY),lost,422834
Jalgaon,Jalgaon(3),YUVRAJ JADHAV (SAMBHA AAPPA),VANCHIT BAHUJAN AAGHADI,lost,21177
Jalgaon,Jalgaon(3),NOTA,NONE OF THE ABOVE,nan,13919
Jalgaon,Jalgaon(3),EX-HAVILDAR ISHWAR DAYARAM MORE,SAINIK SAMAJ PARTY,lost,7548
Jalgaon,Jalgaon(3),VILAS SHANKAR TAYADE,BAHUJAN SAMAJ PARTY,lost,6381
Jalgaon,Jalgaon(3),LALIT (BANTI) SHARMA,INDEPENDENT,lost,4192
Jalgaon,Jalgaon(3),KARAN PAWAR,INDEPENDENT,lost,3983
Jalgaon,Jalgaon(3),ADVOCATE VIJAY BABULAL DANEJ,INDEPENDENT,lost,3404
Jalgaon,Jalgaon(3),MUKESH MULCHAND KOLI,INDEPENDENT,lost,3370
Jalgaon,Jalgaon(3),MAHENDRA DEVRAM KOLI,INDEPENDENT,lost,2476
Jalgaon,Jalgaon(3),AHMAD KHAN,INDEPENDENT,lost,1901
Jalgaon,Jalgaon(3),ABDUL SHAKUR DESHPANDE,INDEPENDENT,lost,1606
Jalgaon,Jalgaon(3),ADV. NAMDEO PANDURANG KOLI,INDEPENDENT,lost,1224
Jalgaon,Jalgaon(3),PATIL SANDIP YUVRAJ,INDEPENDENT,lost,1110
Jalna,Jalna(18),KALYAN VAIJINATHRAO KALE,INDIAN NATIONAL CONGRESS,won,607897
Jalna,Jalna(18),DANVE RAOSAHEB DADARAO,BHARATIYA JANATA PARTY,lost,497939
Jalna,Jalna(18),MANGESH SANJAY SABLE,INDEPENDENT,lost,155930
Jalna,Jalna(18),BAKALE PRABHAKAR DEVGAN,VANCHIT BAHUJAN AAGHADI,lost,37810
Jalna,Jalna(18),BABASAHEB SANTUKRAO SHELKE,SAMATA PARTY,lost,9570
Jalna,Jalna(18),CHABUKSWAR RAHUL NIRANJAN,INDEPENDENT,lost,6337
Jalna,Jalna(18),NIVRUTTI VISHWNATH BANSODE,BAHUJAN SAMAJ PARTY,lost,6008
Jalna,Jalna(18),DIPAK BHIMRAO BORHADE,SAMNAK JANTA PARTY,lost,5522
Jalna,Jalna(18),TANAJI TUKARAM BHOJANE,INDEPENDENT,lost,4948
Jalna,Jalna(18),KAMBLE MAROTI DASHARATH,INDEPENDENT,lost,3728
Jalna,Jalna(18),NOTA,NONE OF THE ABOVE,nan,3537
Jalna,Jalna(18),RAJENDRA NAMDEO MAGRE,INDEPENDENT,lost,2875
Jalna,Jalna(18),MANOJ NEMINATH KOLTE,INDEPENDENT,lost,2737
Jalna,Jalna(18),MUKESH PRABHAT RATHOD,AKHIL BHARTIYA PARIVAR PARTY,lost,2591
Jalna,Jalna(18),BABASAHEB PATIL SHINDE,INDEPENDENT,lost,2417
Jalna,Jalna(18),KADUBA MHATARBA INGLE,INDEPENDENT,lost,1967
Jalna,Jalna(18),AJHAR ANWAR SAYYAD,INDEPENDENT,lost,1546
Jalna,Jalna(18),AHMAD RAHIM SAIKH BAGWAN,INDEPENDENT,lost,1394
Jalna,Jalna(18),ADV. YOGESH DATTU GULLAPELLI,INDEPENDENT,lost,1342
Jalna,Jalna(18),BHAGWAN SAHEBRAO REGUDE,HINDUSTAN JANTA PARTY,lost,1174
Jalna,Jalna(18),DNYANESHWAR DAGDUJI NADE,INDEPENDENT,lost,1143
Jalna,Jalna(18),DHANANJAY RUPRAOJI KAKDE (PATIL),BHARATHEEYA JAWAN KISAN PARTY,lost,1139
Jalna,Jalna(18),ABDUL RAFIQ ABDUL LATIF,INDEPENDENT,lost,1047
Jalna,Jalna(18),SHYAM RUSTUMRAO SHIRSATH,BAHUJAN REPUBLICAN SOCIALIST PARTY,lost,974
Jalna,Jalna(18),RATAN ASARAM LANDGE,INDEPENDENT,lost,647
Jalna,Jalna(18),VIKAS CHHAGAN LAHANE,INDEPENDENT,lost,644
Jalna,Jalna(18),SHAM PAWALS RUPEKAR,INDEPENDENT,lost,546
Jalpaiguri,Jalpaiguri(3),DR JAYANTA KUMAR ROY,BHARATIYA JANATA PARTY,won,766568
Jalpaiguri,Jalpaiguri(3),NIRMAL CHANDRA ROY,ALL INDIA TRINAMOOL CONGRESS,lost,679875
Jalpaiguri,Jalpaiguri(3),DEBRAJ BARMAN,COMMUNIST PARTY OF INDIA (MARXIST),lost,74092
Jalpaiguri,Jalpaiguri(3),NOTA,NONE OF THE ABOVE,nan,16848
Jalpaiguri,Jalpaiguri(3),SHIPRA RAY HAKIM,INDEPENDENT,lost,9907
Jalpaiguri,Jalpaiguri(3),BINOD MALLICK,BAHUJAN SAMAJ PARTY,lost,8566
Jalpaiguri,Jalpaiguri(3),HAREKRISHNA SARKAR,INDEPENDENT,lost,5848
Jalpaiguri,Jalpaiguri(3),MAHESWAR BARMAN,INDEPENDENT,lost,4267
Jalpaiguri,Jalpaiguri(3),RAM PRASAD MANDAL,SOCIALIST UNITY CENTRE OF INDIA (COMMUNIST),lost,3835
Jalpaiguri,Jalpaiguri(3),MANABENDRA ROY,KAMATAPUR PEOPLE’S PARTY (UNITED),lost,2950
Jalpaiguri,Jalpaiguri(3),NIRODE CHANDRA ADHIKARY,INDEPENDENT,lost,2517
Jalpaiguri,Jalpaiguri(3),ADHIR CHANDRA BARMAN,INDEPENDENT,lost,1927
Jalpaiguri,Jalpaiguri(3),RANJIT BARMAN,MULNIBASI PARTY OF INDIA,lost,1189
Jamnagar,Jamnagar(12),POONAMBEN HEMATBHAI MAADAM,BHARATIYA JANATA PARTY,won,620049
Jamnagar,Jamnagar(12),ADVOCATE J. P. MARAVIYA,INDIAN NATIONAL CONGRESS,lost,382041
Jamnagar,Jamnagar(12),JAYSUKH NATHUBHAI PINGALSUR,BAHUJAN SAMAJ PARTY,lost,11462
Jamnagar,Jamnagar(12),NOTA,NONE OF THE ABOVE,nan,11084
Jamnagar,Jamnagar(12),KANZARIYA RANCHHODBHAI NARANBHAI,VIRO KE VIR INDIAN PARTY,lost,7002
Jamnagar,Jamnagar(12),VIJAYSINH PRAVINSINH JADEJA,INDEPENDENT,lost,4834
Jamnagar,Jamnagar(12),RATHOD PUNJABHAI PALABHAI,INDEPENDENT,lost,3732
Jamnagar,Jamnagar(12),BHURALAL MEGHJIBHAI PARMAR,INDEPENDENT,lost,1928
Jamnagar,Jamnagar(12),GHUGHA ALARAKHABHAI ISHAKBHAI,INDEPENDENT,lost,1585
Jamnagar,Jamnagar(12),KHIRA YUSUF SIDIKBHAI,INDEPENDENT,lost,1371
Jamnagar,Jamnagar(12),NANJI AMARSHI BATHWAR,INDEPENDENT,lost,1370
Jamnagar,Jamnagar(12),ANWAR NOORMAMAD SANGHAR,INDEPENDENT,lost,1299
Jamnagar,Jamnagar(12),PARESHBHAI PARSOTTAMBHAI MUNGARA,RASHTRIYA MAHASWARAJ BHUMI PARTY,lost,1270
Jamnagar,Jamnagar(12),POPATPUTRA RAFIK ABUBAKAR,INDEPENDENT,lost,1138
Jamnagar,Jamnagar(12),NADEEM MAHAMMAD HALA,INDEPENDENT,lost,1070
Jamshedpur,Jamshedpur(9),BIDYUT BARAN MAHATO,BHARATIYA JANATA PARTY,won,726174
Jamshedpur,Jamshedpur(9),SAMIR KUMAR MOHANTY,JHARKHAND MUKTI MORCHA,lost,466392
Jamshedpur,Jamshedpur(9),INDRA DEO PRASAD,INDEPENDENT,lost,8469
Jamshedpur,Jamshedpur(9),ARUN MAHATO,INDEPENDENT,lost,7344
Jamshedpur,Jamshedpur(9),NOTA,NONE OF THE ABOVE,nan,7326
Jamshedpur,Jamshedpur(9),ANAND MUKHI,INDEPENDENT,lost,6352
Jamshedpur,Jamshedpur(9),PRANAV KUMAR MAHTO,BAHUJAN SAMAJ PARTY,lost,6151
Jamshedpur,Jamshedpur(9),BISHWANATH MAHATO,INDEPENDENT,lost,5331
Jamshedpur,Jamshedpur(9),ANGAD MAHATO,AMRA BANGALEE,lost,4925
Jamshedpur,Jamshedpur(9),JUJHAR SOREN,INDEPENDENT,lost,4315
Jamshedpur,Jamshedpur(9),SUKUMAR SOREN,BHARAT ADIVASI PARTY,lost,3894
Jamshedpur,Jamshedpur(9),DHARMU TUDU,AMBEDKARITE PARTY OF INDIA,lost,3291
Jamshedpur,Jamshedpur(9),SANAKA MAHATO,SOCIALIST UNITY CENTRE OF INDIA (COMMUNIST),lost,3175
Jamshedpur,Jamshedpur(9),JITENDRA SINGH,INDEPENDENT,lost,3167
Jamshedpur,Jamshedpur(9),MANOJ GUPTA,LOKHIT ADHIKAR PARTY,lost,2362
Jamshedpur,Jamshedpur(9),SADHU CHARAN PAUL,INDEPENDENT,lost,2317
Jamshedpur,Jamshedpur(9),SAURAV VISHNU,INDEPENDENT,lost,2264
Jamshedpur,Jamshedpur(9),SHAIKH AKHIRUDDIN,BAHUJAN MAHA PARTY,lost,2108
Jamshedpur,Jamshedpur(9),ASHOK KUMAR,PEOPLES PARTY OF INDIA (DEMOCRATIC),lost,2048
Jamshedpur,Jamshedpur(9),MAHESH KUMAR,RIGHT TO RECALL PARTY,lost,1960
Jamshedpur,Jamshedpur(9),G JAYRAM DAS,INDEPENDENT,lost,1931
Jamshedpur,Jamshedpur(9),ARUN KUMAR SHARMA,BHARTIYA AZAD SENA,lost,1801
Jamshedpur,Jamshedpur(9),DOMAN CHANDRA BHAKAT,BHAGIDARI PARTY(P),lost,1348
Jamshedpur,Jamshedpur(9),BABLU PRASAD DANGI,INDEPENDENT,lost,1152
Jamshedpur,Jamshedpur(9),GYAN SAGAR PRASAD,INDEPENDENT,lost,1044
Jamshedpur,Jamshedpur(9),PARWATI KISKU,INDEPENDENT,lost,988
Jamui,Jamui(40),ARUN BHARTI,LOK JANSHAKTI PARTY(RAM VILAS),won,509046
Jamui,Jamui(40),ARCHANA KUMARI,RASHTRIYA JANATA DAL,lost,396564
Jamui,Jamui(40),NOTA,NONE OF THE ABOVE,nan,26182
Jamui,Jamui(40),SUBHASH PASWAN,INDEPENDENT,lost,13875
Jamui,Jamui(40),SAKALDEO DAS,BAHUJAN SAMAJ PARTY,lost,12366
Jamui,Jamui(40),SRAWON KUMAR,RASHTRIYA JANSAMBHAVNA PARTY,lost,8625
Jamui,Jamui(40),JAGDISH PRASAD,LOKTANTRIK SAMAJIK NYAY PARTY,lost,6542
Jamui,Jamui(40),SANTOSH KUMAR DAS,SOCIALIST UNITY CENTRE OF INDIA (COMMUNIST),lost,6033
Jangipur,Jangipur(9),KHALILUR RAHAMAN,ALL INDIA TRINAMOOL CONGRESS,won,544427
Jangipur,Jangipur(9),MURTOJA HOSSAIN BOKUL,INDIAN NATIONAL CONGRESS,lost,427790
Jangipur,Jangipur(9),DHANANJAY GHOSH,BHARATIYA JANATA PARTY,lost,340814
Jangipur,Jangipur(9),NOTA,NONE OF THE ABOVE,nan,17158
Jangipur,Jangipur(9),REJAUL MONDAL,INDEPENDENT,lost,7500
Jangipur,Jangipur(9),SAJAHAN BISWAS,ALL INDIA SECULAR FRONT,lost,6858
Jangipur,Jangipur(9),MUKTIPADA KONAI,INDEPENDENT,lost,5671
Jangipur,Jangipur(9),ASHISH BHUIMALI,INDEPENDENT,lost,3951
Jangipur,Jangipur(9),MD SARWARUL ISLAM SARKAR,BAHUJAN SAMAJ PARTY,lost,3515
Jangipur,Jangipur(9),MD SAHABUDDIN,SOCIAL DEMOCRATIC PARTY OF INDIA,lost,3496
Jangipur,Jangipur(9),SAMIRUDDIN,SOCIALIST UNITY CENTRE OF INDIA (COMMUNIST),lost,1950
Jangipur,Jangipur(9),PARIMAL GHOSH,INDEPENDENT,lost,1931
Jangipur,Jangipur(9),SANUAR ALI,BHARATHEEYA JAWAN KISAN PARTY,lost,1700
Jangipur,Jangipur(9),RAJIB CHATTERJEE,BHARTIYA LOKMAT RASHTRWADI PARTY,lost,1532
Jangipur,Jangipur(9),MD ASADUL BISWAS,INDEPENDENT,lost,1340
Jaunpur,Jaunpur(73),BABU SINGH KUSHWAHA,SAMAJWADI PARTY,won,509130
Jaunpur,Jaunpur(73),KRIPASHANKAR SINGH,BHARATIYA JANATA PARTY,lost,409795
Jaunpur,Jaunpur(73),SHYAM SINGH YADAV,BAHUJAN SAMAJ PARTY,lost,157137
Jaunpur,Jaunpur(73),NOTA,NONE OF THE ABOVE,nan,6329
Jaunpur,Jaunpur(73),ASHOK SINGH,SAMAJ VIKAS KRANTI PARTY,lost,2755
Jaunpur,Jaunpur(73),SARFARAZ AHMAD,INDEPENDENT,lost,2750
Jaunpur,Jaunpur(73),JIYALAL PRAJAPATI,BHAGIDARI PARTY(P),lost,2235
Jaunpur,Jaunpur(73),SHRIPATI MAURYA,INDEPENDENT,lost,2094
Jaunpur,Jaunpur(73),SHAH ALAM,APNA DAL (KAMERAWADI),lost,2003
Jaunpur,Jaunpur(73),FULACHANDR,MOULIK ADHIKAR PARTY,lost,1633
Jaunpur,Jaunpur(73),KRIPASHANKAR C PANDEY,INDEPENDENT,lost,1447
Jaunpur,Jaunpur(73),GOVIND LAL,INDEPENDENT,lost,1389
Jaunpur,Jaunpur(73),RAM PYARE,SOCIALIST UNITY CENTRE OF INDIA (COMMUNIST),lost,1161
Jaunpur,Jaunpur(73),NISHA PATEL,SARDAR PATEL SIDDHANT PARTY,lost,1128
Jaunpur,Jaunpur(73),BHARAT RAM,PACHCHASI PARIVARTAN SAMAJ PARTY,lost,802
Jhanjharpur,Jhanjharpur(7),RAMPRIT MANDAL,JANATA DAL (UNITED),won,533032
Jhanjharpur,Jhanjharpur(7),SUMAN KUMAR MAHASETH,VIKASSHEEL INSAAN PARTY,lost,348863
Jhanjharpur,Jhanjharpur(7),GULAB YADAV,BAHUJAN SAMAJ PARTY,lost,73884
Jhanjharpur,Jhanjharpur(7),NOTA,NONE OF THE ABOVE,nan,35928
Jhanjharpur,Jhanjharpur(7),RAM PRASAD RAUT,INDEPENDENT,lost,26010
Jhanjharpur,Jhanjharpur(7),GANGA PRASAD YADAV,INDEPENDENT,lost,18074
Jhanjharpur,Jhanjharpur(7),GAURI SHANKAR SAHU,INDEPENDENT,lost,14325
Jhanjharpur,Jhanjharpur(7),RAJIV KUMAR JHA,INDEPENDENT,lost,12513
Jhanjharpur,Jhanjharpur(7),BABLU KUMAR,AADARSH MITHILA PARTY,lost,11673
Jhanjharpur,Jhanjharpur(7),VIDYA NAND RAM,WAZIB ADHIKAR PARTY,lost,10862
Jhanjharpur,Jhanjharpur(7),VIJAY KUMAR MANDAL,SOCIALIST UNITY CENTRE OF INDIA (COMMUNIST),lost,8577
Jhansi,Jhansi(46),ANURAG SHARMA,BHARATIYA JANATA PARTY,won,690316
Jhansi,Jhansi(46),"PRADEEP JAIN ""ADITYA""",INDIAN NATIONAL CONGRESS,lost,587702
Jhansi,Jhansi(46),RAVI PRAKASH,BAHUJAN SAMAJ PARTY,lost,63192
Jhansi,Jhansi(46),NOTA,NONE OF THE ABOVE,nan,15302
Jhansi,Jhansi(46),LAKHAN LAL,INDEPENDENT,lost,6832
Jhansi,Jhansi(46),RAMESH,INDEPENDENT,lost,6338
Jhansi,Jhansi(46),GANESH RAM,INDEPENDENT,lost,2575
Jhansi,Jhansi(46),CHANDAN SINGH,APNA DAL (KAMERAWADI),lost,2491
Jhansi,Jhansi(46),DHARMENDRA PRATAP,INDEPENDENT,lost,2303
Jhansi,Jhansi(46),INDRA SINGH,INDEPENDENT,lost,2078
Jhansi,Jhansi(46),ER. DEEPAK KUMAR VERMA,AL-HIND PARTY,lost,1377
Jhargram,Jhargram(33),KALIPADA SAREN (KHERWAL),ALL INDIA TRINAMOOL CONGRESS,won,743478
Jhargram,Jhargram(33),DR. PRANAT TUDU,BHARATIYA JANATA PARTY,lost,569430
Jhargram,Jhargram(33),SONAMANI TUDU,COMMUNIST PARTY OF INDIA (MARXIST),lost,77302
Jhargram,Jhargram(33),SURYA SINGH BESRA,JHARKHAND PEOPLE'S PARTY,lost,19494
Jhargram,Jhargram(33),NOTA,NONE OF THE ABOVE,nan,15920
Jhargram,Jhargram(33),BARUN MAHATO,INDEPENDENT,lost,12087
Jhargram,Jhargram(33),ARUNKUMAR HANSDA,BAHUJAN SAMAJ PARTY,lost,11989
Jhargram,Jhargram(33),SURENDRANATH SING,INDEPENDENT,lost,10787
Jhargram,Jhargram(33),RAMANATH ORANG,INDEPENDENT,lost,7188
Jhargram,Jhargram(33),BIPLAB HEMBRAM,INDEPENDENT,lost,7170
Jhargram,Jhargram(33),BAPI SOREN,ALL INDIA SECULAR FRONT,lost,5895
Jhargram,Jhargram(33),BIRSABIR BASKEY,AMBEDKARITE PARTY OF INDIA,lost,4362
Jhargram,Jhargram(33),SUSHIL MANDI,SOCIALIST UNITY CENTRE OF INDIA (COMMUNIST),lost,2892
Jhargram,Jhargram(33),GUNADHAR SING,INDEPENDENT,lost,2849
Jorhat,Jorhat(14),GAURAV GOGOI,INDIAN NATIONAL CONGRESS,won,751771
Jorhat,Jorhat(14),TOPON KUMAR GOGOI,BHARATIYA JANATA PARTY,lost,607378
Jorhat,Jorhat(14),NOTA,NONE OF THE ABOVE,nan,14555
Jorhat,Jorhat(14),ARUN CHANDRA HANDIQUE,EKAM SANATAN BHARAT DAL,lost,9086
Jorhat,Jorhat(14),RAJ KUMAR DUWARA,INDEPENDENT,lost,8370
Joynagar,Joynagar(19),PRATIMA MONDAL,ALL INDIA TRINAMOOL CONGRESS,won,894312
Joynagar,Joynagar(19),ASHOK KANDARY,BHARATIYA JANATA PARTY,lost,424093
Joynagar,Joynagar(19),MEGHNATH HALDER,ALL INDIA SECULAR FRONT,lost,65372
Joynagar,Joynagar(19),SAMARENDRA NATH MONDAL,REVOLUTIONARY SOCIALIST PARTY,lost,40113
Joynagar,Joynagar(19),NIRANJAN NASKAR,SOCIALIST UNITY CENTRE OF INDIA (COMMUNIST),lost,14622
Joynagar,Joynagar(19),SUJAN SARDAR,INDEPENDENT,lost,10794
Joynagar,Joynagar(19),NOTA,NONE OF THE ABOVE,nan,9788
Joynagar,Joynagar(19),SINDHUPADA BAIRAGI,INDEPENDENT,lost,9162
Joynagar,Joynagar(19),SHANKAR DEB MONDAL,BAHUJAN SAMAJ PARTY,lost,6391
Joynagar,Joynagar(19),JURAN CHANDRA PANDEY,MULNIBASI PARTY OF INDIA,lost,3769
Joynagar,Joynagar(19),MILAN NASKAR,INDEPENDENT,lost,2136
Joynagar,Joynagar(19),PRATIMA MONDAL,INDEPENDENT,lost,2079
Junagadh,Junagadh(13),CHUDASAMA RAJESHBHAI NARANBHAI,BHARATIYA JANATA PARTY,won,584049
Junagadh,Junagadh(13),JOTVA HIRABHAI ARJANBHAI,INDIAN NATIONAL CONGRESS,lost,448555
Junagadh,Junagadh(13),NOTA,NONE OF THE ABOVE,nan,14013
Junagadh,Junagadh(13),MAKADIA JAYANTILAL MALDEBHAI,BAHUJAN SAMAJ PARTY,lost,7282
Junagadh,Junagadh(13),VADHER DANSING CHINABHAI,INDEPENDENT,lost,5189
Junagadh,Junagadh(13),DEVENDRABHAI DHANJIBHAI MOTIVARAS,INDEPENDENT,lost,2309
Junagadh,Junagadh(13),BORICHANGAR BHAVESH DALPATRAI,INDEPENDENT,lost,1908
Junagadh,Junagadh(13),DAKI NATHABHAI MENSIBHAI,INDEPENDENT,lost,1344
Junagadh,Junagadh(13),ISHWAR RAMBHAI SOLANKI,RIGHT TO RECALL PARTY,lost,1171
Junagadh,Junagadh(13),ALPESHKUMAR CHANDULAL TRAMBADIYA,LOG PARTY,lost,964
Junagadh,Junagadh(13),GORDHANBHAI MANGABHAI GOHEL,INDEPENDENT,lost,775
Junagadh,Junagadh(13),AARAB HASAM SUMRA,INDEPENDENT,lost,694
KALLAKURICHI,KALLAKURICHI(14),MALAIYARASAN D,DRAVIDA MUNNETRA KAZHAGAM,won,561589
KALLAKURICHI,KALLAKURICHI(14),KUMARAGURU R,ALL INDIA ANNA DRAVIDA MUNNETRA KAZHAGAM,lost,507805
KALLAKURICHI,KALLAKURICHI(14),JAGADESAN A,NAAM TAMILAR KATCHI,lost,73652
KALLAKURICHI,KALLAKURICHI(14),DEVADASS RAMASAMY,PATTALI MAKKAL KATCHI,lost,71290
KALLAKURICHI,KALLAKURICHI(14),NOTA,NONE OF THE ABOVE,nan,8532
KALLAKURICHI,KALLAKURICHI(14),PRABU C,INDEPENDENT,lost,4275
KALLAKURICHI,KALLAKURICHI(14),BALAKRISHNAN P,INDEPENDENT,lost,3469
KALLAKURICHI,KALLAKURICHI(14),JEEVANRAJ N,BAHUJAN SAMAJ PARTY,lost,3096
KALLAKURICHI,KALLAKURICHI(14),MAYILAMPARAI MARI A,INDEPENDENT,lost,2892
KALLAKURICHI,KALLAKURICHI(14),NATTANMAI GUNASEKARANA A.S,ANNA MAKKAL KATCHI,lost,2505
KALLAKURICHI,KALLAKURICHI(14),KUMARAGURU N,INDEPENDENT,lost,2227
KALLAKURICHI,KALLAKURICHI(14),MURUGESAN M,INDEPENDENT,lost,2225
KALLAKURICHI,KALLAKURICHI(14),SUBRAMANIAN R K,INDEPENDENT,lost,872
KALLAKURICHI,KALLAKURICHI(14),ARUL INIYAN A,INDEPENDENT,lost,784
KALLAKURICHI,KALLAKURICHI(14),VENKATRAMAN J,NAADAALUM MAKKAL KATCHI,lost,691
KALLAKURICHI,KALLAKURICHI(14),KAMALAKANNAN M,INDEPENDENT,lost,630
KALLAKURICHI,KALLAKURICHI(14),GOVINDARAJ S R,INDEPENDENT,lost,558
KALLAKURICHI,KALLAKURICHI(14),PALANIYAMMAL S,DESIYA MAKKAL SAKTHI KATCHI,lost,548
KALLAKURICHI,KALLAKURICHI(14),SIGAMANI A,INDEPENDENT,lost,542
KALLAKURICHI,KALLAKURICHI(14),RAJASEKAR K,INDEPENDENT,lost,511
KALLAKURICHI,KALLAKURICHI(14),JAYABAL PM,INDEPENDENT,lost,476
KALLAKURICHI,KALLAKURICHI(14),RAJAMANICKAM C,INDEPENDENT,lost,399
KANCHEEPURAM,KANCHEEPURAM(6),SELVAM. G,DRAVIDA MUNNETRA KAZHAGAM,won,586044
KANCHEEPURAM,KANCHEEPURAM(6),RAJASEKAR. E,ALL INDIA ANNA DRAVIDA MUNNETRA KAZHAGAM,lost,364571
KANCHEEPURAM,KANCHEEPURAM(6),JOTHI. V,PATTALI MAKKAL KATCHI,lost,164931
KANCHEEPURAM,KANCHEEPURAM(6),SANTHOSH KUMAR. V,NAAM TAMILAR KATCHI,lost,110272
KANCHEEPURAM,KANCHEEPURAM(6),NOTA,NONE OF THE ABOVE,nan,16965
KANCHEEPURAM,KANCHEEPURAM(6),ILAYARAJA. S,BAHUJAN SAMAJ PARTY,lost,5264
KANCHEEPURAM,KANCHEEPURAM(6),VENKATESAN. K,INDEPENDENT,lost,2807
KANCHEEPURAM,KANCHEEPURAM(6),NARESH BHARATHI. S,INDEPENDENT,lost,2511
KANCHEEPURAM,KANCHEEPURAM(6),ELANGOVAN. M,INDEPENDENT,lost,1881
KANCHEEPURAM,KANCHEEPURAM(6),SURYA. A,INDEPENDENT,lost,1702
KANCHEEPURAM,KANCHEEPURAM(6),RAMESH. S,INDEPENDENT,lost,1318
KANCHEEPURAM,KANCHEEPURAM(6),SELVAM. T,INDEPENDENT,lost,1312
KANGRA,KANGRA(1),DR RAJEEV BHARDWAJ,BHARATIYA JANATA PARTY,won,632793
KANGRA,KANGRA(1),ANAND SHARMA,INDIAN NATIONAL CONGRESS,lost,380898
KANGRA,KANGRA(1),REKHA CHAUDHARY,BAHUJAN SAMAJ PARTY,lost,7753
KANGRA,KANGRA(1),NOTA,NONE OF THE ABOVE,nan,6372
KANGRA,KANGRA(1),ADVOCATE SANJAY SHARMA,INDEPENDENT,lost,2319
KANGRA,KANGRA(1),DR KEHAR SINGH,INDEPENDENT,lost,2178
KANGRA,KANGRA(1),JEEVAN KUMAR,AKHIL BHARTIYA PARIVAR PARTY,lost,1476
KANGRA,KANGRA(1),NARAIN SINGH DOGRA,HIMACHAL JANTA PARTY,lost,1171
KANGRA,KANGRA(1),BHUVNESH KUMAR,RASHTRIYA DEVBHUMI PARTY,lost,756
KANGRA,KANGRA(1),DEV RAJ BHARDWAJ,RASHTRIYA SAMAJ DAL (R),lost,607
KANGRA,KANGRA(1),ACHAL SINGH,INDEPENDENT,lost,545
KANKER,KANKER(11),BHOJRAJ NAG,BHARATIYA JANATA PARTY,won,597624
KANKER,KANKER(11),BIRESH THAKUR,INDIAN NATIONAL CONGRESS,lost,595740
KANKER,KANKER(11),NOTA,NONE OF THE ABOVE,nan,18669
KANKER,KANKER(11),TILAK RAM MARKAM,BAHUJAN SAMAJ PARTY,lost,11770
KANKER,KANKER(11),SONSINGH,AMBEDKARITE PARTY OF INDIA,lost,11362
KANKER,KANKER(11),JIVAN LAL MATLAM,SARV ADI DAL,lost,8949
KANKER,KANKER(11),SUKCHAND NETAM,GONDVANA GANTANTRA PARTY,lost,8723
KANKER,KANKER(11),VINOD NAGWANSHI,HAMAR RAJ PARTY,lost,5009
KANKER,KANKER(11),THAKESH MAHLA,BHARTIYA SHAKTI CHETNA PARTY,lost,4222
KANKER,KANKER(11),BHOJRAM MANDAVI,RASHTRIYA JANSABHA PARTY,lost,3361
KANNIYAKUMARI,KANNIYAKUMARI(39),VIJAYAKUMAR (Alias) VIJAY VASANTH,INDIAN NATIONAL CONGRESS,won,546248
KANNIYAKUMARI,KANNIYAKUMARI(39),RADHAKRISHNAN P,BHARATIYA JANATA PARTY,lost,366341
KANNIYAKUMARI,KANNIYAKUMARI(39),MARIA JENNIFER CLARA MICHAEL,NAAM TAMILAR KATCHI,lost,52721
KANNIYAKUMARI,KANNIYAKUMARI(39),PASILIAN NAZERATH,ALL INDIA ANNA DRAVIDA MUNNETRA KAZHAGAM,lost,41393
KANNIYAKUMARI,KANNIYAKUMARI(39),NAGOOR MEERAN PEER MOHAMED U,INDEPENDENT,lost,4415
KANNIYAKUMARI,KANNIYAKUMARI(39),NOTA,NONE OF THE ABOVE,nan,3756
KANNIYAKUMARI,KANNIYAKUMARI(39),BERRILA L,INDEPENDENT,lost,3262
KANNIYAKUMARI,KANNIYAKUMARI(39),BALASUBRAMANIAN T,INDEPENDENT,lost,2072
KANNIYAKUMARI,KANNIYAKUMARI(39),VIJAYAN G,BAHUJAN SAMAJ PARTY,lost,1623
KANNIYAKUMARI,KANNIYAKUMARI(39),DENNISON V,INDEPENDENT,lost,1278
KANNIYAKUMARI,KANNIYAKUMARI(39),DR TOM MANOHAR C M,PUNNAGAI DESAM PARTY,lost,1040
KANNIYAKUMARI,KANNIYAKUMARI(39),SATHISH BABU P,INDEPENDENT,lost,748
KANNIYAKUMARI,KANNIYAKUMARI(39),RAJAN SINGH,BAHUJAN DRAVIDA PARTY,lost,598
KANNIYAKUMARI,KANNIYAKUMARI(39),GEETA M,THAKKAM KATCHI,lost,552
KANNIYAKUMARI,KANNIYAKUMARI(39),SANTHAKUMAR N,INDEPENDENT,lost,527
KANNIYAKUMARI,KANNIYAKUMARI(39),RAMESHKUMAR J L,INDEPENDENT,lost,465
KANNIYAKUMARI,KANNIYAKUMARI(39),ESAKKIMUTHU N,INDEPENDENT,lost,441
KANNIYAKUMARI,KANNIYAKUMARI(39),AYYAPPAN V,INDEPENDENT,lost,373
KANNIYAKUMARI,KANNIYAKUMARI(39),SARAVANAN N,SAMANIYA MAKKAL NALA KATCHI,lost,315
KANNIYAKUMARI,KANNIYAKUMARI(39),VINO JEBA SEELAN T,INDEPENDENT,lost,270
KANNIYAKUMARI,KANNIYAKUMARI(39),KRISHNAN P,INDEPENDENT,lost,254
KANNIYAKUMARI,KANNIYAKUMARI(39),VENKADESH S C,INDEPENDENT,lost,188
KANNIYAKUMARI,KANNIYAKUMARI(39),ANTONY MICHAEL J,INDEPENDENT,lost,175
KARAULI-DHOLPUR,KARAULI-DHOLPUR (10),BHAJAN LAL JATAV,INDIAN NATIONAL CONGRESS,won,530011
KARAULI-DHOLPUR,KARAULI-DHOLPUR (10),INDU DEVI,BHARATIYA JANATA PARTY,lost,431066
KARAULI-DHOLPUR,KARAULI-DHOLPUR (10),VIKRAM SINGH,BAHUJAN SAMAJ PARTY,lost,14112
KARAULI-DHOLPUR,KARAULI-DHOLPUR (10),NOTA,NONE OF THE ABOVE,nan,7460
KARAULI-DHOLPUR,KARAULI-DHOLPUR (10),RAMKHILADI DHOVI,INDEPENDENT,lost,5473
KARNAL,KARNAL(5),MANOHAR LAL,BHARATIYA JANATA PARTY,won,739285
KARNAL,KARNAL(5),DIVYANSHU BUDHIRAJA,INDIAN NATIONAL CONGRESS,lost,506708
KARNAL,KARNAL(5),INDER SINGH,BAHUJAN SAMAJ PARTY,lost,32508
KARNAL,KARNAL(5),MARATHA VIRENDER VERMA,NATIONALIST CONGRESS PARTY – SHARADCHANDRA PAWAR,lost,29151
KARNAL,KARNAL(5),DEVENDER KADIAN,JANNAYAK JANTA PARTY,lost,11467
KARNAL,KARNAL(5),MANOJ BANSAL,INDEPENDENT,lost,4004
KARNAL,KARNAL(5),NOTA,NONE OF THE ABOVE,nan,3955
KARNAL,KARNAL(5),GULSHAN KASHYAP,INDEPENDENT,lost,2994
KARNAL,KARNAL(5),ASHOK KATARIA,SAMST SAMAJ PARTY,lost,2904
KARNAL,KARNAL(5),HARJEET SINGH VIRK,SHIROMANI AKALI DAL (AMRITSAR)(SIMRANJIT SINGH MANN),lost,1866
KARNAL,KARNAL(5),SONIA,INDEPENDENT,lost,1851
KARNAL,KARNAL(5),MANISH,INDEPENDENT,lost,1587
KARNAL,KARNAL(5),LEENA KOHLI,INDEPENDENT,lost,1292
KARNAL,KARNAL(5),NITIN GEHLOT,PEOPLES PARTY OF INDIA (DEMOCRATIC),lost,1253
KARNAL,KARNAL(5),BALWAN SINGH,INDEPENDENT,lost,1188
KARNAL,KARNAL(5),VINEET CHOUDHARY,BHARATIYA ASHA PARTY,lost,1020
KARNAL,KARNAL(5),ROOP SINGH,RASHTRIYA GARIB DAL,lost,769
KARNAL,KARNAL(5),SAWAMI AGNIVESH,INDEPENDENT,lost,752
KARNAL,KARNAL(5),AZAD SINGH PUNIA,INDEPENDENT,lost,705
KARNAL,KARNAL(5),ASHOK KUMAR,INDEPENDENT,lost,633
KARUR,KARUR(23),JOTHIMANI. S,INDIAN NATIONAL CONGRESS,won,534906
KARUR,KARUR(23),THANGAVEL. L,ALL INDIA ANNA DRAVIDA MUNNETRA KAZHAGAM,lost,368090
KARUR,KARUR(23),SENTHILNATHAN. V.V,BHARATIYA JANATA PARTY,lost,102482
KARUR,KARUR(23),KARUPPAIYA. R,NAAM TAMILAR KATCHI,lost,87503
KARUR,KARUR(23),NOTA,NONE OF THE ABOVE,nan,8275
KARUR,KARUR(23),SANKARAN. S,BAHUJAN SAMAJ PARTY,lost,2680
KARUR,KARUR(23),SAKTHIVEL. R,INDEPENDENT,lost,2413
KARUR,KARUR(23),ABILAZAN. N,INDEPENDENT,lost,1921
KARUR,KARUR(23),KARTHIKPERUMAL. R,INDEPENDENT,lost,1809
KARUR,KARUR(23),KATHIRAVAN. P,INDEPENDENT,lost,1448
KARUR,KARUR(23),KARUNAMOORTHY. S,INDEPENDENT,lost,1278
KARUR,KARUR(23),MOHAMED NAZEEM. S,INDEPENDENT,lost,938
KARUR,KARUR(23),PALANISAMY. N.A,INDEPENDENT,lost,934
KARUR,KARUR(23),SHANMUGAM. N,SAMANIYA MAKKAL NALA KATCHI,lost,929
KARUR,KARUR(23),KALAIRAJ. K,INDEPENDENT,lost,811
KARUR,KARUR(23),JOTHIMANI. A.K,INDEPENDENT,lost,808
KARUR,KARUR(23),KANNAN. T,INDEPENDENT,lost,788
KARUR,KARUR(23),JOTHIMANI. S,INDEPENDENT,lost,780
KARUR,KARUR(23),SATHASIVAM. R,INDEPENDENT,lost,729
KARUR,KARUR(23),MANIKANDAN. K,INDEPENDENT,lost,685
KARUR,KARUR(23),KOSAMALAR. P,INDEPENDENT,lost,644
KARUR,KARUR(23),MURUGESAN. K,GANASANGAM PARTY OF INDIA,lost,630
KARUR,KARUR(23),MAHESWARAN. A,INDEPENDENT,lost,590
KARUR,KARUR(23),REGIS THIYAGARAJAN. V.G.A,INDEPENDENT,lost,572
KARUR,KARUR(23),VINCENT. F,ANTI CORRUPTION DYNAMIC PARTY,lost,515
KARUR,KARUR(23),NATRAYAN. R,INDEPENDENT,lost,503
KARUR,KARUR(23),BANUMATHY. S,INDEPENDENT,lost,496
KARUR,KARUR(23),UMADEVI. S,INDEPENDENT,lost,453
KARUR,KARUR(23),VARADAN. M,INDEPENDENT,lost,429
KARUR,KARUR(23),MURALI. M,INDEPENDENT,lost,417
KARUR,KARUR(23),SAKTHIVEL. N,INDEPENDENT,lost,415
KARUR,KARUR(23),BABU. G,INDEPENDENT,lost,387
KARUR,KARUR(23),JAFAR ALI. A,INDEPENDENT,lost,371
KARUR,KARUR(23),PRABHU. G,INDEPENDENT,lost,354
KARUR,KARUR(23),PALANIVEL. P,INDEPENDENT,lost,350
KARUR,KARUR(23),ANBAZHAGAN. T,INDEPENDENT,lost,339
KARUR,KARUR(23),MURUGESAN. P,INDEPENDENT,lost,327
KARUR,KARUR(23),SOWMIYA. R,INDEPENDENT,lost,310
KARUR,KARUR(23),SATHISHKUMAR. S,INDEPENDENT,lost,306
KARUR,KARUR(23),VINOTH KUMAR. N,INDEPENDENT,lost,276
KARUR,KARUR(23),DHURAIYARASAN. P,INDEPENDENT,lost,275
KARUR,KARUR(23),SATHIS KUMAR. C,INDEPENDENT,lost,267
KARUR,KARUR(23),THIRUGNANAM. M,INDEPENDENT,lost,258
KARUR,KARUR(23),SATHISH. P,INDEPENDENT,lost,244
KARUR,KARUR(23),MAHAMUNI. A,INDEPENDENT,lost,213
KARUR,KARUR(23),RAJAPANDIAN. K,INDEPENDENT,lost,209
KARUR,KARUR(23),JOTHIVEL. A,INDEPENDENT,lost,206
KARUR,KARUR(23),BASKARAN. N,INDEPENDENT,lost,205
KARUR,KARUR(23),PUSHPARAJ. N,INDEPENDENT,lost,199
KARUR,KARUR(23),NARENDRAKUMAR. G,INDEPENDENT,lost,197
KARUR,KARUR(23),PRASANTH. S,INDEPENDENT,lost,194
KARUR,KARUR(23),SUBASH MALAYALAM. T,INDEPENDENT,lost,186
KARUR,KARUR(23),NAGESVARAN. P,INDEPENDENT,lost,185
KARUR,KARUR(23),DANIYA. P,INDEPENDENT,lost,165
KARUR,KARUR(23),SIVAKUMAR. V,INDEPENDENT,lost,151
KHAJURAHO,KHAJURAHO(8),VISHNU DATT SHARMA (V.D.SHARMA),BHARATIYA JANATA PARTY,won,772774
KHAJURAHO,KHAJURAHO(8),KAMLESH KUMAR,BAHUJAN SAMAJ PARTY,lost,231545
KHAJURAHO,KHAJURAHO(8),R. B. PRAJAPATI (RAJA BHAIYA) EX.I.A.S.,ALL INDIA FORWARD BLOC,lost,50215
KHAJURAHO,KHAJURAHO(8),MOHAMMAD IMRAN,RASHTRIYA JANSAMBHAVNA PARTY,lost,17873
KHAJURAHO,KHAJURAHO(8),NOTA,NONE OF THE ABOVE,nan,16157
KHAJURAHO,KHAJURAHO(8),PENTER SUNMAN SINGH LODHI,INDEPENDENT,lost,10011
KHAJURAHO,KHAJURAHO(8),KAPIL GUPTA BHARTIYA,AKHIL BHARTIYA PARIVAR PARTY,lost,7564
KHAJURAHO,KHAJURAHO(8),LAXMI PRASAD,INDEPENDENT,lost,6764
KHAJURAHO,KHAJURAHO(8),NANDKISHOR,PEOPLES PARTY OF INDIA (DEMOCRATIC),lost,6027
KHAJURAHO,KHAJURAHO(8),PANKAJ MAURYA (KUSHWAHA),GONDVANA GANTANTRA PARTY,lost,4740
KHAJURAHO,KHAJURAHO(8),BITIAYA AHIRWAR,INDEPENDENT,lost,4026
KHAJURAHO,KHAJURAHO(8),FIROJKHAN,INDEPENDENT,lost,3713
KHAJURAHO,KHAJURAHO(8),GIRAN SINGH,BHARTIYA SHAKTI CHETNA PARTY,lost,3492
KHAJURAHO,KHAJURAHO(8),KESHKALI,RASHTRIYA JANSANCHAR DAL,lost,2872
KHAJURAHO,KHAJURAHO(8),PANNA LAL TRIPATHI AD.,INDIAN PEOPLES ADHIKAR PARTY,lost,2797
KHANDWA,KHANDWA(28),GYANESHWAR PATIL,BHARATIYA JANATA PARTY,won,862679
KHANDWA,KHANDWA(28),NARENDRA PATEL,INDIAN NATIONAL CONGRESS,lost,592708
KHANDWA,KHANDWA(28),NOTA,NONE OF THE ABOVE,nan,12839
KHANDWA,KHANDWA(28),MUNNALAL S/O DHANNALAL TEJI,BAHUJAN SAMAJ PARTY,lost,11818
KHANDWA,KHANDWA(28),ABHINESH SINGH,RASHTRIYA JAN AWAZ PARTY,lost,9299
KHANDWA,KHANDWA(28),LAXMI NARAYAN KATARE,INDEPENDENT,lost,4905
KHANDWA,KHANDWA(28),MANOJ KUMAR VISHWAMBHARNATH AGRAWAL,INDEPENDENT,lost,4347
KHANDWA,KHANDWA(28),MAHESH PAWAR,PEOPLES PARTY OF INDIA (DEMOCRATIC),lost,3709
KHANDWA,KHANDWA(28),SHIVAM SEN,INDEPENDENT,lost,3481
KHANDWA,KHANDWA(28),RAVINDRA SONVANE,INDEPENDENT,lost,2685
KHANDWA,KHANDWA(28),PRAKASH RATHOR BANJARA,AAM JANTA PARTY (INDIA),lost,2370
KHANDWA,KHANDWA(28),NARAYAN SUKHADEV PAL,BHARATIYA YUVA JAN EKTA PARTY,lost,1702
KHARGONE,KHARGONE(27),GAJENDRA SINGH PATEL,BHARATIYA JANATA PARTY,won,819863
KHARGONE,KHARGONE(27),PORLAL BATHA KHARTE,INDIAN NATIONAL CONGRESS,lost,684845
KHARGONE,KHARGONE(27),NOTA,NONE OF THE ABOVE,nan,18257
KHARGONE,KHARGONE(27),DEVISINGH NARGAVE,COMMUNIST PARTY OF INDIA,lost,14686
KHARGONE,KHARGONE(27),SHOBHARAM DAWAR,BAHUJAN SAMAJ PARTY,lost,12069
KHARGONE,KHARGONE(27),NARSINGH SOLANKI,INDEPENDENT,lost,9058
KORBA,KORBA(4),JYOTSNA CHARANDAS MAHANT,INDIAN NATIONAL CONGRESS,won,570182
KORBA,KORBA(4),SAROJ PANDEY,BHARATIYA JANATA PARTY,lost,526899
KORBA,KORBA(4),SHYAM SINGH MARKAM,GONDVANA GANTANTRA PARTY,lost,48587
KORBA,KORBA(4),NIRDOSH KUMAR YADAV,INDEPENDENT,lost,11268
KORBA,KORBA(4),DUJRAM BOUDDH,BAHUJAN SAMAJ PARTY,lost,10739
KORBA,KORBA(4),JAICHANDRA SONPAKAR,INDEPENDENT,lost,6182
KORBA,KORBA(4),NOTA,NONE OF THE ABOVE,nan,6097
KORBA,KORBA(4),PALAN SINGH,INDEPENDENT,lost,5709
KORBA,KORBA(4),KAMAL DEV,BHARTIYA SHAKTI CHETNA PARTY,lost,4988
KORBA,KORBA(4),DILIP MIRI,INDEPENDENT,lost,3902
KORBA,KORBA(4),KAUSHALYA BAI PORTE,INDEPENDENT,lost,3632
KORBA,KORBA(4),PRATAP BHANU,INDEPENDENT,lost,2504
KORBA,KORBA(4),SANTOSH SHARMA,INDEPENDENT,lost,2477
KORBA,KORBA(4),AMRIKA KARPE,INDEPENDENT,lost,2232
KORBA,KORBA(4),RAJGURU KEWAL GOSWAMI,INDEPENDENT,lost,2202
KORBA,KORBA(4),SHOBRAN SINGH SAIMA,INDEPENDENT,lost,2073
KORBA,KORBA(4),KALYAN SINGH TANWAR,INDEPENDENT,lost,1964
KORBA,KORBA(4),RAJESH PANDEY,INDEPENDENT,lost,1814
KORBA,KORBA(4),SUSHIL KUMAR VISHWAKARMA,BHARTIYA JANTA SECULAR PARTY,lost,1685
KORBA,KORBA(4),PRASHANT DANIEL,SARV ADI DAL,lost,1392
KORBA,KORBA(4),REKHA TIWARI,CHHATTISGARH VIKAS GANGA RASHTRIYA PARTY,lost,1294
KORBA,KORBA(4),PURUSHOTTAM MANIKPURI,INDEPENDENT,lost,1212
KORBA,KORBA(4),PRIYANKA PATEL,REPUBLICAN PARTY OF INDIA (A),lost,1204
KORBA,KORBA(4),MAHENDRA KUMAR SHRIWAS (MANJU),INDEPENDENT,lost,1187
KORBA,KORBA(4),SHEKH RAUF,INDEPENDENT,lost,1168
KORBA,KORBA(4),SHIVPUJAN SINGH,INDEPENDENT,lost,1036
KORBA,KORBA(4),SHANTI BAI MARAVI,INDEPENDENT,lost,861
KORBA,KORBA(4),RAMESH DAS MAHANT,INDEPENDENT,lost,823
KOTA,KOTA(24),OM BIRLA,BHARATIYA JANATA PARTY,won,750496
KOTA,KOTA(24),PRAHLAD GUNJAL,INDIAN NATIONAL CONGRESS,lost,708522
KOTA,KOTA(24),NOTA,NONE OF THE ABOVE,nan,10261
KOTA,KOTA(24),DHANRAJ YADAV,BAHUJAN SAMAJ PARTY,lost,7575
KOTA,KOTA(24),ASHISH YOGI,EKAM SANATAN BHARAT DAL,lost,5775
KOTA,KOTA(24),LAKSHMICHAND,INDEPENDENT,lost,3892
KOTA,KOTA(24),SATYENDRA KUMAR JAIN,INDEPENDENT,lost,2521
KOTA,KOTA(24),RAMNATH MEHRA,INDEPENDENT,lost,2422
KOTA,KOTA(24),MOINUDDIN,INDEPENDENT,lost,1860
KOTA,KOTA(24),BHANWAR KUMAR RAWAL,INDEPENDENT,lost,1131
KOTA,KOTA(24),BALDEV SINGH FOJI,BHARATHEEYA JAWAN KISAN PARTY,lost,1069
KOTA,KOTA(24),KAMAL KUMAR BAIRWA,INDEPENDENT,lost,1014
KOTA,KOTA(24),TARUN GOCHAR,RIGHT TO RECALL PARTY,lost,1000
KOTA,KOTA(24),KAILASHI ANIL JAIN,INDEPENDENT,lost,994
KOTA,KOTA(24),ABDUL ASIF,INDEPENDENT,lost,865
KOTA,KOTA(24),OM PRAKASH SHAKYAWAL,INDEPENDENT,lost,760
KRISHNAGIRI,KRISHNAGIRI(9),GOPINATH K,INDIAN NATIONAL CONGRESS,won,492883
KRISHNAGIRI,KRISHNAGIRI(9),JAYAPRAKASH V,ALL INDIA ANNA DRAVIDA MUNNETRA KAZHAGAM,lost,300397
KRISHNAGIRI,KRISHNAGIRI(9),NARASIMHAN C,BHARATIYA JANATA PARTY,lost,214125
KRISHNAGIRI,KRISHNAGIRI(9),VIDHYA RANI,NAAM TAMILAR KATCHI,lost,107083
KRISHNAGIRI,KRISHNAGIRI(9),NOTA,NONE OF THE ABOVE,nan,10982
KRISHNAGIRI,KRISHNAGIRI(9),ARUMUGAM M,BHARATIYA PRAJA AIKYATA PARTY,lost,6154
KRISHNAGIRI,KRISHNAGIRI(9),DR.SHANMUGAM .A.R,INDEPENDENT,lost,5583
KRISHNAGIRI,KRISHNAGIRI(9),ESHWARAN C,INDEPENDENT,lost,4128
KRISHNAGIRI,KRISHNAGIRI(9),TAMILSELVAN S,BAHUJAN SAMAJ PARTY,lost,3698
KRISHNAGIRI,KRISHNAGIRI(9),SWAMINATHAN T G,ARAVOR MUNNETRA KAZHAGAM,lost,1978
KRISHNAGIRI,KRISHNAGIRI(9),MANI K,CHENNAI YOUTH PARTY,lost,1972
KRISHNAGIRI,KRISHNAGIRI(9),SRINIVASAN K,INDEPENDENT,lost,1621
KRISHNAGIRI,KRISHNAGIRI(9),VENKATESHKUMAR M,INDEPENDENT,lost,1590
KRISHNAGIRI,KRISHNAGIRI(9),ALBERT FRANCIS XAVIER S,INDEPENDENT,lost,1423
KRISHNAGIRI,KRISHNAGIRI(9),SUBRAMANI M,TAMILAR MAKKAL KATCHI,lost,1195
KRISHNAGIRI,KRISHNAGIRI(9),SARAVANAKUMAR A,INDEPENDENT,lost,1169
KRISHNAGIRI,KRISHNAGIRI(9),ANNADURAI K,INDEPENDENT,lost,1160
KRISHNAGIRI,KRISHNAGIRI(9),ANAND KUMAR A,INDEPENDENT,lost,1160
KRISHNAGIRI,KRISHNAGIRI(9),MAHARAJAN G,INDEPENDENT,lost,995
KRISHNAGIRI,KRISHNAGIRI(9),VIJAYAKUMAR K P,ANAITHU INDIA MAKKAL KATCHI,lost,937
KRISHNAGIRI,KRISHNAGIRI(9),JAGADHEESAN C,VIRO KE VIR INDIAN PARTY,lost,900
KRISHNAGIRI,KRISHNAGIRI(9),DEEKSHITH M,KARUNAADU PARTY,lost,824
KRISHNAGIRI,KRISHNAGIRI(9),RAMESH A,INDEPENDENT,lost,819
KRISHNAGIRI,KRISHNAGIRI(9),RAJESHWARI B.H.,INDEPENDENT,lost,799
KRISHNAGIRI,KRISHNAGIRI(9),CHANDRAMOHAN K.M.,INDEPENDENT,lost,792
KRISHNAGIRI,KRISHNAGIRI(9),DEVAPPA Y,INDEPENDENT,lost,724
KRISHNAGIRI,KRISHNAGIRI(9),VEERASAMY C,INDEPENDENT,lost,660
KRISHNAGIRI,KRISHNAGIRI(9),YUVARAJ K P U,INDEPENDENT,lost,405
KURUKSHETRA,KURUKSHETRA(2),NAVEEN JINDAL,BHARATIYA JANATA PARTY,won,542175
KURUKSHETRA,KURUKSHETRA(2),DR SUSHIL GUPTA,AAM AADMI PARTY,lost,513154
KURUKSHETRA,KURUKSHETRA(2),ABHAY SINGH CHAUTALA,INDIAN NATIONAL LOK DAL,lost,78708
KURUKSHETRA,KURUKSHETRA(2),DEEPAK MEHRA,BAHUJAN SAMAJ PARTY,lost,20944
KURUKSHETRA,KURUKSHETRA(2),JAI KUMAR SAINI HAMIDPUR,INDEPENDENT,lost,8093
KURUKSHETRA,KURUKSHETRA(2),PALA RAM SAINI,JANNAYAK JANTA PARTY,lost,6182
KURUKSHETRA,KURUKSHETRA(2),SATBIR KASHYAP,RASHTRIYA JANSHAKTI PARTY(EKLAVYA),lost,3263
KURUKSHETRA,KURUKSHETRA(2),KHAZAN SINGH SEHGAL,SHIROMANI AKALI DAL (AMRITSAR)(SIMRANJIT SINGH MANN),lost,2859
KURUKSHETRA,KURUKSHETRA(2),MAHAVIR SINGH,EKAM SANATAN BHARAT DAL,lost,2783
KURUKSHETRA,KURUKSHETRA(2),NOTA,NONE OF THE ABOVE,nan,2439
KURUKSHETRA,KURUKSHETRA(2),INDERJEET KAMBOJ,PEOPLES PARTY OF INDIA (DEMOCRATIC),lost,2113
KURUKSHETRA,KURUKSHETRA(2),PANDIT ANIL UPADHYAY,INDEPENDENT,lost,2056
KURUKSHETRA,KURUKSHETRA(2),ADV ASHWINI SHARMA HRITTWAL,INDEPENDENT,lost,2029
KURUKSHETRA,KURUKSHETRA(2),COMRADE OM PARKASH SHASTRI,SOCIALIST UNITY CENTRE OF INDIA (COMMUNIST),lost,1812
KURUKSHETRA,KURUKSHETRA(2),SURENDER SINGH,INDEPENDENT,lost,1599
KURUKSHETRA,KURUKSHETRA(2),AMIT MALIK,INDEPENDENT,lost,1506
KURUKSHETRA,KURUKSHETRA(2),PATASHO DEVI EX-SARPANCH,INDEPENDENT,lost,1379
KURUKSHETRA,KURUKSHETRA(2),DR MAHESH CHAND GAUR,INDEPENDENT,lost,1340
KURUKSHETRA,KURUKSHETRA(2),JAI PARKASH SHARMA,INDEPENDENT,lost,1154
KURUKSHETRA,KURUKSHETRA(2),VARUN GUPTA,INDEPENDENT,lost,1134
KURUKSHETRA,KURUKSHETRA(2),SATNAM BHAZIGAR,LOKTANTRIK LOK RAJYAM PARTY,lost,1066
KURUKSHETRA,KURUKSHETRA(2),NARESH KUMAR,SAMATA PARTY,lost,1032
KURUKSHETRA,KURUKSHETRA(2),SATISH DHULL,BHARATIYA ASHA PARTY,lost,997
KURUKSHETRA,KURUKSHETRA(2),ADVOCATE PARDEEP SAINI,RASHTRIYA GARIB DAL,lost,960
KURUKSHETRA,KURUKSHETRA(2),SEWA SINGH,INDEPENDENT,lost,718
KURUKSHETRA,KURUKSHETRA(2),COMRADE RAMESH KHATKAR,INDEPENDENT,lost,717
KURUKSHETRA,KURUKSHETRA(2),ER VISHAL KUMAR,INDEPENDENT,lost,715
KURUKSHETRA,KURUKSHETRA(2),OM PARKASH INDAL,GLOBAL REPUBLICAN PARTY,lost,678
KURUKSHETRA,KURUKSHETRA(2),PHOOL SINGH,INDEPENDENT,lost,626
KURUKSHETRA,KURUKSHETRA(2),SUNNY KASHYAP TEORA,INDEPENDENT,lost,576
KURUKSHETRA,KURUKSHETRA(2),RAMDIYA,INDEPENDENT,lost,556
KURUKSHETRA,KURUKSHETRA(2),MANGAT RAM,INDEPENDENT,lost,509
Kachchh,Kachchh(1),CHAVDA VINOD LAKHAMSHI,BHARATIYA JANATA PARTY,won,659574
Kachchh,Kachchh(1),NITESH PARBATBHAI LALAN (MATANG),INDIAN NATIONAL CONGRESS,lost,390792
Kachchh,Kachchh(1),NOTA,NONE OF THE ABOVE,nan,18742
Kachchh,Kachchh(1),VIJAY BHACHRA,BAHUJAN SAMAJ PARTY,lost,6111
Kachchh,Kachchh(1),VANAZARA HIRABEN DALPATBHAI,INDEPENDENT,lost,5151
Kachchh,Kachchh(1),KAVITABEN DINESHBHAI MACHCHHOYA,INDEPENDENT,lost,3366
Kachchh,Kachchh(1),BABULAL LADHA CHAVDA,INDEPENDENT,lost,3354
Kachchh,Kachchh(1),DEVABHAI MITHABHAI GOHIL,RASHTRIYA POWER PARTY,lost,2101
Kachchh,Kachchh(1),SHAMLIA VIRJI CHAKU,HINDVI SWARAJYAY DAL,lost,1573
Kachchh,Kachchh(1),ARVIND ASHOK SANGHELA,GUJARAT SARVA SAMAJ PARTY,lost,1526
Kachchh,Kachchh(1),BOCHIYA BHIMJI BHIKHA,SARVA SAMAJ JANATA PARTY,lost,1497
Kachchh,Kachchh(1),RAMJIBHAI JAKHUBHAI DAFDA,RIGHT TO RECALL PARTY,lost,1370
Kadapa,Kadapa(21),Y. S. AVINASH REDDY,YUVAJANA SRAMIKA RYTHU CONGRESS PARTY,won,605143
Kadapa,Kadapa(21),CHADIPIRALLA BHUPESH SUBBARAMI REDDY,TELUGU DESAM,lost,542448
Kadapa,Kadapa(21),Y.S. SHARMILA REDDY,INDIAN NATIONAL CONGRESS,lost,141039
Kadapa,Kadapa(21),NOTA,NONE OF THE ABOVE,nan,16846
Kadapa,Kadapa(21),PANDITI. GURAPPA.,BAHUJAN SAMAJ PARTY,lost,3810
Kadapa,Kadapa(21),VENU GOPAL RACHINENI,RASHTRIYA PRAJA CONGRESS (SECULAR),lost,3570
Kadapa,Kadapa(21),CHINNAPUREDDY GOPALA KRISHNA REDDY,INDEPENDENT,lost,2430
Kadapa,Kadapa(21),KUNCHAM. VENKATA SUBBA REDDY,RAYALASEEMA RASHTRA SAMITHI,lost,2333
Kadapa,Kadapa(21),L. KHAJA HUSSAIN,INDEPENDENT,lost,1088
Kadapa,Kadapa(21),ANKIREDDY. SURESH KUMAR REDDY.,ALL INDIA FORWARD BLOC,lost,755
Kadapa,Kadapa(21),KAKARLA SHANMUKHA REDDY,INDEPENDENT,lost,647
Kadapa,Kadapa(21),PALLE RAMESH,JAIBHIM RAO BHARAT PARTY,lost,624
Kadapa,Kadapa(21),CHAN BASHA. S,ANNA YSR CONGRESS PARTY,lost,439
Kadapa,Kadapa(21),J. V. RAMANA,JAATHIA CHETHI VRUTHULA IKYA VEDIKA PARTY,lost,434
Kadapa,Kadapa(21),MALIKIREDDY. HANUMANTHA REDDY,JANA SAHAYAKA SAKTHI,lost,369
Kairana,Kairana(2),IQRA CHOUDHARY,SAMAJWADI PARTY,won,528013
Kairana,Kairana(2),PRADEEP KUMAR,BHARATIYA JANATA PARTY,lost,458897
Kairana,Kairana(2),SRIPAL,BAHUJAN SAMAJ PARTY,lost,76200
Kairana,Kairana(2),JAHID,SOCIAL DEMOCRATIC PARTY OF INDIA,lost,3320
Kairana,Kairana(2),NOTA,NONE OF THE ABOVE,nan,3249
Kairana,Kairana(2),SHOKINDER KUMAR,INDEPENDENT,lost,1985
Kairana,Kairana(2),MANOJ RANA,INDEPENDENT,lost,1936
Kairana,Kairana(2),VIKAS KUMAR,INDEPENDENT,lost,1100
Kairana,Kairana(2),OMBEER,AZAD ADHIKAR SENA,lost,1096
Kairana,Kairana(2),VIKRAM SINGH,INDEPENDENT,lost,900
Kairana,Kairana(2),PRITI KASHYAP,RASHTRIYA MAZDOOR EKTA PARTY,lost,791
Kairana,Kairana(2),VIKRAM SAINI,AKHAND BHARAT SWATANTRA PARTY,lost,780
Kairana,Kairana(2),YOGESH,INDEPENDENT,lost,670
Kairana,Kairana(2),MOHD KADIR,INDEPENDENT,lost,442
Kairana,Kairana(2),NAND KISHOOR,AAPKI APNI PARTY (PEOPLES),lost,427
Kaiserganj,Kaiserganj(57),KARAN BHUSHAN SINGH,BHARATIYA JANATA PARTY,won,571263
Kaiserganj,Kaiserganj(57),BHAGAT RAM,SAMAJWADI PARTY,lost,422420
Kaiserganj,Kaiserganj(57),NARENDRA PANDEY,BAHUJAN SAMAJ PARTY,lost,44279
Kaiserganj,Kaiserganj(57),NOTA,NONE OF THE ABOVE,nan,14887
Kaiserganj,Kaiserganj(57),ARUNIMA PANDEY,INDEPENDENT,lost,9250
Kakinada,Kakinada(6),TANGELLA UDAY SRINIVAS (TEA TIME UDAY),JANASENA PARTY,won,729699
Kakinada,Kakinada(6),CHALAMALASETTY SUNIL,YUVAJANA SRAMIKA RYTHU CONGRESS PARTY,lost,500208
Kakinada,Kakinada(6),MALLIPUDI MANGAPATI PALLAM RAJU,INDIAN NATIONAL CONGRESS,lost,21109
Kakinada,Kakinada(6),NOTA,NONE OF THE ABOVE,nan,17220
Kakinada,Kakinada(6),UDAY,NAVARANG CONGRESS PARTY,lost,15703
Kakinada,Kakinada(6),KANDREGULA NARASIMHAM,BAHUJAN SAMAJ PARTY,lost,11979
Kakinada,Kakinada(6),DR ANUSHA YADAV,BHARATHA CHAITANYA YUVAJANA PARTY,lost,9854
Kakinada,Kakinada(6),TANGELLA SRINIVASU,JATIYA JANA SENA PARTY,lost,6559
Kakinada,Kakinada(6),YEDIDA VARA PRASAD KUMAR,REPUBLICAN PARTY OF INDIA (A),lost,3927
Kakinada,Kakinada(6),BUGATHA BANGARRAO,COMMUNIST PARTY OF INDIA (MARXIST-LENINIST) (LIBERATION),lost,2823
Kakinada,Kakinada(6),SUDHA VEERA GANESH,INDEPENDENT,lost,2647
Kakinada,Kakinada(6),BHAVANI SANKAR PRASAD MERLA,INDEPENDENT,lost,1969
Kakinada,Kakinada(6),YENUGUPALLI KRISHNA,JAIBHIM RAO BHARAT PARTY,lost,1780
Kakinada,Kakinada(6),BODDETI APPARAO,INDEPENDENT,lost,1687
Kakinada,Kakinada(6),NEELAKANTAM DONAM,INDEPENDENT,lost,1412
Kakinada,Kakinada(6),PASUPULETI S.V.S.BHUSHANAM,INDEPENDENT,lost,1227
Kalahandi,Kalahandi(11),MALVIKA DEVI,BHARATIYA JANATA PARTY,won,544303
Kalahandi,Kalahandi(11),LAMBODAR NIAL,BIJU JANATA DAL,lost,410490
Kalahandi,Kalahandi(11),DROUPADI MAJHI,INDIAN NATIONAL CONGRESS,lost,303199
Kalahandi,Kalahandi(11),NOTA,NONE OF THE ABOVE,nan,19715
Kalahandi,Kalahandi(11),UMAKANTA TANDI,INDEPENDENT,lost,9194
Kalahandi,Kalahandi(11),BIRANCHI NARAYAN DURGA,BAHUJAN SAMAJ PARTY,lost,8497
Kalahandi,Kalahandi(11),DR. DHARMANANDA GAHIR,INDEPENDENT,lost,7811
Kalahandi,Kalahandi(11),SIBA HATI,SAMAJWADI PARTY,lost,7168
Kalahandi,Kalahandi(11),RAJARAM SAHU,INDEPENDENT,lost,6730
Kalahandi,Kalahandi(11),NARESH HIANLA,INDEPENDENT,lost,6641
Kalahandi,Kalahandi(11),GANGADHAR JAL,INDEPENDENT,lost,5590
Kalahandi,Kalahandi(11),HIMANSHU TRIPATHY,SAMRUDDHA ODISHA,lost,4906
Kalyan,Kalyan(24),DR SHRIKANT EKNATH SHINDE,SHIV SENA,won,589636
Kalyan,Kalyan(24),VAISHALI DAREKAR - RANE,SHIV SENA (UDDHAV BALASAHEB THACKREY),lost,380492
Kalyan,Kalyan(24),MO. SAHABUDDIN SHAIKH SULEMANI THAKUR,VANCHIT BAHUJAN AAGHADI,lost,18741
Kalyan,Kalyan(24),NOTA,NONE OF THE ABOVE,nan,11686
Kalyan,Kalyan(24),PRASHANT RAMESH INGLE,BAHUJAN SAMAJ PARTY,lost,11341
Kalyan,Kalyan(24),AMIT UPADHYAY,RIGHT TO RECALL PARTY,lost,4205
Kalyan,Kalyan(24),ARUN BHAURAO NITURE,RASHTRIYA KISAN BAHUJAN PARTY,lost,2753
Kalyan,Kalyan(24),AMRISH RAJ MORAJKAR,INDEPENDENT,lost,2620
Kalyan,Kalyan(24),ASHWINI AMOL KENDRE,INDEPENDENT,lost,2468
Kalyan,Kalyan(24),NAFIS AHMED ANSARI,INDEPENDENT,lost,2000
Kalyan,Kalyan(24),SUSHILA KASHINATH KAMBLE,BAHUJAN SAMAJ PARTY (AMBEDKAR),lost,1858
Kalyan,Kalyan(24),ABHIJIT WAMANRAO BICHUKALE,INDEPENDENT,lost,1824
Kalyan,Kalyan(24),AJAY SHYAM MORYA,INDEPENDENT,lost,1802
Kalyan,Kalyan(24),SAMBHAJI JAGANNATH JADHAV,SANYUKT BHARAT PAKSH,lost,1609
Kalyan,Kalyan(24),POONAM JAGANNATH BAISANE,BAHUJAN REPUBLICAN SOCIALIST PARTY,lost,1381
Kalyan,Kalyan(24),CHANDRAKANT RAMBHAJI MOTE,INDEPENDENT,lost,1380
Kalyan,Kalyan(24),HINDURAO DADU PATIL,RASHTRIYA MARATHA PARTY,lost,1243
Kalyan,Kalyan(24),GAWALI PRAVIN SHIVAJI,APNI PRAJAHIT PARTY,lost,1082
Kalyan,Kalyan(24),ARUN VAMAN JADHAV,INDEPENDENT,lost,1082
Kalyan,Kalyan(24),SHRIDHAR NARAYAN SALVE,BHIM SENA,lost,1072
Kalyan,Kalyan(24),SHRIKANT SHIVAJI VANJARE,PEOPLES PARTY OF INDIA (DEMOCRATIC),lost,808
Kalyan,Kalyan(24),PRAJAKTA NILESH YELVE,INDEPENDENT,lost,783
Kalyan,Kalyan(24),DNYANESHWAR LOKHANDE MAHARAJ,INDEPENDENT,lost,741
Kalyan,Kalyan(24),ADV. HITESH JAIKISHAN JESWANI,INDEPENDENT,lost,715
Kalyan,Kalyan(24),MOHAMMAD YUSUF KHAN,INDEPENDENT,lost,653
Kalyan,Kalyan(24),RAKESH KUMAR DHISULAL JAIN,INDEPENDENT,lost,602
Kalyan,Kalyan(24),SHIVA KRISHNAMURTI IYER,INDEPENDENT,lost,437
Kalyan,Kalyan(24),SALIMUDDIN KHALILUDDIN SHAIKH,INDEPENDENT,lost,371
Kalyan,Kalyan(24),DR. SACHIN SAHEBRAO PATIL,INDEPENDENT,lost,351
Kandhamal,Kandhamal(13),SUKANTA KUMAR PANIGRAHI,BHARATIYA JANATA PARTY,won,416415
Kandhamal,Kandhamal(13),ACHYUTANANDA SAMANTA,BIJU JANATA DAL,lost,395044
Kandhamal,Kandhamal(13),AMIR CHAND NAYAK,INDIAN NATIONAL CONGRESS,lost,144322
Kandhamal,Kandhamal(13),NOTA,NONE OF THE ABOVE,nan,15720
Kandhamal,Kandhamal(13),BHAGIRATHI BALIARSINGH,MANAS LOKSHAKTI DAL,lost,7330
Kandhamal,Kandhamal(13),KANAK MANJARI RATH,INDEPENDENT,lost,5205
Kandhamal,Kandhamal(13),HARIBANDHU BEHERA,BAHUJAN SAMAJ PARTY,lost,5137
Kandhamal,Kandhamal(13),SUBASH MOHAPATRA,NATIONAL JAN DAL,lost,4137
Kandhamal,Kandhamal(13),PARSURAM PRADHAN,KALINGA SENA,lost,2781
Kannauj,Kannauj(42),AKHILESH YADAV,SAMAJWADI PARTY,won,642292
Kannauj,Kannauj(42),SUBRAT PATHAK,BHARATIYA JANATA PARTY,lost,471370
Kannauj,Kannauj(42),IMRAN BIN ZAFAR,BAHUJAN SAMAJ PARTY,lost,81639
Kannauj,Kannauj(42),NOTA,NONE OF THE ABOVE,nan,4818
Kannauj,Kannauj(42),ALOK VERMA,RASHTRIYA SHOSHIT SAMAJ PARTY,lost,4492
Kannauj,Kannauj(42),LALIT KUMARI,INDEPENDENT,lost,3267
Kannauj,Kannauj(42),SINOD KUMAR,INDEPENDENT,lost,1733
Kannauj,Kannauj(42),RAJ KATHERIA,INDEPENDENT,lost,1464
Kannauj,Kannauj(42),BHANU PRATAP SINGH DOHRE,INDEPENDENT,lost,1432
Kannauj,Kannauj(42),SHAILENDRA KUMAR,BHARATIYA KISAN PARIVARTAN PARTY,lost,1151
Kannauj,Kannauj(42),YADVENDRA KISHOR,INDEPENDENT,lost,1062
Kannauj,Kannauj(42),SUBHASH CHANDRA,ALL INDIA FORWARD BLOC,lost,801
Kannauj,Kannauj(42),SUNIL,BHARTIYA SHAKTI CHETNA PARTY,lost,739
Kannauj,Kannauj(42),PRAMOD KUMAR YADAV,BHARTIYA KRISHAK DAL,lost,560
Kannauj,Kannauj(42),PURUSHOTTAM TIWARI,INDEPENDENT,lost,543
Kannauj,Kannauj(42),IRFAN ALI,INDEPENDENT,lost,470
Kannur,Kannur(2),K. SUDHAKARAN,INDIAN NATIONAL CONGRESS,won,518524
Kannur,Kannur(2),M.V. JAYARAJAN,COMMUNIST PARTY OF INDIA (MARXIST),lost,409542
Kannur,Kannur(2),C. RAGHUNATH,BHARATIYA JANATA PARTY,lost,119876
Kannur,Kannur(2),NOTA,NONE OF THE ABOVE,nan,8873
Kannur,Kannur(2),RAMACHANDRAN BAVILEERI,BHARATHEEYA JAWAN KISAN PARTY,lost,2649
Kannur,Kannur(2),K. SUDHAKARAN S/O. KRISHNAN,INDEPENDENT,lost,1009
Kannur,Kannur(2),SUDHAKARAN. K S/O. P GOPALAN,INDEPENDENT,lost,896
Kannur,Kannur(2),JOY JOHN PATTAR MADATHIL,INDEPENDENT,lost,618
Kannur,Kannur(2),JAYARAJ,INDEPENDENT,lost,488
Kannur,Kannur(2),JAYARAJAN S/O. VELAYUDHAN,INDEPENDENT,lost,425
Kannur,Kannur(2),VADI HAREENDRAN,INDEPENDENT,lost,343
Kannur,Kannur(2),NARAYANA KUMAR,INDEPENDENT,lost,308
Kannur,Kannur(2),C. BALAKRISHNAN YADAV,INDEPENDENT,lost,304
Kanpur,Kanpur(43),RAMESH AWASTHI,BHARATIYA JANATA PARTY,won,443055
Kanpur,Kanpur(43),ALOK MISRA,INDIAN NATIONAL CONGRESS,lost,422087
Kanpur,Kanpur(43),KULDEEP BHADAURIYA,BAHUJAN SAMAJ PARTY,lost,12032
Kanpur,Kanpur(43),NOTA,NONE OF THE ABOVE,nan,4117
Kanpur,Kanpur(43),ASHOK PASWAN ADVOCATE,SABHI JAN PARTY,lost,1974
Kanpur,Kanpur(43),ALOK MISHRA,INDEPENDENT,lost,1198
Kanpur,Kanpur(43),MANOJ KUMAR,INDEPENDENT,lost,778
Kanpur,Kanpur(43),AJAY KUMAR MISHRA,INDEPENDENT,lost,672
Kanpur,Kanpur(43),PRASHAST DHEER,ALL INDIA FORWARD BLOC,lost,465
Kanpur,Kanpur(43),ARVIND KUMAR SRIVASTAVA,INDEPENDENT,lost,398
Kanpur,Kanpur(43),SANJAY SINGH,"PROUTIST BLOC, INDIA",lost,350
Kanpur,Kanpur(43),VALENDRA KATIYAR,SOCIALIST UNITY CENTRE OF INDIA (COMMUNIST),lost,270
Kanthi,Kanthi(31),ADHIKARI SOUMENDU,BHARATIYA JANATA PARTY,won,763195
Kanthi,Kanthi(31),UTTAM BARIK SON OF LATE BIRENDRA BARIK,ALL INDIA TRINAMOOL CONGRESS,lost,715431
Kanthi,Kanthi(31),URBASI BANERJEE,INDIAN NATIONAL CONGRESS,lost,31122
Kanthi,Kanthi(31),NOTA,NONE OF THE ABOVE,nan,8134
Kanthi,Kanthi(31),BIDESH BASU MAITY,INDEPENDENT,lost,5654
Kanthi,Kanthi(31),MANAS PRADHAN,SOCIALIST UNITY CENTRE OF INDIA (COMMUNIST),lost,2529
Kanthi,Kanthi(31),UTTAM BARIK SON OF LATE NARAYAN BARIK,INDEPENDENT,lost,1998
Kanthi,Kanthi(31),MAKHAN LAL MAHAPATRA,BAHUJAN SAMAJ PARTY,lost,1804
Kanthi,Kanthi(31),MD AHAMADULLAH KHAN,INDEPENDENT,lost,586
Kanthi,Kanthi(31),ARJUN KUMAR MAITY,INDEPENDENT,lost,544
Karakat,Karakat(35),RAJA RAM SINGH,COMMUNIST PARTY OF INDIA (MARXIST-LENINIST) (LIBERATION),won,380581
Karakat,Karakat(35),PAWAN SINGH,INDEPENDENT,lost,274723
Karakat,Karakat(35),UPENDRA KUSHWAHA,RASHTRIYA LOK MORCHA,lost,253876
Karakat,Karakat(35),DHEERAJ KUMAR SINGH,BAHUJAN SAMAJ PARTY,lost,23657
Karakat,Karakat(35),NOTA,NONE OF THE ABOVE,nan,21595
Karakat,Karakat(35),RAJA RAM SINGH,INDEPENDENT,lost,21383
Karakat,Karakat(35),PRIYANKA PRASAD CHOUDHARY,ALL INDIA MAJLIS-E-ITTEHADUL MUSLIMEEN,lost,11006
Karakat,Karakat(35),AJEET KUMAR SINGH,PEOPLES PARTY OF INDIA (DEMOCRATIC),lost,9653
Karakat,Karakat(35),VIKASH VINAYAK,JAN JANWADI PARTY,lost,7664
Karakat,Karakat(35),INDRA RAJ ROUSHAN,INDEPENDENT,lost,6324
Karakat,Karakat(35),PRADEEP KUMAR JOSHI,RASHTRA SEWA DAL,lost,5919
Karakat,Karakat(35),AVADHESH PASAWAN,BHARATIYA AAM AWAM PARTY,lost,5585
Karakat,Karakat(35),RAJESHWAR PASWAN,AKHIL HIND FORWARD BLOC (KRANTIKARI),lost,5006
Karakat,Karakat(35),PRAYAG PASWAN,SOCIALIST UNITY CENTRE OF INDIA (COMMUNIST),lost,4646
Karimganj,Karimganj(7),KRIPANATH MALLAH,BHARATIYA JANATA PARTY,won,545093
Karimganj,Karimganj(7),HAFIZ RASHID AHMED CHOUDHURY,INDIAN NATIONAL CONGRESS,lost,526733
Karimganj,Karimganj(7),SAHABUL ISLAM CHOUDHURY,ALL INDIA UNITED DEMOCRATIC FRONT,lost,29205
Karimganj,Karimganj(7),JIBESH DEB,INDEPENDENT,lost,7109
Karimganj,Karimganj(7),DEBOJYOTI NATH,INDEPENDENT,lost,5907
Karimganj,Karimganj(7),AHAD UDDIN,RASHTRIYA ULAMA COUNCIL,lost,4192
Karimganj,Karimganj(7),BINAY KRISHNA ROY,INDEPENDENT,lost,3628
Karimganj,Karimganj(7),NOTA,NONE OF THE ABOVE,nan,2940
Karimganj,Karimganj(7),DILIP KUMAR,INDEPENDENT,lost,2630
Karimganj,Karimganj(7),ROSID AHMED LASKAR,INDEPENDENT,lost,2601
Karimganj,Karimganj(7),MUZAKKIR HASAN LASKAR,INDEPENDENT,lost,2291
Karimganj,Karimganj(7),ABDUL BASIT TAPADAR,INDEPENDENT,lost,1923
Karimganj,Karimganj(7),GOPAL CHANDRA PAUL,INDEPENDENT,lost,1657
Karimganj,Karimganj(7),MD. NAZRUL ISLAM LASKAR,INDEPENDENT,lost,1382
Karimganj,Karimganj(7),SAHEL AHMED,INDEPENDENT,lost,1111
Karimganj,Karimganj(7),ABDUL GOFFAR TALUKDAR,INDEPENDENT,lost,1095
Karimganj,Karimganj(7),SAFIKUR RAHMAN HAZARI,INDEPENDENT,lost,1031
Karimganj,Karimganj(7),PRAJJWAL SUDIP DEB,SOCIALIST UNITY CENTRE OF INDIA (COMMUNIST),lost,1001
Karimganj,Karimganj(7),ABDUL KALAM MAZUMDER,INDEPENDENT,lost,975
Karimganj,Karimganj(7),ALIM UDDIN MAZUMDER,INDEPENDENT,lost,882
Karimganj,Karimganj(7),ABDUL HAMEED,INDEPENDENT,lost,842
Karimganj,Karimganj(7),DEBASHISH GHOSH,BANGALI NABANIRMAN SENA,lost,817
Karimganj,Karimganj(7),RASHID AHMED CHOUDHURY,INDEPENDENT,lost,721
Karimganj,Karimganj(7),ABDUS SUBHAN TAPADAR,INDEPENDENT,lost,571
Karimganj,Karimganj(7),ROKIBUL HUSSAIN CHOUDHURY,INDEPENDENT,lost,545
Karimnagar,Karimnagar (3),BANDI SANJAY KUMAR,BHARATIYA JANATA PARTY,won,585116
Karimnagar,Karimnagar (3),VELCHALA RAJENDER RAO,INDIAN NATIONAL CONGRESS,lost,359907
Karimnagar,Karimnagar (3),VINOD KUMAR BOIANAPALLI,BHARAT RASHTRA SAMITHI,lost,282163
Karimnagar,Karimnagar (3),ABBADI BUCHI REDDY,INDEPENDENT,lost,11612
Karimnagar,Karimnagar (3),ARUNA THALLAPALLY,ALLIANCE OF DEMOCRATIC REFORMS PARTY,lost,9064
Karimnagar,Karimnagar (3),KOTA SHYAM KUMAR,INDEPENDENT,lost,8756
Karimnagar,Karimnagar (3),ANOSE KATKOORI,INDEPENDENT,lost,8706
Karimnagar,Karimnagar (3),MAREPALLI MOGILAIAH,BAHUJAN SAMAJ PARTY,lost,8109
Karimnagar,Karimnagar (3),NOTA,NONE OF THE ABOVE,nan,5438
Karimnagar,Karimnagar (3),RAJENDER POTHURI,INDEPENDENT,lost,3257
Karimnagar,Karimnagar (3),SRAVAN PEDDAPELLY,BHARATHIYA YUVAKULA DALAM,lost,3074
Karimnagar,Karimnagar (3),GADDA SATHISH,INDEPENDENT,lost,2945
Karimnagar,Karimnagar (3),ANILREDDY KADTHALA,NATIONAL NAVA KRANTHI PARTY,lost,2754
Karimnagar,Karimnagar (3),CHILUVERU SRIKANTH,DHARMA SAMAJ PARTY,lost,2586
Karimnagar,Karimnagar (3),AKSHAY KUMAR MEKALA,INDEPENDENT,lost,2224
Karimnagar,Karimnagar (3),JOURNALIST VIKRAM REDDY VEMULAA,INDEPENDENT,lost,2096
Karimnagar,Karimnagar (3),ASHOK PANCHIKA,SOCIAL JUSTICE PARTY OF INDIA,lost,1924
Karimnagar,Karimnagar (3),GAVVALA LAXMI,INDEPENDENT,lost,1744
Karimnagar,Karimnagar (3),GATTAIAH YADAV BARIGE,INDEPENDENT,lost,1694
Karimnagar,Karimnagar (3),RANAPRATAP GATTU,SOCIALIST PARTY (INDIA),lost,1613
Karimnagar,Karimnagar (3),GUDISHE MOHAN,INDEPENDENT,lost,1474
Karimnagar,Karimnagar (3),MANASA PERALA,INDEPENDENT,lost,1125
Karimnagar,Karimnagar (3),PODISHETTI SAMMAIAH,BAHUJAN MUKTI PARTY,lost,994
Karimnagar,Karimnagar (3),VENKATANARSAIAH DYAGALA @ DEGALA,INDEPENDENT,lost,928
Karimnagar,Karimnagar (3),SHIVARATRI SRINIVAS,INDEPENDENT,lost,889
Karimnagar,Karimnagar (3),CHINTHA ANILKUMAR,PYRAMID PARTY OF INDIA,lost,830
Karimnagar,Karimnagar (3),CHEEKOTI VARUN KUMAR GUPTA,TELUGU CONGRESS PARTY,lost,790
Karimnagar,Karimnagar (3),RAPOLE RAMKUMAR BHARADWAJ,INDEPENDENT,lost,575
Karimnagar,Karimnagar (3),DEVUNOORI SRINIVASU,INDEPENDENT,lost,465
Kasaragod,Kasaragod(1),RAJMOHAN UNNITHAN,INDIAN NATIONAL CONGRESS,won,490659
Kasaragod,Kasaragod(1),M.V BALAKRISHNAN MASTER,COMMUNIST PARTY OF INDIA (MARXIST),lost,390010
Kasaragod,Kasaragod(1),M.L ASHWINI,BHARATIYA JANATA PARTY,lost,219558
Kasaragod,Kasaragod(1),NOTA,NONE OF THE ABOVE,nan,7112
Kasaragod,Kasaragod(1),SUKUMARI M,BAHUJAN SAMAJ PARTY,lost,1612
Kasaragod,Kasaragod(1),RAJESWARI K.R,INDEPENDENT,lost,897
Kasaragod,Kasaragod(1),MANOHARAN K,INDEPENDENT,lost,804
Kasaragod,Kasaragod(1),ANEESH PAYYANNUR,INDEPENDENT,lost,759
Kasaragod,Kasaragod(1),BALAKRISHNAN N,INDEPENDENT,lost,628
Kasaragod,Kasaragod(1),N KESHAVA NAYAK,INDEPENDENT,lost,507
Katihar,Katihar(11),TARIQ ANWAR,INDIAN NATIONAL CONGRESS,won,567092
Katihar,Katihar(11),DULAL CHANDRA GOSWAMI,JANATA DAL (UNITED),lost,517229
Katihar,Katihar(11),NOTA,NONE OF THE ABOVE,nan,22939
Katihar,Katihar(11),GOPAL KUMAR MAHTO,BAHUJAN SAMAJ PARTY,lost,14498
Katihar,Katihar(11),GYANESHWAR SOREN,INDEPENDENT,lost,12317
Katihar,Katihar(11),KHALID MOBARAK,INDEPENDENT,lost,10871
Katihar,Katihar(11),RAJ KUMAR MANDAL,RASHTRIYA JANSAMBHAVNA PARTY,lost,8487
Katihar,Katihar(11),VISHNU SINGH,BHARAT JAGO JANTA PARTY,lost,6340
Katihar,Katihar(11),MARANG HANSADA,PEOPLES PARTY OF INDIA (DEMOCRATIC),lost,5889
Katihar,Katihar(11),BINDU KUMARI,SAMAJ SHAKTI PARTY,lost,5884
Kaushambi,Kaushambi(50),PUSHPENDRA SAROJ,SAMAJWADI PARTY,won,509787
Kaushambi,Kaushambi(50),VINOD KUMAR SONKAR,BHARATIYA JANATA PARTY,lost,405843
Kaushambi,Kaushambi(50),SHUBH NARAYAN,BAHUJAN SAMAJ PARTY,lost,55858
Kaushambi,Kaushambi(50),NOTA,NONE OF THE ABOVE,nan,12967
Kaushambi,Kaushambi(50),PUSHPENDRA KUMAR SAROJ,INDEPENDENT,lost,5184
Kaushambi,Kaushambi(50),NARENDRA KUMAR,APNA DAL (KAMERAWADI),lost,5131
Kaushambi,Kaushambi(50),SANJAY KUMAR,INDEPENDENT,lost,4634
Kaushambi,Kaushambi(50),RAJENDRA SONKAR URF PANNA BHAIYA,INDEPENDENT,lost,3421
Kaushambi,Kaushambi(50),PRADEEP KUMAR,INDEPENDENT,lost,2541
Kaushambi,Kaushambi(50),RAMESHWAR PRASAD,BHARTIYA SHAKTI CHETNA PARTY,lost,2013
Kaushambi,Kaushambi(50),RAM ASREY,MANAVTAWADI SAMAJ PARTY,lost,1950
Kaziranga,Kaziranga(10),KAMAKHYA PRASAD TASA,BHARATIYA JANATA PARTY,won,897043
Kaziranga,Kaziranga(10),ROSELINA TIRKEY,INDIAN NATIONAL CONGRESS,lost,648096
Kaziranga,Kaziranga(10),NOTA,NONE OF THE ABOVE,nan,24431
Kaziranga,Kaziranga(10),DILUWARA BEGUM CHOWDHURY,INDEPENDENT,lost,11743
Kaziranga,Kaziranga(10),BINOD GOGOI,INDEPENDENT,lost,10679
Kaziranga,Kaziranga(10),ANIMA DEKA GUPTA,VOTERS PARTY INTERNATIONAL,lost,8673
Kaziranga,Kaziranga(10),TRIDIV JYOTI BHUYAN,INDEPENDENT,lost,8128
Kaziranga,Kaziranga(10),ABDUL HOQUE,INDEPENDENT,lost,6441
Kaziranga,Kaziranga(10),JYOTISKA RANJAN GOSWAMI,INDEPENDENT,lost,4538
Kaziranga,Kaziranga(10),SAILEN CH MALAKAR,BHARATIYA GANA PARISHAD,lost,3720
Kaziranga,Kaziranga(10),SALIM AHMED,ASOM JANA MORCHA,lost,3266
Kaziranga,Kaziranga(10),SALEH AHMED MAZUMDAR,REPUBLICAN PARTY OF INDIA (ATHAWALE),lost,3179
Kendrapara,Kendrapara(15),BAIJAYANT PANDA,BHARATIYA JANATA PARTY,won,615705
Kendrapara,Kendrapara(15),ANSHUMAN MOHANTY,BIJU JANATA DAL,lost,549169
Kendrapara,Kendrapara(15),SIDHARTH SWARUP DASH,INDIAN NATIONAL CONGRESS,lost,94832
Kendrapara,Kendrapara(15),NOTA,NONE OF THE ABOVE,nan,5815
Kendrapara,Kendrapara(15),SOUBHAGYA KETAN SAMAL,SOCIALIST UNITY CENTRE OF INDIA (COMMUNIST),lost,3395
Kendrapara,Kendrapara(15),SEKHA SADIKA HOSEN,BAHUJAN SAMAJ PARTY,lost,1852
Kendrapara,Kendrapara(15),SUPRAVA DAS,AKHIL BHARTIYA PARIVAR PARTY,lost,1561
Kendrapara,Kendrapara(15),SRIRAM PANDEY,INDEPENDENT,lost,1399
Kendrapara,Kendrapara(15),SANTOSH KUMAR PATRA,INDEPENDENT,lost,1373
Kendrapara,Kendrapara(15),PRATAP CHANDRA MOHANTY,INDEPENDENT,lost,1095
Kendrapara,Kendrapara(15),PRANGYAN PRAKASH MOHAPATRA,ODISHA JANATA PARTY,lost,912
Keonjhar,Keonjhar(4),ANANTA NAYAK,BHARATIYA JANATA PARTY,won,573923
Keonjhar,Keonjhar(4),DHANURJAYA SIDU,BIJU JANATA DAL,lost,476881
Keonjhar,Keonjhar(4),BINOD BIHARI NAIK,INDIAN NATIONAL CONGRESS,lost,105278
Keonjhar,Keonjhar(4),JOHN MIRAN MUNDA,INDEPENDENT,lost,31736
Keonjhar,Keonjhar(4),NOTA,NONE OF THE ABOVE,nan,24763
Keonjhar,Keonjhar(4),SAHEBA JUANGA,MANAS LOKSHAKTI DAL,lost,11043
Keonjhar,Keonjhar(4),SUSHANT KUMAR NAIK,INDEPENDENT,lost,9044
Keonjhar,Keonjhar(4),LAMBODAR NAIK,INDEPENDENT,lost,6778
Keonjhar,Keonjhar(4),HARIHAR MUNDA,SOCIALIST UNITY CENTRE OF INDIA (COMMUNIST),lost,6574
Keonjhar,Keonjhar(4),RAGHUMANI NAIK,INDEPENDENT,lost,4556
Keonjhar,Keonjhar(4),RAM PRASAD HEMBRAM,BAHUJAN SAMAJ PARTY,lost,3895
Keonjhar,Keonjhar(4),PITABASA NAIK,AJSU PARTY,lost,2144
Khadoor Sahib,Khadoor Sahib(3),AMRITPAL SINGH,INDEPENDENT,won,404430
Khadoor Sahib,Khadoor Sahib(3),KULBIR SINGH ZIRA,INDIAN NATIONAL CONGRESS,lost,207310
Khadoor Sahib,Khadoor Sahib(3),LALJIT SINGH BHULLAR,AAM AADMI PARTY,lost,194836
Khadoor Sahib,Khadoor Sahib(3),VIRSA SINGH VALTOHA,SHIROMANI AKALI DAL,lost,86416
Khadoor Sahib,Khadoor Sahib(3),MANJIT SINGH MANNA,BHARATIYA JANATA PARTY,lost,86373
Khadoor Sahib,Khadoor Sahib(3),PARAMJIT SINGH,INDEPENDENT,lost,12525
Khadoor Sahib,Khadoor Sahib(3),CHAIN SINGH BAINKA,AAS PUNJAB PARTY,lost,6739
Khadoor Sahib,Khadoor Sahib(3),SATNAM SINGH,BAHUJAN SAMAJ PARTY,lost,5066
Khadoor Sahib,Khadoor Sahib(3),SARABJIT SINGH,INDEPENDENT,lost,4836
Khadoor Sahib,Khadoor Sahib(3),GURDIAL SINGH,COMMUNIST PARTY OF INDIA,lost,3952
Khadoor Sahib,Khadoor Sahib(3),NOTA,NONE OF THE ABOVE,nan,3452
Khadoor Sahib,Khadoor Sahib(3),ANOKH SINGH KATWAL,INDEPENDENT,lost,2769
Khadoor Sahib,Khadoor Sahib(3),GURPREET SINGH,INDEPENDENT,lost,2609
Khadoor Sahib,Khadoor Sahib(3),AJIT SINGH,INDEPENDENT,lost,2535
Khadoor Sahib,Khadoor Sahib(3),ARUN KUMAR,INDEPENDENT,lost,2525
Khadoor Sahib,Khadoor Sahib(3),SURJIT SINGH BHIKHIWIND,INDEPENDENT,lost,2371
Khadoor Sahib,Khadoor Sahib(3),KAWALJIT SINGH,INDEPENDENT,lost,2294
Khadoor Sahib,Khadoor Sahib(3),HARJINDER SINGH,INDEPENDENT,lost,1970
Khadoor Sahib,Khadoor Sahib(3),KANWALJIT SINGH,INDEPENDENT,lost,1901
Khadoor Sahib,Khadoor Sahib(3),PARMINDER SINGH,INDEPENDENT,lost,1803
Khadoor Sahib,Khadoor Sahib(3),JASWANT SINGH SOHAL,INDEPENDENT,lost,1639
Khadoor Sahib,Khadoor Sahib(3),LAKHBIR SINGH,INDEPENDENT,lost,1421
Khadoor Sahib,Khadoor Sahib(3),VIKRAMJIT SINGH,INDEPENDENT,lost,1420
Khadoor Sahib,Khadoor Sahib(3),VIJAY KUMAR,INDEPENDENT,lost,1388
Khadoor Sahib,Khadoor Sahib(3),DILBAGH SINGH,ALL INDIA MAZDOOR PARTY (RANGRETA),lost,1374
Khadoor Sahib,Khadoor Sahib(3),SIMRANJEET SINGH,INDEPENDENT,lost,1341
Khadoor Sahib,Khadoor Sahib(3),MAHINDER SINGH HAMIRA,INDEPENDENT,lost,1046
Khadoor Sahib,Khadoor Sahib(3),NAVEEN KUMAR SHARMA,SANJHI VIRASAT PARTY,lost,824
Khagaria,Khagaria(25),RAJESH VERMA,LOK JANSHAKTI PARTY(RAM VILAS),won,538657
Khagaria,Khagaria(25),SANJAY KUMAR,COMMUNIST PARTY OF INDIA (MARXIST),lost,377526
Khagaria,Khagaria(25),NOTA,NONE OF THE ABOVE,nan,31111
Khagaria,Khagaria(25),RUPAM DEVI,INDEPENDENT,lost,27395
Khagaria,Khagaria(25),SONU KUMAR,INDEPENDENT,lost,24483
Khagaria,Khagaria(25),PINKESH KUMAR,RASHTRIYA JAN KALYAN PARTY SECULAR,lost,19495
Khagaria,Khagaria(25),DR RAVI KUMAR,BAHUJAN SAMAJ PARTY,lost,14053
Khagaria,Khagaria(25),AJAY KUMAR,RASHTRIYA JANSAMBHAVNA PARTY,lost,8310
Khagaria,Khagaria(25),PRIYADARSHEE DINKAR,INDEPENDENT,lost,7904
Khagaria,Khagaria(25),DINANATH CHANDRAVANSHI,INDEPENDENT,lost,6162
Khagaria,Khagaria(25),CHANDRA KISHOR THAKUR,AAM JANTA PARTY RASHTRIYA,lost,2849
Khagaria,Khagaria(25),ASIF IMAM,AADARSH MITHILA PARTY,lost,2443
Khagaria,Khagaria(25),KANCHAN MALA,HINDUSTAN PEOPLE'S PARTY (DEMOCRATIC),lost,1506
Khammam,Khammam (17),RAMASAHAYAM RAGHURAM REDDY,INDIAN NATIONAL CONGRESS,won,766929
Khammam,Khammam (17),NAMA NAGESWARA RAO,BHARAT RASHTRA SAMITHI,lost,299082
Khammam,Khammam (17),VINOD RAO TANDRA,BHARATIYA JANATA PARTY,lost,118636
Khammam,Khammam (17),NOTA,NONE OF THE ABOVE,nan,6782
Khammam,Khammam (17),VASAM RAMAKRISHNA DORA,INDEPENDENT,lost,6215
Khammam,Khammam (17),ADVOCATE YERRA KAAMESH,BAHUJAN SAMAJ PARTY,lost,6101
Khammam,Khammam (17),ULLENGALA YADAGIRI,INDEPENDENT,lost,6064
Khammam,Khammam (17),KUKKALA NAGAIAH,ALLIANCE OF DEMOCRATIC REFORMS PARTY,lost,5743
Khammam,Khammam (17),KATUKOJWALA NAGESWAR RAO,INDEPENDENT,lost,4114
Khammam,Khammam (17),CHILAKABATHINI STALIN,INDEPENDENT,lost,3113
Khammam,Khammam (17),SHAIK BAJI BABA,INDEPENDENT,lost,2424
Khammam,Khammam (17),KASIMALLA NAGESWARA RAO,INDEPENDENT,lost,2237
Khammam,Khammam (17),BANDARU NAGARAJU,INDEPENDENT,lost,2122
Khammam,Khammam (17),SHAIK KHALEEL PASHA,INDEPENDENT,lost,2028
Khammam,Khammam (17),EDURUGATLA CHITTI MALLU,INDEPENDENT,lost,1854
Khammam,Khammam (17),GANGIREDDY KOTI REDDY,INDEPENDENT,lost,1790
Khammam,Khammam (17),SHAIK SIRAJUDDIN,INDEPENDENT,lost,1663
Khammam,Khammam (17),SHAIK AJJULU,INDEPENDENT,lost,1342
Khammam,Khammam (17),KOPPULA SRINIVASA RAO,JAIBHIM RAO BHARAT PARTY,lost,1273
Khammam,Khammam (17),MADDISETTY YERRAPPA @ AJAY,INDEPENDENT,lost,1053
Khammam,Khammam (17),SHAIK MOHMED RASOOL,INDEPENDENT,lost,1022
Khammam,Khammam (17),LINGALA RAVI KUMAR,INDEPENDENT,lost,1018
Khammam,Khammam (17),AVUTAPALLI RAMBABU,INDEPENDENT,lost,950
Khammam,Khammam (17),TEJAVATH JOGRAM NAIK,INDEPENDENT,lost,919
Khammam,Khammam (17),ANWAR RAICE,SOCIALIST PARTY (INDIA),lost,754
Khammam,Khammam (17),ANANDA PRASAD KASINA,PYRAMID PARTY OF INDIA,lost,718
Khammam,Khammam (17),LINGAIAH DANDA,INDEPENDENT,lost,700
Khammam,Khammam (17),ANIL KUMAR MADDINENI,INDEPENDENT,lost,693
Khammam,Khammam (17),PAPETLA RAMAMURTHY,SAKALA JANULA PARTY,lost,661
Khammam,Khammam (17),ANTHONI SURESH,BAHUJANA LEFT PARTY,lost,616
Khammam,Khammam (17),M. RAVI CHANDAR CHOWHAN,INDEPENDENT,lost,601
Khammam,Khammam (17),THAMBALLA RAVI,INDEPENDENT,lost,508
Khammam,Khammam (17),BHATTU SRINIVAS,JAI BHARAT NATIONAL PARTY,lost,476
Khammam,Khammam (17),NAGESWARA RAO LAKAVATH,INDEPENDENT,lost,368
Khammam,Khammam (17),MALAMPATI SURYANARAYANA,INDEPENDENT,lost,363
Khammam,Khammam (17),MUTYAM ARJUNA RAJU,INDEPENDENT,lost,351
Kheda,Kheda(17),DEVUSINH CHAUHAN,BHARATIYA JANATA PARTY,won,744435
Kheda,Kheda(17),KALUSINH DABHI,INDIAN NATIONAL CONGRESS,lost,386677
Kheda,Kheda(17),NOTA,NONE OF THE ABOVE,nan,18824
Kheda,Kheda(17),BHAILALBHAI KALUBHAI PANDAV,BAHUJAN SAMAJ PARTY,lost,6152
Kheda,Kheda(17),SODHA SANJAYKUMAR PARVATSINH,INDEPENDENT,lost,6139
Kheda,Kheda(17),PARMAR HITESHKUMAR PARSOTTAMBHAI,INDEPENDENT,lost,2741
Kheda,Kheda(17),UPENDRAKUMAR VALLAVBHAI PATEL,INDEPENDENT,lost,2715
Kheda,Kheda(17),PATEL ANILKUMAR BHAILALBHAI,RASHTRIYA MAHASWARAJ BHUMI PARTY,lost,2523
Kheda,Kheda(17),SAIYAD KADARI MOHAMMAD SABIR ANVAR HUSAIN,BHARTIYA JAN NAYAK PARTY,lost,1838
Kheda,Kheda(17),INDIRADEVI HIRALAL VORA,GARIB KALYAN PARTY,lost,1135
Kheda,Kheda(17),KAMLESHBHAI POPATBHAI PATEL,BHARTIYA JAN PARISHAD,lost,949
Kheda,Kheda(17),IMRANBHAI VANKAWALA,RIGHT TO RECALL PARTY,lost,928
Kheda,Kheda(17),KANTIYA DASRATH HARJIVANBHAI,NEW INDIA UNITED PARTY,lost,792
Kheri,Kheri(28),UTKARSH VERMA 'MADHUR',SAMAJWADI PARTY,won,557365
Kheri,Kheri(28),AJAY KUMAR,BHARATIYA JANATA PARTY,lost,523036
Kheri,Kheri(28),ANSHAY KALRA,BAHUJAN SAMAJ PARTY,lost,110460
Kheri,Kheri(28),NOTA,NONE OF THE ABOVE,nan,7931
Kheri,Kheri(28),SANDHYA JAISWAL,PARIVARTAN SAMAJ PARTY,lost,3096
Kheri,Kheri(28),SATENDRA KUMAR MAURYA,INDEPENDENT,lost,2982
Kheri,Kheri(28),OM NATH SINGH,RASHTRIYA SHOSHIT SAMAJ PARTY,lost,2300
Kheri,Kheri(28),NARESH SINGH BHADAURIYA,INDEPENDENT,lost,2111
Kheri,Kheri(28),MUKESH KUMAR (BHARTI),RASHTRIYA VIKALP PARTY,lost,1269
Kheri,Kheri(28),KHANJAN,NETAJI SUBHASH CHANDER BOSE RASHTRIYA AZAD PARTY,lost,1019
Kheri,Kheri(28),DARWARI URF DARWARI LAL CHAUHAN,JANTA KRANTI PARTY,lost,936
Kheri,Kheri(28),KM. PANCHSHEELA ANAND,UTTAR PRADESH REPUBLICAN PARTY,lost,854
Khunti,Khunti(11),KALI CHARAN MUNDA,INDIAN NATIONAL CONGRESS,won,511647
Khunti,Khunti(11),ARJUN MUNDA,BHARATIYA JANATA PARTY,lost,361972
Khunti,Khunti(11),NOTA,NONE OF THE ABOVE,nan,21919
Khunti,Khunti(11),SAVITRI DEVI,BAHUJAN SAMAJ PARTY,lost,12300
Khunti,Khunti(11),BASANT KUMAR LONGA,INDEPENDENT,lost,10755
Khunti,Khunti(11),ARPANA HANS,JHARKHAND PARTY,lost,8532
Khunti,Khunti(11),PASTAR SANJAY KUMAR TIRKEY,INDEPENDENT,lost,4963
Khunti,Khunti(11),BABITA KACHHAP,BHARAT ADIVASI PARTY,lost,4594
Kishanganj,Kishanganj(10),MOHAMMAD JAWED,INDIAN NATIONAL CONGRESS,won,402850
Kishanganj,Kishanganj(10),MUJAHID ALAM,JANATA DAL (UNITED),lost,343158
Kishanganj,Kishanganj(10),AKHTARUL IMAN,ALL INDIA MAJLIS-E-ITTEHADUL MUSLIMEEN,lost,309264
Kishanganj,Kishanganj(10),NOTA,NONE OF THE ABOVE,nan,24966
Kishanganj,Kishanganj(10),BIDESHI RISHIDEV,INDEPENDENT,lost,11818
Kishanganj,Kishanganj(10),VISHWANATH TUDU,INDEPENDENT,lost,11302
Kishanganj,Kishanganj(10),MD GUFRAN JAMALI,INDEPENDENT,lost,9993
Kishanganj,Kishanganj(10),HASIRUL,INDEPENDENT,lost,9524
Kishanganj,Kishanganj(10),BABUL ALAM,BAHUJAN SAMAJ PARTY,lost,7579
Kishanganj,Kishanganj(10),RAVI KUMAR ROY,INDEPENDENT,lost,7302
Kishanganj,Kishanganj(10),SHAHABUZZAMA BHARTIYA,RASHTRIYA SAMAJ PAKSHA,lost,6055
Kishanganj,Kishanganj(10),CHHOTE LAL MAHTO,INDEPENDENT,lost,3763
Kishanganj,Kishanganj(10),MOHAMMAD KAUSAR PERWEZ,INDEPENDENT,lost,3525
Kodarma,Kodarma(5),ANNPURNA DEVI,BHARATIYA JANATA PARTY,won,791657
Kodarma,Kodarma(5),VINOD KUMAR SINGH,COMMUNIST PARTY OF INDIA (MARXIST-LENINIST) (LIBERATION),lost,414643
Kodarma,Kodarma(5),NOTA,NONE OF THE ABOVE,nan,42152
Kodarma,Kodarma(5),MANOJ KUMAR,INDEPENDENT,lost,28612
Kodarma,Kodarma(5),JAI PRAKASH VERMA,INDEPENDENT,lost,23223
Kodarma,Kodarma(5),SITAN RABIDAS,BAHUJAN SAMAJ PARTY,lost,13174
Kodarma,Kodarma(5),SURENDRA KUMAR AGRAWAL,INDEPENDENT,lost,9656
Kodarma,Kodarma(5),SAHADAT ANSARI,INDEPENDENT,lost,8232
Kodarma,Kodarma(5),JAYNARAYAN DAS,BAHUJAN MUKTI PARTY,lost,6738
Kodarma,Kodarma(5),AKLESHWAR SAW,LOKHIT ADHIKAR PARTY,lost,5601
Kodarma,Kodarma(5),JITLAL KISKU,INDEPENDENT,lost,5333
Kodarma,Kodarma(5),MD. SAGIR,INDEPENDENT,lost,5044
Kodarma,Kodarma(5),AJAY KRISHNA,MOOLNIWASI SAMAJ PARTY,lost,4541
Kodarma,Kodarma(5),RAJESH,INDEPENDENT,lost,4233
Kodarma,Kodarma(5),RAMESHWAR PRASAD YADAV,INDEPENDENT,lost,4229
Kodarma,Kodarma(5),ASHISH KUMAR,RIGHT TO RECALL PARTY,lost,2896
Kokrajhar,Kokrajhar (1),JOYANTA BASUMATARY,"UNITED PEOPLE’S PARTY, LIBERAL",won,488995
Kokrajhar,Kokrajhar (1),KAMPA BORGOYARI,BODOLAND PEOPLES FRONT,lost,437412
Kokrajhar,Kokrajhar (1),GARJAN MASHAHARY,INDIAN NATIONAL CONGRESS,lost,113736
Kokrajhar,Kokrajhar (1),BINITA DEKA,GANA SURAKSHA PARTY,lost,94189
Kokrajhar,Kokrajhar (1),PRITHVIRAJ NARAYAN DEV MECH,INDEPENDENT,lost,33737
Kokrajhar,Kokrajhar (1),GAURI SANKAR SARANIA,ALL INDIA TRINAMOOL CONGRESS,lost,23519
Kokrajhar,Kokrajhar (1),NOTA,NONE OF THE ABOVE,nan,13912
Kokrajhar,Kokrajhar (1),RANJAY KR BRAHMA,INDEPENDENT,lost,8830
Kokrajhar,Kokrajhar (1),LALIT PEGU,VOTERS PARTY INTERNATIONAL,lost,7932
Kokrajhar,Kokrajhar (1),JYOTISH KUMAR DAS,INDEPENDENT,lost,6106
Kokrajhar,Kokrajhar (1),TRIPTINA RABHA,INDEPENDENT,lost,4540
Kokrajhar,Kokrajhar (1),PANKAJ ISLARY,INDEPENDENT,lost,4508
Kokrajhar,Kokrajhar (1),AJOY NARZARY,INDEPENDENT,lost,4080
Kolar,Kolar(28),M. MALLESH BABU,JANATA DAL (SECULAR),won,691481
Kolar,Kolar(28),K V GOWTHAM,INDIAN NATIONAL CONGRESS,lost,620093
Kolar,Kolar(28),SUMAN H N,INDEPENDENT,lost,6487
Kolar,Kolar(28),HOLUR SRINIVASA,INDEPENDENT,lost,6163
Kolar,Kolar(28),NOTA,NONE OF THE ABOVE,nan,5831
Kolar,Kolar(28),S B SURESHA,BAHUJAN SAMAJ PARTY,lost,4732
Kolar,Kolar(28),K R DEVARAJA,DELHI JANTA PARTY,lost,4597
Kolar,Kolar(28),DR M. VENKATASWAMY,INDEPENDENT,lost,3354
Kolar,Kolar(28),R RANJITHKUMAR,INDEPENDENT,lost,2118
Kolar,Kolar(28),S N NARAYANASWAMY V,INDEPENDENT,lost,1985
Kolar,Kolar(28),D GOPALAKRISHNA,SOCIALIST PARTY (INDIA),lost,1669
Kolar,Kolar(28),DEVARAJA A ALUSURUDINNE,UTTAMA PRAJAAKEEYA PARTY,lost,1354
Kolar,Kolar(28),M S BADARINARAYANA,INDEPENDENT,lost,1116
Kolar,Kolar(28),MAHESH A V,KARNATAKA RASHTRA SAMITHI,lost,1065
Kolar,Kolar(28),THIMMARAYAPPA,REPUBLICAN PARTY OF INDIA (KARNATAKA),lost,864
Kolar,Kolar(28),R RAJENDRA,INDEPENDENT,lost,751
Kolar,Kolar(28),M MUNIGANGAPPA,INDEPENDENT,lost,604
Kolar,Kolar(28),M C HALLI VENU,VIDUTHALAI CHIRUTHAIGAL KATCHI,lost,521
Kolar,Kolar(28),KRISHNAIAH N,INDEPENDENT,lost,443
Kolhapur,Kolhapur(47),CHHATRAPATI SHAHU SHAHAJI,INDIAN NATIONAL CONGRESS,won,754522
Kolhapur,Kolhapur(47),SANJAY SADASHIVRAO MANDLIK,SHIV SENA,lost,599558
Kolhapur,Kolhapur(47),NOTA,NONE OF THE ABOVE,nan,5983
Kolhapur,Kolhapur(47),SANJAY BHIKAJI MAGADE,BAHUJAN SAMAJ PARTY,lost,4002
Kolhapur,Kolhapur(47),MUSHTAK AJIJ MULLA,INDEPENDENT,lost,3824
Kolhapur,Kolhapur(47),KHADE BAJIRAO NANASO,INDEPENDENT,lost,3512
Kolhapur,Kolhapur(47),MADHURI RAJU JADHAV,INDEPENDENT,lost,3508
Kolhapur,Kolhapur(47),KRUSHNABAI DIPAK CHOUGALE,INDEPENDENT,lost,3063
Kolhapur,Kolhapur(47),KOGALE SANDEEP BHAIRAVNATH,DESH JANHIT PARTY,lost,2975
Kolhapur,Kolhapur(47),ADV. YASH SUHAS HEGDEPATIL,INDEPENDENT,lost,2459
Kolhapur,Kolhapur(47),NAGNATH PUNDALIK BENAKE,INDEPENDENT,lost,1227
Kolhapur,Kolhapur(47),B. T. PATIL (EX SERVICEMAN),BHARATHEEYA JAWAN KISAN PARTY,lost,1107
Kolhapur,Kolhapur(47),RAJANDARA BALASO KOLI,INDEPENDENT,lost,1044
Kolhapur,Kolhapur(47),SUBHASH VAIJU DESAI,INDEPENDENT,lost,849
Kolhapur,Kolhapur(47),MANGESH JAYSINGH PATIL,INDEPENDENT,lost,653
Kolhapur,Kolhapur(47),SHASHIBHUSHAN JEEVANRAO DESAI,AKHIL BHARAT HINDU MAHASABHA,lost,651
Kolhapur,Kolhapur(47),SANTOSH GANPATI BISURE,APNI PRAJAHIT PARTY,lost,639
Kolhapur,Kolhapur(47),DR. SUNIL NAMDEV PATIL,NATIONAL BLACK PANTHER PARTY,lost,633
Kolhapur,Kolhapur(47),KRUSHNA HANMANT DESAI,INDEPENDENT,lost,604
Kolhapur,Kolhapur(47),IRFAN ABUTALIB CHAND,INDEPENDENT,lost,597
Kolhapur,Kolhapur(47),MANE ARVIND BHIVA,BHARTIYA RASHTRIYA DAL,lost,570
Kolhapur,Kolhapur(47),SANDEEP GUNDOPANT SANKPAL,INDEPENDENT,lost,544
Kolhapur,Kolhapur(47),KUDARTULLA ADAM LATIF,INDEPENDENT,lost,467
Kolhapur,Kolhapur(47),SALIM NURMUHAMAD BAGWAN,INDEPENDENT,lost,335
Kolkata Dakshin,Kolkata Dakshin(23),MALA ROY,ALL INDIA TRINAMOOL CONGRESS,won,615274
Kolkata Dakshin,Kolkata Dakshin(23),DEBASREE CHAUDHURI,BHARATIYA JANATA PARTY,lost,428043
Kolkata Dakshin,Kolkata Dakshin(23),SAIRA SHAH HALIM,COMMUNIST PARTY OF INDIA (MARXIST),lost,168531
Kolkata Dakshin,Kolkata Dakshin(23),NOTA,NONE OF THE ABOVE,nan,6423
Kolkata Dakshin,Kolkata Dakshin(23),NIRAJ AGARWAL,INDEPENDENT,lost,4032
Kolkata Dakshin,Kolkata Dakshin(23),FIROZA KHATUN,BAHUJAN SAMAJ PARTY,lost,3975
Kolkata Dakshin,Kolkata Dakshin(23),SANTANU ROY,INDEPENDENT,lost,2920
Kolkata Dakshin,Kolkata Dakshin(23),ZUBAIR RABBANI,SOCIALIST UNITY CENTRE OF INDIA (COMMUNIST),lost,2300
Kolkata Dakshin,Kolkata Dakshin(23),SUSANTA MONDAL,INDEPENDENT,lost,2091
Kolkata Dakshin,Kolkata Dakshin(23),MUMTAZ ALI,INDEPENDENT,lost,1969
Kolkata Dakshin,Kolkata Dakshin(23),MUKTI,RIGHT TO RECALL PARTY,lost,1544
Kolkata Dakshin,Kolkata Dakshin(23),SANJOY (RANA) CHANDA,KISAN MAZDOOR SANGHARSH PARTY,lost,1193
Kolkata Dakshin,Kolkata Dakshin(23),SANJANA RAM,INDEPENDENT,lost,1056
Kolkata Dakshin,Kolkata Dakshin(23),YASMIN ISLAM,SOCIAL DEMOCRATIC PARTY OF INDIA,lost,985
Kolkata Dakshin,Kolkata Dakshin(23),ATANU DAS,INDEPENDENT,lost,971
Kolkata Dakshin,Kolkata Dakshin(23),MRIDUL OJHA,INDEPENDENT,lost,862
Kolkata Dakshin,Kolkata Dakshin(23),DIPENDU HAZRA,INDEPENDENT,lost,804
Kolkata Dakshin,Kolkata Dakshin(23),MD. SHAKIL WARSI,INDEPENDENT,lost,504
Kolkata Uttar,Kolkata Uttar(24),BANDYOPADHYAY SUDIP,ALL INDIA TRINAMOOL CONGRESS,won,454696
Kolkata Uttar,Kolkata Uttar(24),TAPAS ROY,BHARATIYA JANATA PARTY,lost,362136
Kolkata Uttar,Kolkata Uttar(24),PRADIP BHATTACHARYA,INDIAN NATIONAL CONGRESS,lost,114982
Kolkata Uttar,Kolkata Uttar(24),NOTA,NONE OF THE ABOVE,nan,10044
Kolkata Uttar,Kolkata Uttar(24),DR. BIPLAB CHANDRA,SOCIALIST UNITY CENTRE OF INDIA (COMMUNIST),lost,3658
Kolkata Uttar,Kolkata Uttar(24),OMPRAKASH PRAJAPATI,BAHUJAN SAMAJ PARTY,lost,3180
Kolkata Uttar,Kolkata Uttar(24),PRANATI PAUL,INDEPENDENT,lost,2272
Kolkata Uttar,Kolkata Uttar(24),SURENDRA KUMAR KABRA,INDEPENDENT,lost,1322
Kolkata Uttar,Kolkata Uttar(24),SWAPAN DAS,INDEPENDENT,lost,1166
Kolkata Uttar,Kolkata Uttar(24),MISBAHUS SALAM,INDEPENDENT,lost,981
Kolkata Uttar,Kolkata Uttar(24),SAMPA GUHA,BHARATIYA NYAY-ADHIKAR RAKSHA PARTY,lost,916
Kolkata Uttar,Kolkata Uttar(24),RAJKUMAR PALIT,MISSION NAYA DIGANT PARTY,lost,772
Kolkata Uttar,Kolkata Uttar(24),SMT. RINKU GUPTA,PYRAMID PARTY OF INDIA,lost,659
Kolkata Uttar,Kolkata Uttar(24),AMAL KUMAR DEY,INDEPENDENT,lost,591
Kolkata Uttar,Kolkata Uttar(24),ANUJIT KUMAR NAN,INDEPENDENT,lost,557
Kolkata Uttar,Kolkata Uttar(24),BINOY KRISHNA CHATTERJEE,INDEPENDENT,lost,501
Kollam,Kollam(18),N K PREMACHANDRAN,REVOLUTIONARY SOCIALIST PARTY,won,443628
Kollam,Kollam(18),M MUKESH,COMMUNIST PARTY OF INDIA (MARXIST),lost,293326
Kollam,Kollam(18),KRISHNAKUMAR G,BHARATIYA JANATA PARTY,lost,163210
Kollam,Kollam(18),NOTA,NONE OF THE ABOVE,nan,6546
Kollam,Kollam(18),VIPINLAL VIDHYADHARAN,BAHUJAN SAMAJ PARTY,lost,2194
Kollam,Kollam(18),PREMACHANDRAN NAIR,INDEPENDENT,lost,1734
Kollam,Kollam(18),GOKULAM SURESH KUMAR,INDEPENDENT,lost,1374
Kollam,Kollam(18),PRADEEP KOTTARAKKARA,BHARATHEEYA JAWAN KISAN PARTY,lost,835
Kollam,Kollam(18),TWINKLE PRABHAKARAN,SOCIALIST UNITY CENTRE OF INDIA (COMMUNIST),lost,708
Kollam,Kollam(18),BRO NOUSHAD SHERIFF J,INDEPENDENT,lost,579
Kollam,Kollam(18),JOSE SARANATH,AMBEDKARITE PARTY OF INDIA,lost,559
Kollam,Kollam(18),P KRISHNAMMAL,MARXIST COMMUNIST PARTY OF INDIA (UNITED),lost,549
Kollam,Kollam(18),N JAYARAJAN,INDEPENDENT,lost,449
Koppal,Koppal(8),K. RAJASHEKAR BASAVARAJ HITNAL,INDIAN NATIONAL CONGRESS,won,663511
Koppal,Koppal(8),DR . BASAVARAJ. K. SHARANAPPA,BHARATIYA JANATA PARTY,lost,617154
Koppal,Koppal(8),MALLIKARJUN HADAPAD,INDEPENDENT,lost,7314
Koppal,Koppal(8),SHANKARA,BAHUJAN SAMAJ PARTY,lost,7043
Koppal,Koppal(8),KARADI BASAVARAJ,INDEPENDENT,lost,5877
Koppal,Koppal(8),RUKMINI,INDEPENDENT,lost,5282
Koppal,Koppal(8),SURESH. GOUDA MUNDINAMANE,INDEPENDENT,lost,4642
Koppal,Koppal(8),NOTA,NONE OF THE ABOVE,nan,3519
Koppal,Koppal(8),NAGARAJ KALAL,INDEPENDENT,lost,1994
Koppal,Koppal(8),KALAPPA YACHRAPPA BADIGER VISHWAKARMA,INDEPENDENT,lost,1982
Koppal,Koppal(8),PA.YA. GANESH,INDEPENDENT,lost,1895
Koppal,Koppal(8),HANAMESH . S . H. SHAKHAPUR,INDEPENDENT,lost,1248
Koppal,Koppal(8),KAREEMPASHA GACHCHINMANI.,INDEPENDENT,lost,1238
Koppal,Koppal(8),ANNOJI RAO. G,SARVA JANATA PARTY,lost,1117
Koppal,Koppal(8),SHARANAPPA,SOCIALIST UNITY CENTRE OF INDIA (COMMUNIST),lost,1106
Koppal,Koppal(8),NIRUPADI K GOMARSI,KARNATAKA RASHTRA SAMITHI,lost,900
Koppal,Koppal(8),RAMZANBEE,ALL INDIA ULAMA CONGRESS,lost,806
Koppal,Koppal(8),D DURGA PRASAD BYATARAYANAJI,CHALLENGERS PARTY,lost,799
Koppal,Koppal(8),C. SHARANA BASAPPA,REPUBLICAN PARTY OF INDIA (KARNATAKA),lost,776
Koppal,Koppal(8),IMAMSAB JANGLISAB MULLA,INDEPENDENT,lost,733
Koraput,Koraput(21),SAPTAGIRI SANKAR ULAKA,INDIAN NATIONAL CONGRESS,won,471393
Koraput,Koraput(21),KAUSALYA HIKAKA,BIJU JANATA DAL,lost,323649
Koraput,Koraput(21),KALIRAM MAJHI,BHARATIYA JANATA PARTY,lost,232514
Koraput,Koraput(21),NOTA,NONE OF THE ABOVE,nan,37131
Koraput,Koraput(21),DAMINI JANI,BAHUJAN SAMAJ PARTY,lost,15427
Koraput,Koraput(21),PRAKASH HIKAKA,COMMUNIST PARTY OF INDIA (MARXIST-LENINIST) (LIBERATION),lost,14852
Koraput,Koraput(21),LASU HANTAL,INDEPENDENT,lost,14373
Koraput,Koraput(21),RAGHUMANI GOMANGO,INDEPENDENT,lost,10540
Koraput,Koraput(21),ABINASH GOMANGO,INDEPENDENT,lost,10274
Koraput,Koraput(21),SUMAN KANTA,NABA BHARATA NIRMANA SEVA PARTY,lost,8396
Koraput,Koraput(21),SANTOSH KUMAR BIDIKA,REPUBLICAN PARTY OF INDIA (A),lost,5415
Koraput,Koraput(21),PRAMILA PUJARI,SOCIALIST UNITY CENTRE OF INDIA (COMMUNIST),lost,4878
Kottayam,Kottayam(14),ADV K FRANCIS GEORGE,KERALA CONGRESS,won,364631
Kottayam,Kottayam(14),THOMAS CHAZHIKADAN,KERALA CONGRESS (M),lost,277365
Kottayam,Kottayam(14),THUSHAR VELLAPPALLY,BHARATH DHARMA JANA SENA,lost,165046
Kottayam,Kottayam(14),NOTA,NONE OF THE ABOVE,nan,11933
Kottayam,Kottayam(14),VIJU CHERIAN,BAHUJAN SAMAJ PARTY,lost,7223
Kottayam,Kottayam(14),P O PETER,SAMAJWADI JAN PARISHAD,lost,1637
Kottayam,Kottayam(14),V P KOCHUMON,SOCIALIST UNITY CENTRE OF INDIA (COMMUNIST),lost,1595
Kottayam,Kottayam(14),JOSSIN K JOSEPH,INDEPENDENT,lost,1489
Kottayam,Kottayam(14),CHANDRABOSE P,INDEPENDENT,lost,1087
Kottayam,Kottayam(14),M M SCARIA,INDEPENDENT,lost,927
Kottayam,Kottayam(14),JOEMON JOSEPH SRAMPICKAL A P J JUMAN V S,INDEPENDENT,lost,893
Kottayam,Kottayam(14),ROBY MATTAPPALLY,INDEPENDENT,lost,739
Kottayam,Kottayam(14),SANTHOSH PULICKAL,INDEPENDENT,lost,710
Kottayam,Kottayam(14),SUNIL ALANCHERIL,INDEPENDENT,lost,527
Kottayam,Kottayam(14),MAN HOUSE MANMADHAN,INDEPENDENT,lost,421
Kozhikode,Kozhikode(5),M. K. RAGHAVAN,INDIAN NATIONAL CONGRESS,won,520421
Kozhikode,Kozhikode(5),ELAMARAM KAREEM,COMMUNIST PARTY OF INDIA (MARXIST),lost,374245
Kozhikode,Kozhikode(5),M. T. RAMESH,BHARATIYA JANATA PARTY,lost,180666
Kozhikode,Kozhikode(5),NOTA,NONE OF THE ABOVE,nan,6316
Kozhikode,Kozhikode(5),ARAMUKHAN,BAHUJAN SAMAJ PARTY,lost,1715
Kozhikode,Kozhikode(5),ARAVINDAKSHAN NAIR M. K.,BHARATHEEYA JAWAN KISAN PARTY,lost,1305
Kozhikode,Kozhikode(5),RAGHAVAN S/O NARAYANAN NAIR,INDEPENDENT,lost,1096
Kozhikode,Kozhikode(5),T. RAGHAVAN S/O VELLANKUTTY,INDEPENDENT,lost,1018
Kozhikode,Kozhikode(5),N. RAGHAVAN S/O DAMU,INDEPENDENT,lost,782
Kozhikode,Kozhikode(5),SUBHA,INDEPENDENT,lost,712
Kozhikode,Kozhikode(5),DR. M. JYOTHIRAJ,SOCIALIST UNITY CENTRE OF INDIA (COMMUNIST),lost,653
Kozhikode,Kozhikode(5),ABDUL KAREEM S/O MAHAMMOOD,INDEPENDENT,lost,541
Kozhikode,Kozhikode(5),ABDUL KAREEM K. S/O ASSAIN,INDEPENDENT,lost,293
Kozhikode,Kozhikode(5),ABDUL KAREEM S/O AYAMMATH KUTTY,INDEPENDENT,lost,287
Krishnanagar,Krishnanagar(12),MAHUA MOITRA,ALL INDIA TRINAMOOL CONGRESS,won,628789
Krishnanagar,Krishnanagar(12),AMRITA ROY,BHARATIYA JANATA PARTY,lost,572084
Krishnanagar,Krishnanagar(12),S.M. SADI,COMMUNIST PARTY OF INDIA (MARXIST),lost,180201
Krishnanagar,Krishnanagar(12),SANJIT BISWAS,INDEPENDENT,lost,8671
Krishnanagar,Krishnanagar(12),NOTA,NONE OF THE ABOVE,nan,6811
Krishnanagar,Krishnanagar(12),AMAL CHANDRA SARKAR,BAHUJAN SAMAJ PARTY,lost,5100
Krishnanagar,Krishnanagar(12),NEMAI BISWAS,INDEPENDENT,lost,5069
Krishnanagar,Krishnanagar(12),SOURAV HELA,INDEPENDENT,lost,5065
Krishnanagar,Krishnanagar(12),AFROJA KHATUN MONDAL,ALL INDIA SECULAR FRONT,lost,4298
Krishnanagar,Krishnanagar(12),ISMAT ARA MONDAL,SOCIALIST UNITY CENTRE OF INDIA (COMMUNIST),lost,3622
Krishnanagar,Krishnanagar(12),MD. MUKTAR SHAIKH,INDEPENDENT,lost,3294
Krishnanagar,Krishnanagar(12),ALIK KUMAR KUNDU,INDEPENDENT,lost,2708
Kurnoolu,Kurnoolu(18),BASTIPATI NAGARAJU PANCHALINGALA,TELUGU DESAM,won,658914
Kurnoolu,Kurnoolu(18),B Y RAMAIAH,YUVAJANA SRAMIKA RYTHU CONGRESS PARTY,lost,547616
Kurnoolu,Kurnoolu(18),P.G.RAMPULLAIAH YADAV LUCKY-2,INDIAN NATIONAL CONGRESS,lost,70373
Kurnoolu,Kurnoolu(18),NOTA,NONE OF THE ABOVE,nan,10511
Kurnoolu,Kurnoolu(18),MANCHALA LAKSHMI NARAYANA,BAHUJAN SAMAJ PARTY,lost,8589
Kurnoolu,Kurnoolu(18),BOYA SURESH,INDEPENDENT,lost,5900
Kurnoolu,Kurnoolu(18),T. BEECHUPALLI,INDEPENDENT,lost,5127
Kurnoolu,Kurnoolu(18),VIJAYA BHASKAR .REDDYPOGU,INDEPENDENT,lost,3508
Kurnoolu,Kurnoolu(18),PAGADALA KODANDA,INDEPENDENT,lost,3076
Kurnoolu,Kurnoolu(18),DEVARAPOGU MADDILETY,INDEPENDENT,lost,2582
Kurnoolu,Kurnoolu(18),PRAKASH REDDY RALAMPADU,INDEPENDENT,lost,2225
Kurnoolu,Kurnoolu(18),JAHANGIR AHMED,SOCIAL DEMOCRATIC PARTY OF INDIA,lost,2074
Kurnoolu,Kurnoolu(18),DR. REDDYPOGU PRAVEEN KUMAR,INDEPENDENT,lost,1856
Kurnoolu,Kurnoolu(18),ABDUL SATTAR A.S.R,ANNA YSR CONGRESS PARTY,lost,1601
Kurnoolu,Kurnoolu(18),VALMIKI ARJUNA,BHARATHA CHAITANYA YUVAJANA PARTY,lost,1390
Kurnoolu,Kurnoolu(18),URUKUNDU VADDE,INDEPENDENT,lost,1295
Kurnoolu,Kurnoolu(18),MALLEPOGU NAGANNA,SOCIALIST UNITY CENTRE OF INDIA (COMMUNIST),lost,1164
Kurnoolu,Kurnoolu(18),SUNKARA SREEDHAR,JAI BHARAT NATIONAL PARTY,lost,1163
Kurnoolu,Kurnoolu(18),TARIGOPULA RAJABABU,ALL PEOPLES PARTY,lost,1033
Kurnoolu,Kurnoolu(18),AMRUTH KUMAR SALKAPURAM,LIBERATION CONGRESS PARTY,lost,783
Kushi Nagar,Kushi Nagar(65),VIJAY KUMAR DUBAY,BHARATIYA JANATA PARTY,won,516345
Kushi Nagar,Kushi Nagar(65),AJAY PRATAP SINGH URF PINTU SAITHWAR,SAMAJWADI PARTY,lost,434555
Kushi Nagar,Kushi Nagar(65),SUBH NARAYAN CHAUHAN,BAHUJAN SAMAJ PARTY,lost,67208
Kushi Nagar,Kushi Nagar(65),SWAMI PRASAD MAURYA,RASHTRIYA SHOSHIT SAMAJ PARTY,lost,36575
Kushi Nagar,Kushi Nagar(65),NOTA,NONE OF THE ABOVE,nan,9782
Kushi Nagar,Kushi Nagar(65),HARIKESH,AZAD ADHIKAR SENA,lost,4097
Kushi Nagar,Kushi Nagar(65),RAMCHANDRA SINGH,INDEPENDENT,lost,3621
Kushi Nagar,Kushi Nagar(65),SUNIL KUMAR SHUKLA,BHARTIYA LOK NAYAK PARTY,lost,3532
Kushi Nagar,Kushi Nagar(65),AMIY UPADHYAY,INDEPENDENT,lost,2433
Kushi Nagar,Kushi Nagar(65),VEDPRAKASH MISHRA,SUBHASHWADI BHARTIYA SAMAJWADI PARTY (SUBHAS PARTY),lost,2335
Ladakh,Ladakh(1),MOHMAD HANEEFA,INDEPENDENT,won,65259
Ladakh,Ladakh(1),TSERING NAMGYAL,INDIAN NATIONAL CONGRESS,lost,37397
Ladakh,Ladakh(1),TASHI GYALSON,BHARATIYA JANATA PARTY,lost,31956
Ladakh,Ladakh(1),NOTA,NONE OF THE ABOVE,nan,912
Lakhimpur,Lakhimpur(12),PRADAN BARUAH,BHARATIYA JANATA PARTY,won,663122
Lakhimpur,Lakhimpur(12),UDAY SHANKAR HAZARIKA,INDIAN NATIONAL CONGRESS,lost,461865
Lakhimpur,Lakhimpur(12),DHIREN KACHARI,COMMUNIST PARTY OF INDIA,lost,19631
Lakhimpur,Lakhimpur(12),NOTA,NONE OF THE ABOVE,nan,16921
Lakhimpur,Lakhimpur(12),GHANA KANTA CHUTIA,ALL INDIA TRINAMOOL CONGRESS,lost,14197
Lakhimpur,Lakhimpur(12),BIKRAM RAMCHIARY,INDEPENDENT,lost,10293
Lakhimpur,Lakhimpur(12),GOBIN BISWAKARMA,INDEPENDENT,lost,7526
Lakhimpur,Lakhimpur(12),DEBA NATH PAIT,INDEPENDENT,lost,6163
Lakhimpur,Lakhimpur(12),PALLAB PEGU,SOCIALIST UNITY CENTRE OF INDIA (COMMUNIST),lost,6137
Lakhimpur,Lakhimpur(12),BIREN BAILUNG,VOTERS PARTY INTERNATIONAL,lost,5359
Lakshadweep,Lakshadweep(1),MUHAMMED HAMDULLAH SAYEED,INDIAN NATIONAL CONGRESS,won,25726
Lakshadweep,Lakshadweep(1),MOHAMMED FAIZAL PP,NATIONALIST CONGRESS PARTY – SHARADCHANDRA PAWAR,lost,23079
Lakshadweep,Lakshadweep(1),YOUSUF TP,NATIONALIST CONGRESS PARTY,lost,201
Lakshadweep,Lakshadweep(1),NOTA,NONE OF THE ABOVE,nan,133
Lakshadweep,Lakshadweep(1),KOYA,INDEPENDENT,lost,61
Lalganj,Lalganj(68),DAROGA PRASAD SAROJ,SAMAJWADI PARTY,won,439959
Lalganj,Lalganj(68),NEELAM SONKER,BHARATIYA JANATA PARTY,lost,324936
Lalganj,Lalganj(68),INDU CHAUDHRI,BAHUJAN SAMAJ PARTY,lost,210053
Lalganj,Lalganj(68),GANGADEEN,COMMUNIST PARTY OF INDIA,lost,12271
Lalganj,Lalganj(68),NOTA,NONE OF THE ABOVE,nan,7094
Lalganj,Lalganj(68),BALINDAR,JANTA KRANTI PARTY (RASHTRAVADI),lost,4158
Lalganj,Lalganj(68),SUSHMITA SAROJ,INDEPENDENT,lost,2626
Lalganj,Lalganj(68),RAM PYARE SHARAN VIJAITA,INDEPENDENT,lost,2341
Latur,Latur (41),DR. KALGE SHIVAJI BANDAPPA,INDIAN NATIONAL CONGRESS,won,609021
Latur,Latur (41),SUDHAKAR TUKARAM SHRANGARE,BHARATIYA JANATA PARTY,lost,547140
Latur,Latur (41),NARSINGRAO UDGIRKAR,VANCHIT BAHUJAN AAGHADI,lost,42225
Latur,Latur (41),ATITHI KHANDERAO SURYVANSHI,SWARAJYA SHAKTI SENA,lost,5178
Latur,Latur (41),ALTE VISHWANATH MAHADEV,BAHUJAN SAMAJ PARTY,lost,5121
Latur,Latur (41),NOTA,NONE OF THE ABOVE,nan,3567
Latur,Latur (41),KAMANT MACHHINDRA GUNWANTRAO,BAHUJAN BHARAT PARTY,lost,2269
Latur,Latur (41),ABHANG GANGARAM SURYAWANSHI,INDEPENDENT,lost,2102
Latur,Latur (41),DATTU SOPAN NARSINGE,INDEPENDENT,lost,2002
Latur,Latur (41),DEEPAK KEDAR,INDEPENDENT,lost,1726
Latur,Latur (41),UMESH AMBADAS KAMBLE,INDEPENDENT,lost,1691
Latur,Latur (41),BANSODE RAGHUNATH WAGHOJI,INDEPENDENT,lost,1600
Latur,Latur (41),BHARAT HARIBA NANAWARE,PEOPLES PARTY OF INDIA (DEMOCRATIC),lost,1449
Latur,Latur (41),SHRIKANT BABURAO HOVAL,BAHUJAN MUKTI PARTY,lost,1382
Latur,Latur (41),PRAVIN MADHAV JOHARE,SWARAJYA SENA (MAHARASHTRA),lost,1273
Latur,Latur (41),PANCHSHIL VIKRAM KAMBLE,INDEPENDENT,lost,1241
Latur,Latur (41),SHANKAR HARI TADAKHE,BALIRAJA PARTY,lost,1128
Latur,Latur (41),AMOL MALU HANMANTE,INDEPENDENT,lost,1099
Latur,Latur (41),ADV. KASBEKAR SHRIDHAR LIMBAJI,RASHTRIYA SANT SANDESH PARTY,lost,994
Latur,Latur (41),BALAJI SHESHRAO BANSODE,INDEPENDENT,lost,954
Latur,Latur (41),BHIKAJI GANGARAM JADHAV,KRANTI KARI JAI HIND SENA,lost,866
Latur,Latur (41),VIKAS KONDIBA SHINDE,MAHARASHTRA VIKAS AGHADI,lost,801
Latur,Latur (41),LAKHAN RAJARAM KAMBLE,RASHTRIY BAHUJAN PARTY,lost,795
Latur,Latur (41),BALAJI TUKARAM GAIKWAD,BHARAT PEOPLES SENA,lost,683
Latur,Latur (41),SUDHAKAR TUKARAM SURYAWANSHI,INDEPENDENT,lost,620
Latur,Latur (41),PAPITA RAOSAHEB RANDIVE,INDEPENDENT,lost,581
Latur,Latur (41),ADV. PRADIP S. CHINCHOLIKAR,INDEPENDENT,lost,533
Latur,Latur (41),MUKESH GOVINDRAO GHODAKE,INDEPENDENT,lost,525
Latur,Latur (41),PANKAJ GOPALRAO WAKHARADAKAR,INDEPENDENT,lost,513
Lohardaga,Lohardaga(12),SUKHDEO BHAGAT,INDIAN NATIONAL CONGRESS,won,483038
Lohardaga,Lohardaga(12),SAMIR ORAON,BHARATIYA JANATA PARTY,lost,343900
Lohardaga,Lohardaga(12),CHAMRA LINDA,INDEPENDENT,lost,45998
Lohardaga,Lohardaga(12),MAHENDRA ORAON,COMMUNIST PARTY OF INDIA,lost,16793
Lohardaga,Lohardaga(12),NOTA,NONE OF THE ABOVE,nan,11384
Lohardaga,Lohardaga(12),SHANIYA ORAON,INDEPENDENT,lost,10911
Lohardaga,Lohardaga(12),GIRJANANDAN URAON,BAHUJAN SAMAJ PARTY,lost,9148
Lohardaga,Lohardaga(12),MARIANUS TIGGA,INDEPENDENT,lost,9131
Lohardaga,Lohardaga(12),BIHARI BHAGAT,PEOPLES PARTY OF INDIA (DEMOCRATIC),lost,7602
Lohardaga,Lohardaga(12),STEPHAN KINDO,INDEPENDENT,lost,7599
Lohardaga,Lohardaga(12),RANJEET BHAGAT,INDEPENDENT,lost,5527
Lohardaga,Lohardaga(12),RAMCHANDRA BHAGAT,LOKHIT ADHIKAR PARTY,lost,4310
Lohardaga,Lohardaga(12),PAWAN TIGGA,INDEPENDENT,lost,3713
Lohardaga,Lohardaga(12),ARPAN DEO BHAGAT,INDEPENDENT,lost,2814
Lohardaga,Lohardaga(12),ARJUN TOPPO,INDEPENDENT,lost,2747
Lohardaga,Lohardaga(12),MANI MUNDA,BHAGIDARI PARTY(P),lost,2510
Lucknow,Lucknow(35),RAJ NATH SINGH,BHARATIYA JANATA PARTY,won,612709
Lucknow,Lucknow(35),RAVIDAS MEHROTRA,SAMAJWADI PARTY,lost,477550
Lucknow,Lucknow(35),MOHAMMAD SARWAR MALIK,BAHUJAN SAMAJ PARTY,lost,30192
Lucknow,Lucknow(35),NOTA,NONE OF THE ABOVE,nan,7350
Lucknow,Lucknow(35),MO AHMAD URF RINKU,SOCIAL DEMOCRATIC PARTY OF INDIA,lost,3255
Lucknow,Lucknow(35),AKHAND PRATAP SINGH,INDEPENDENT,lost,1473
Lucknow,Lucknow(35),SARVAR ALI,SARVAR PARTY,lost,1202
Lucknow,Lucknow(35),ISHTIYAQ ALI,INDEPENDENT,lost,934
Lucknow,Lucknow(35),KAPIL MOHAN CHOWDHARY,MERA ADHIKAAR RASHTRIYA DAL,lost,817
Lucknow,Lucknow(35),GAURAV VERMA,HINDU SAMAJ PARTY,lost,807
Lucknow,Lucknow(35),BRIJESH KUMAR YADAV,KISAN VISHWA PARTY,lost,603
Ludhiana,Ludhiana(7),AMRINDER SINGH RAJA WARRING,INDIAN NATIONAL CONGRESS,won,322224
Ludhiana,Ludhiana(7),RAVNEET SINGH BITTU,BHARATIYA JANATA PARTY,lost,301282
Ludhiana,Ludhiana(7),ASHOK PRASHAR PAPPI,AAM AADMI PARTY,lost,237077
Ludhiana,Ludhiana(7),RANJIT SINGH DHILLON,SHIROMANI AKALI DAL,lost,90220
Ludhiana,Ludhiana(7),KAMALJIT SINGH BRAR,INDEPENDENT,lost,42500
Ludhiana,Ludhiana(7),AMRITPAL SINGH CHHANDRAN,SHIROMANI AKALI DAL (AMRITSAR)(SIMRANJIT SINGH MANN),lost,18241
Ludhiana,Ludhiana(7),DAVINDER SINGH RAMGARHIA,BAHUJAN SAMAJ PARTY,lost,10394
Ludhiana,Ludhiana(7),NOTA,NONE OF THE ABOVE,nan,5076
Ludhiana,Ludhiana(7),NARESH DHINGAAN,INDEPENDENT,lost,2530
Ludhiana,Ludhiana(7),RAKESH KUMAR (RICKY),SUNAHARA BHARAT PARTY,lost,2091
Ludhiana,Ludhiana(7),ER. BALDEV RAJ KATNA (DEBI),INDEPENDENT,lost,2086
Ludhiana,Ludhiana(7),PRITPAL SINGH,BAHUJAN DRAVIDA PARTY,lost,1824
Ludhiana,Ludhiana(7),DR. PALWINDER KAUR,INDEPENDENT,lost,1768
Ludhiana,Ludhiana(7),SANJEEV KUMAR (SANJU),INDEPENDENT,lost,1567
Ludhiana,Ludhiana(7),RAJIV KUMAR MEHRA,JAN SEWA DRIVER PARTY,lost,1518
Ludhiana,Ludhiana(7),BHUPINDER SINGH,BHARATHEEYA JAWAN KISAN PARTY,lost,1287
Ludhiana,Ludhiana(7),BALJIT SINGH,INDEPENDENT,lost,1138
Ludhiana,Ludhiana(7),VIPAN KUMAR BATRA,INDEPENDENT,lost,1041
Ludhiana,Ludhiana(7),AMANDEEP SINGH,SEHAJDHARI SIKH PARTY,lost,987
Ludhiana,Ludhiana(7),PARAMJIT SINGH,INDEPENDENT,lost,927
Ludhiana,Ludhiana(7),BALVINDER SINGH BITTA,INDEPENDENT,lost,918
Ludhiana,Ludhiana(7),SIMRANDEEP SINGH,INDEPENDENT,lost,912
Ludhiana,Ludhiana(7),DEVINDER BHAGRIA,HINDUSTAN SHAKTI SENA,lost,860
Ludhiana,Ludhiana(7),KANIYA LAL (DR. KISHAN KUMAR),INDEPENDENT,lost,820
Ludhiana,Ludhiana(7),SUDHIR KUMAR TRIPATHI,INDEPENDENT,lost,770
Ludhiana,Ludhiana(7),GURDEEP SINGH KAHLON,INDEPENDENT,lost,738
Ludhiana,Ludhiana(7),DR. DEVINDER SINGH GILL,AAM LOK PARTY UNITED,lost,695
Ludhiana,Ludhiana(7),KIRPAL SINGH KAPURI,INDEPENDENT,lost,621
Ludhiana,Ludhiana(7),SANTOSH KUMAR,BHARATIYA INQALAB PARTY,lost,610
Ludhiana,Ludhiana(7),KAMAL PAWAR,INDEPENDENT,lost,592
Ludhiana,Ludhiana(7),RAVINDER PAL SINGH BABA JI BARGAR WALE,INDEPENDENT,lost,548
Ludhiana,Ludhiana(7),GURMEET SINGH KHARAY,INDEPENDENT,lost,517
Ludhiana,Ludhiana(7),RUPINDER KUMAR,INDEPENDENT,lost,467
Ludhiana,Ludhiana(7),CHANDI,INDEPENDENT,lost,456
Ludhiana,Ludhiana(7),BALDEV SINGH SUMAN,INDEPENDENT,lost,450
Ludhiana,Ludhiana(7),HARVINDER KAUR,SAMAJIK SANGHARSH PARTY,lost,419
Ludhiana,Ludhiana(7),JAI - PARKASH JAIN (TITU BANIYA),INDEPENDENT,lost,419
Ludhiana,Ludhiana(7),SHIVAM YADAV,GLOBAL REPUBLICAN PARTY,lost,415
Ludhiana,Ludhiana(7),BHOLA SINGH,INDEPENDENT,lost,411
Ludhiana,Ludhiana(7),DARSHAN SINGH DABA,NATIONALIST JUSTICE PARTY,lost,390
Ludhiana,Ludhiana(7),KULDEEP KUMAR SHARMA,INDEPENDENT,lost,383
Ludhiana,Ludhiana(7),VISHAL KUMAR ARORA,INDEPENDENT,lost,344
Ludhiana,Ludhiana(7),KARNAIL SINGH,INDEPENDENT,lost,340
Ludhiana,Ludhiana(7),RAJINDER GHAI,INDEPENDENT,lost,284
MADURAI,MADURAI(32),VENKATESAN S,COMMUNIST PARTY OF INDIA (MARXIST),won,430323
MADURAI,MADURAI(32),RAAMA SREENIVASAN,BHARATIYA JANATA PARTY,lost,220914
MADURAI,MADURAI(32),SARAVANAN P,ALL INDIA ANNA DRAVIDA MUNNETRA KAZHAGAM,lost,204804
MADURAI,MADURAI(32),SATHYADEVI T,NAAM TAMILAR KATCHI,lost,92879
MADURAI,MADURAI(32),NOTA,NONE OF THE ABOVE,nan,11174
MADURAI,MADURAI(32),VELMURUGAN A,BHARATIYA PRAJA AIKYATA PARTY,lost,6009
MADURAI,MADURAI(32),RAMAR PANDI T,BAHUJAN SAMAJ PARTY,lost,2506
MADURAI,MADURAI(32),VENKATESAN M,INDEPENDENT,lost,2505
MADURAI,MADURAI(32),SHANMUGA SUNDARAM A,UNITED REPUBLICAN PARTY OF INDIA,lost,2349
MADURAI,MADURAI(32),PERIYASAMY K,INDEPENDENT,lost,1968
MADURAI,MADURAI(32),PANDIYAN S,BAHUJAN DRAVIDA PARTY,lost,1562
MADURAI,MADURAI(32),BOOMINATHAN C,INDEPENDENT,lost,1213
MADURAI,MADURAI(32),MUTHUPANDI S,INDEPENDENT,lost,1207
MADURAI,MADURAI(32),RAMANATHAN S,INDEPENDENT,lost,1194
MADURAI,MADURAI(32),VENKATESH S,INDEPENDENT,lost,1046
MADURAI,MADURAI(32),SANKARAPANDI M.P.,INDEPENDENT,lost,1029
MADURAI,MADURAI(32),GOPISON M.M.,INDEPENDENT,lost,946
MADURAI,MADURAI(32),SARAVANAN K.K.,INDEPENDENT,lost,844
MADURAI,MADURAI(32),GOPALAKRISHNAN S,INDEPENDENT,lost,746
MADURAI,MADURAI(32),CHANDRASEKAR N,INDEPENDENT,lost,711
MADURAI,MADURAI(32),PANDIYAN P,SOCIALIST UNITY CENTRE OF INDIA (COMMUNIST),lost,578
MADURAI,MADURAI(32),AVADAINATHAN V,INDEPENDENT,lost,462
MAHASAMUND,MAHASAMUND(9),ROOP KUMARI CHOUDHARY,BHARATIYA JANATA PARTY,won,703659
MAHASAMUND,MAHASAMUND(9),TAMRADHWAJ SAHU,INDIAN NATIONAL CONGRESS,lost,558203
MAHASAMUND,MAHASAMUND(9),PROFESSOR SURESH SAHU,INDEPENDENT,lost,11888
MAHASAMUND,MAHASAMUND(9),BASANT SINHA,BAHUJAN SAMAJ PARTY,lost,8860
MAHASAMUND,MAHASAMUND(9),REKHRAM BAGH,INDEPENDENT,lost,7878
MAHASAMUND,MAHASAMUND(9),GANESH RAM DHRUW,HAMAR RAJ PARTY,lost,6651
MAHASAMUND,MAHASAMUND(9),SANTOSH DARCHAND BANJARE,INDEPENDENT,lost,6054
MAHASAMUND,MAHASAMUND(9),NOTA,NONE OF THE ABOVE,nan,3840
MAHASAMUND,MAHASAMUND(9),MUKESH KUMAR AGRAWAL,INDEPENDENT,lost,3691
MAHASAMUND,MAHASAMUND(9),SUKHNANDAN DESHKAR,INDEPENDENT,lost,3555
MAHASAMUND,MAHASAMUND(9),NITESH KUMAR RATRE,SUNDER SAMAJ PARTY,lost,2373
MAHASAMUND,MAHASAMUND(9),DR. VIRENDRA CHAUDHRI,BHARTIYA SHAKTI CHETNA PARTY,lost,2099
MAHASAMUND,MAHASAMUND(9),KALIYA PRASAD SETH,INDEPENDENT,lost,1531
MAHASAMUND,MAHASAMUND(9),MAHESH SWARN,INDEPENDENT,lost,1486
MAHASAMUND,MAHASAMUND(9),CHAMPA LAL PATEL GURUJI DHARTI PAKD,RIGHT TO RECALL PARTY,lost,1379
MAHASAMUND,MAHASAMUND(9),FARID QURAISHI,GONDVANA GANTANTRA PARTY,lost,1077
MAHASAMUND,MAHASAMUND(9),ISHWAR MARKANDE,INDEPENDENT,lost,957
MAHASAMUND,MAHASAMUND(9),NARAD PRASAD NISHAD,SHAKTI SENA (BHARAT DESH),lost,899
MANDI,MANDI(2),KANGNA RANAUT,BHARATIYA JANATA PARTY,won,537022
MANDI,MANDI(2),VIKRAMADITYA SINGH,INDIAN NATIONAL CONGRESS,lost,462267
MANDI,MANDI(2),NOTA,NONE OF THE ABOVE,nan,5645
MANDI,MANDI(2),DR. PRAKASH CHAND BHARDWAJ,BAHUJAN SAMAJ PARTY,lost,4393
MANDI,MANDI(2),NARENDER KUMAR,RASHTRIYA DEVBHUMI PARTY,lost,2447
MANDI,MANDI(2),RAKHEE GUPTA,INDEPENDENT,lost,1051
MANDI,MANDI(2),SUBHASH MOHAN SNEHI,INDEPENDENT,lost,974
MANDI,MANDI(2),VINAY KUMAR,AKHIL BHARTIYA PARIVAR PARTY,lost,690
MANDI,MANDI(2),MAHESH SAINI,HIMACHAL JANTA PARTY,lost,654
MANDI,MANDI(2),DINESH KUMAR BHATI,INDEPENDENT,lost,381
MANDI,MANDI(2),ASHUTOSH MAHANT,INDEPENDENT,lost,286
MANDLA,MANDLA(14),FAGGAN SINGH KULASTE,BHARATIYA JANATA PARTY,won,751375
MANDLA,MANDLA(14),OMKAR SINGH MARKAM,INDIAN NATIONAL CONGRESS,lost,647529
MANDLA,MANDLA(14),MAHESH KUMAR WATTEE,GONDVANA GANTANTRA PARTY,lost,37797
MANDLA,MANDLA(14),NOTA,NONE OF THE ABOVE,nan,18921
MANDLA,MANDLA(14),INDAR SINGH UIKEY,BAHUJAN SAMAJ PARTY,lost,16617
MANDLA,MANDLA(14),CHANDRA SINGH KUSHRAM,BHARTIYA SHAKTI CHETNA PARTY,lost,15558
MANDLA,MANDLA(14),SITAR MARKAM,INDEPENDENT,lost,10375
MANDLA,MANDLA(14),RAKESH SINGH THAKUR,INDEPENDENT,lost,10346
MANDLA,MANDLA(14),DR. BHAW SINGH TEKAM,INDEPENDENT,lost,6401
MANDLA,MANDLA(14),CHARAN SINGH DHURWEY,BHARAT ADIVASI PARTY,lost,4287
MANDLA,MANDLA(14),ADVOCATE-DEV SINGH KUMRE,INDEPENDENT,lost,4217
MANDLA,MANDLA(14),GHUR SINGH SALLAM,INDEPENDENT,lost,3971
MANDLA,MANDLA(14),KALIYA BAI KAKODIA,INDEPENDENT,lost,3001
MANDLA,MANDLA(14),ASHOK SARAIYA,INDEPENDENT,lost,2727
MANDLA,MANDLA(14),RAMKUMAR INWATI [ADVOCATE],SMART INDIANS PARTY,lost,2510
MANDSOUR,MANDSOUR(23),SUDHEER GUPTA,BHARATIYA JANATA PARTY,won,945761
MANDSOUR,MANDSOUR(23),DILIP SINGH GURJAR,INDIAN NATIONAL CONGRESS,lost,445106
MANDSOUR,MANDSOUR(23),NOTA,NONE OF THE ABOVE,nan,11662
MANDSOUR,MANDSOUR(23),KANHAIYALAL MALVIYA,BAHUJAN SAMAJ PARTY,lost,10512
MANDSOUR,MANDSOUR(23),ISMAIL KHAN MAIV,INDEPENDENT,lost,8826
MANDSOUR,MANDSOUR(23),SUSHIL,INDEPENDENT,lost,3439
MANDSOUR,MANDSOUR(23),SAEED AHAMAD,INDEPENDENT,lost,3167
MANDSOUR,MANDSOUR(23),MURALIDHAR,INDEPENDENT,lost,2696
MANDSOUR,MANDSOUR(23),VIJAY RANN,INDEPENDENT,lost,2323
MAYILADUTHURAI,MAYILADUTHURAI(28),SUDHA R,INDIAN NATIONAL CONGRESS,won,518459
MAYILADUTHURAI,MAYILADUTHURAI(28),BABU P,ALL INDIA ANNA DRAVIDA MUNNETRA KAZHAGAM,lost,247276
MAYILADUTHURAI,MAYILADUTHURAI(28),STALIN M K,PATTALI MAKKAL KATCHI,lost,166437
MAYILADUTHURAI,MAYILADUTHURAI(28),KALIYAMMAL P,NAAM TAMILAR KATCHI,lost,127642
MAYILADUTHURAI,MAYILADUTHURAI(28),NOTA,NONE OF THE ABOVE,nan,8695
MAYILADUTHURAI,MAYILADUTHURAI(28),KARTHICK A,SAMANIYA MAKKAL NALA KATCHI,lost,3891
MAYILADUTHURAI,MAYILADUTHURAI(28),ILANCHEZHIAN T,BAHUJAN SAMAJ PARTY,lost,2898
MAYILADUTHURAI,MAYILADUTHURAI(28),BABU S,INDEPENDENT,lost,1838
MAYILADUTHURAI,MAYILADUTHURAI(28),MANIMARAN T,INDEPENDENT,lost,1711
MAYILADUTHURAI,MAYILADUTHURAI(28),NAGARAJAN K,INDEPENDENT,lost,1347
MAYILADUTHURAI,MAYILADUTHURAI(28),SILAMBARASAN D,INDEPENDENT,lost,1256
MAYILADUTHURAI,MAYILADUTHURAI(28),JAFARULLAH KHAN F,INDEPENDENT,lost,1236
MAYILADUTHURAI,MAYILADUTHURAI(28),TIMOTHY T,INDEPENDENT,lost,1175
MAYILADUTHURAI,MAYILADUTHURAI(28),PANDIYARAJAN S,INDEPENDENT,lost,1174
MAYILADUTHURAI,MAYILADUTHURAI(28),VEDARETHINAM S,ANNA MGR DRAVIDA MAKKAL KALGAM,lost,782
MAYILADUTHURAI,MAYILADUTHURAI(28),NITHIYANANTHAM S,NAADAALUM MAKKAL KATCHI,lost,739
MAYILADUTHURAI,MAYILADUTHURAI(28),SRINIVASAN V,INDEPENDENT,lost,617
MAYILADUTHURAI,MAYILADUTHURAI(28),DHAKSHINAMOORTHY M,INDEPENDENT,lost,535
MIZORAM,MIZORAM(1),RICHARD VANLALHMANGAIHA,ZORAM PEOPLE’S MOVEMENT,won,208552
MIZORAM,MIZORAM(1),K VANLALVENA,MIZO NATIONAL FRONT,lost,140264
MIZORAM,MIZORAM(1),LALBIAKZAMA,INDIAN NATIONAL CONGRESS,lost,98595
MIZORAM,MIZORAM(1),VANLALHMUAKA,BHARATIYA JANATA PARTY,lost,33533
MIZORAM,MIZORAM(1),LALHRIATRENGA CHHANGTE,INDEPENDENT,lost,4706
MIZORAM,MIZORAM(1),RITA MALSAWMI,MIZORAM PEOPLE'S CONFERENCE,lost,3793
MIZORAM,MIZORAM(1),NOTA,NONE OF THE ABOVE,nan,1893
MORENA,MORENA(1),SHIVMANGAL SINGH TOMAR,BHARATIYA JANATA PARTY,won,515477
MORENA,MORENA(1),NEETU SATYAPAL SINGH SIKARWAR,INDIAN NATIONAL CONGRESS,lost,462947
MORENA,MORENA(1),RAMESH GARG,BAHUJAN SAMAJ PARTY,lost,179669
MORENA,MORENA(1),NEERAJ CHANDSORIYA,AAZAD SAMAJ PARTY (KANSHI RAM),lost,7544
MORENA,MORENA(1),NOTA,NONE OF THE ABOVE,nan,4914
MORENA,MORENA(1),RAJENDRA PRASAD KUSHWAH,INDEPENDENT,lost,2402
MORENA,MORENA(1),ER. SURAJ KUSHWAH,INDEPENDENT,lost,2285
MORENA,MORENA(1),RAMNIWASH,INDEPENDENT,lost,1973
MORENA,MORENA(1),RAM SUNDER SHARMA,INDEPENDENT,lost,1767
MORENA,MORENA(1),RAMSEVAK SAKHWAR,INDEPENDENT,lost,1632
MORENA,MORENA(1),HARIKANTH,INDEPENDENT,lost,1623
MORENA,MORENA(1),RAJKUMARI,INDEPENDENT,lost,1441
MORENA,MORENA(1),ANOOP NAGAR,INDEPENDENT,lost,1317
MORENA,MORENA(1),RAJENDRA SINGH GURJER,INDEPENDENT,lost,1210
MORENA,MORENA(1),PIYUSH BRAJESH RAJORIYA,INDEPENDENT,lost,575
MORENA,MORENA(1),PRABHU JATAV,INDEPENDENT,lost,555
Machhlishahr,Machhlishahr(74),PRIYA SAROJ,SAMAJWADI PARTY,won,451292
Machhlishahr,Machhlishahr(74),BHOLANATH (B.P. SAROJ),BHARATIYA JANATA PARTY,lost,415442
Machhlishahr,Machhlishahr(74),KRIPA SHANKAR SAROJ,BAHUJAN SAMAJ PARTY,lost,157291
Machhlishahr,Machhlishahr(74),NOTA,NONE OF THE ABOVE,nan,9303
Machhlishahr,Machhlishahr(74),SHRAVAN KUMAR,INDEPENDENT,lost,5807
Machhlishahr,Machhlishahr(74),URMILA,SAMAJ PARIVARTAN PARTY,lost,5303
Machhlishahr,Machhlishahr(74),SUBAS,INDEPENDENT,lost,3693
Machhlishahr,Machhlishahr(74),RANG BAHADUR,INDEPENDENT,lost,2718
Machhlishahr,Machhlishahr(74),BRIJESH KUMAR SAROJ,PRABUDDHWADI BAHUJAN MORCHA,lost,2365
Machhlishahr,Machhlishahr(74),RAJENDRA PRASAD,RASHTRA UDAY PARTY,lost,2067
Machhlishahr,Machhlishahr(74),RAM MILAN,SARDAR PATEL SIDDHANT PARTY,lost,1716
Machhlishahr,Machhlishahr(74),KAMLESH,AZAD SAMAJ PARTY,lost,1702
Machhlishahr,Machhlishahr(74),BRIJESH KUMAR,PRITHVIRAJ JANSHAKTI PARTY,lost,1364
Machilipatnam,Machilipatnam(11),BALASHOWRY VALLABHANENI,JANASENA PARTY,won,724439
Machilipatnam,Machilipatnam(11),SIMHADRI CHANDRA SEKHAR RAO,YUVAJANA SRAMIKA RYTHU CONGRESS PARTY,lost,501260
Machilipatnam,Machilipatnam(11),GOLLU KRISHNA,INDIAN NATIONAL CONGRESS,lost,31825
Machilipatnam,Machilipatnam(11),NOTA,NONE OF THE ABOVE,nan,12126
Machilipatnam,Machilipatnam(11),BAAL SHOURI CHODABATHINA,JATIYA JANA SENA PARTY,lost,11141
Machilipatnam,Machilipatnam(11),DEVAMANI DEVARAPALLI,BAHUJAN SAMAJ PARTY,lost,10028
Machilipatnam,Machilipatnam(11),KOMMARAJU SIVA NARASIMHA RAO,ALL INDIA FORWARD BLOC,lost,5254
Machilipatnam,Machilipatnam(11),VALLABHANENI NAGA PAVAN KUMAR,INDEPENDENT,lost,5220
Machilipatnam,Machilipatnam(11),MARADANI K R SWAMY,JAI MAHA BHARATH PARTY,lost,2214
Machilipatnam,Machilipatnam(11),GANDHI DHANEKULA,INDEPENDENT,lost,1991
Machilipatnam,Machilipatnam(11),PAMULA BALA SOWRYAMMA,INDEPENDENT,lost,1582
Machilipatnam,Machilipatnam(11),ANUSHA YERUVA,INDEPENDENT,lost,1235
Machilipatnam,Machilipatnam(11),GUDAVALLI VENKATA KEDARESWARA RAO,INDEPENDENT,lost,1111
Machilipatnam,Machilipatnam(11),JOGI VEERANJANEYULU,INDEPENDENT,lost,1022
Machilipatnam,Machilipatnam(11),DAMODARA RAO GUDAVALLI,INDEPENDENT,lost,930
Machilipatnam,Machilipatnam(11),APPARAO ENNETI,INDEPENDENT,lost,626
Madha,Madha(43),MOHITE-PATIL DHAIRYASHEEL RAJSINH,NATIONALIST CONGRESS PARTY – SHARADCHANDRA PAWAR,won,622213
Madha,Madha(43),RANJEETSINGH HINDURAO NAIK NIMBALKAR,BHARATIYA JANATA PARTY,lost,501376
Madha,Madha(43),ER. RAMCHANDRA MAYAPPA GHUTUKADE,NEW RASHTRIYA SAMAJ PARTY,lost,58421
Madha,Madha(43),BARASKAR RAMESH NAGNATH,VANCHIT BAHUJAN AAGHADI,lost,20604
Madha,Madha(43),JANKAR SWARUP DADA,BAHUJAN SAMAJ PARTY,lost,7094
Madha,Madha(43),HAKE LAXMAN SOPAN,INDEPENDENT,lost,5134
Madha,Madha(43),SITARAM VITTHAL RANDIVE,INDEPENDENT,lost,4986
Madha,Madha(43),DHANAJI SHRIPATI MASKE,INDEPENDENT,lost,4433
Madha,Madha(43),BICHUKALE SANTOSH BALASAHEB,REPUBLICAN PARTY OF INDIA (A),lost,4046
Madha,Madha(43),SAWANT RAHUL SHASHIKANT,INDEPENDENT,lost,3909
Madha,Madha(43),NOTA,NONE OF THE ABOVE,nan,3702
Madha,Madha(43),AWARE SIDDHESHWAR BHARAT,ALL INDIA FORWARD BLOC,lost,3067
Madha,Madha(43),HANUMANT NARAYAN MANE,INDEPENDENT,lost,2864
Madha,Madha(43),NANDU SAMBHAJI MORE,INDEPENDENT,lost,2687
Madha,Madha(43),NAVANATH BIRA MADANE,INDEPENDENT,lost,2435
Madha,Madha(43),GIRISH PRABHAKAR SHETE,INDEPENDENT,lost,2383
Madha,Madha(43),ADV. JORE SACHIN BHASKAR,INDEPENDENT,lost,2347
Madha,Madha(43),NANASAHEB RAMHARI YADAV,INDEPENDENT,lost,2214
Madha,Madha(43),KIRAN TANAJI SATHE,INDEPENDENT,lost,2175
Madha,Madha(43),BHAUSAHEB SUKHADEV LIGADE,INDEPENDENT,lost,2052
Madha,Madha(43),ER. BALIRAM SUKHADEV MORE,INDEPENDENT,lost,1953
Madha,Madha(43),KHARAT SANDIP JANARADHAN,INDEPENDENT,lost,1755
Madha,Madha(43),NARAYAN TATOBA KALEL,INDEPENDENT,lost,1560
Madha,Madha(43),GOPAL YESHVANT JADHAV,BHARATHEEYA JAWAN KISAN PARTY,lost,1289
Madha,Madha(43),KASHINATH KISAN DEOKATE,INDEPENDENT,lost,1279
Madha,Madha(43),SATYAWAN VIJAY OMBASE,SWARAJYA SENA (MAHARASHTRA),lost,1260
Madha,Madha(43),SITAPURE VINOD DILIP,INDEPENDENT,lost,1191
Madha,Madha(43),ASHOK DNYANDEV WAGHMODE,INDEPENDENT,lost,989
Madha,Madha(43),ANIL BHAGAVAN SHEDAGE,INDEPENDENT,lost,982
Madha,Madha(43),AMOL MADHUKAR KARADE,INDEPENDENT,lost,903
Madha,Madha(43),RASHID ISMAIL SHAIKH,INDEPENDENT,lost,843
Madha,Madha(43),MORE ROHIT RAMKRUSHNA,INDEPENDENT,lost,671
Madha,Madha(43),SARADE GANESH NAVNATH,INDEPENDENT,lost,601
Madhepura,Madhepura(13),DINESH CHANDRA YADAV,JANATA DAL (UNITED),won,640649
Madhepura,Madhepura(13),DA KUMAR CHANDRADEEP,RASHTRIYA JANATA DAL,lost,466115
Madhepura,Madhepura(13),NOTA,NONE OF THE ABOVE,nan,32625
Madhepura,Madhepura(13),SURESHWAR PODDAR,AADARSH MITHILA PARTY,lost,15434
Madhepura,Madhepura(13),MD ARSHAD HUSSAIN,BAHUJAN SAMAJ PARTY,lost,12991
Madhepura,Madhepura(13),JAWAHAR LAL JAISWAL,SOCIALIST UNITY CENTRE OF INDIA (COMMUNIST),lost,11322
Madhepura,Madhepura(13),UCHESHWAR PANDIT,SAMAJHDAR PARTY,lost,11149
Madhepura,Madhepura(13),PRO KAMESHWAR YADAV,BHARATIYA JAN KRANTI DAL (DEMOCRATIC),lost,10674
Madhepura,Madhepura(13),AJABLAL MEHTA,YUVA KRANTIKARI PARTY,lost,8736
Madhubani,Madhubani(6),ASHOK KUMAR YADAV,BHARATIYA JANATA PARTY,won,553428
Madhubani,Madhubani(6),MD ALI ASHRAF FATMI,RASHTRIYA JANATA DAL,lost,401483
Madhubani,Madhubani(6),NOTA,NONE OF THE ABOVE,nan,20719
Madhubani,Madhubani(6),SHIV BODHAN SAHU,INDEPENDENT,lost,13370
Madhubani,Madhubani(6),BIKASH KUMAR,BAHUJAN SAMAJ PARTY,lost,7223
Madhubani,Madhubani(6),PRIYE RANJAN,INDEPENDENT,lost,7050
Madhubani,Madhubani(6),VAIDYANATH YADAV,PEOPLES PARTY OF INDIA (DEMOCRATIC),lost,4983
Madhubani,Madhubani(6),SARFARAJ ALAM,AKHIL BHARTIYA PARIVAR PARTY,lost,4623
Madhubani,Madhubani(6),MD WAQUAR SIDDIQUI,ALL INDIA MAJLIS-E-ITTEHADUL MUSLIMEEN,lost,4498
Madhubani,Madhubani(6),MOHAN SHARMA,RASHTRIYA JANSAMBHAVNA PARTY,lost,4464
Madhubani,Madhubani(6),ABU BAKAR RAHMANI,COUNTRY CITIZEN PARTY,lost,2097
Madhubani,Madhubani(6),UDAY MANDAL,SAMATA PARTY,lost,2007
Madhubani,Madhubani(6),KUL BHUSHAN PRASAD,LOKTANTRIK LOK RAJYAM PARTY,lost,1783
Mahabubabad,Mahabubabad (16),BALRAM NAIK PORIKA,INDIAN NATIONAL CONGRESS,won,612774
Mahabubabad,Mahabubabad (16),KAVITHA MALOTH,BHARAT RASHTRA SAMITHI,lost,263609
Mahabubabad,Mahabubabad (16),PROFESSOR. AZMEERA SEETARAM NAIK,BHARATIYA JANATA PARTY,lost,110444
Mahabubabad,Mahabubabad (16),ARUN KUMAR MYPATHI,ALL INDIA FORWARD BLOC,lost,39136
Mahabubabad,Mahabubabad (16),RAGHU VARMA JATOTHU,ALLIANCE OF DEMOCRATIC REFORMS PARTY,lost,11893
Mahabubabad,Mahabubabad (16),DURGA PALVANCHA,INDEPENDENT,lost,10119
Mahabubabad,Mahabubabad (16),KONETI SUJATHA,BAHUJAN SAMAJ PARTY,lost,8093
Mahabubabad,Mahabubabad (16),NOTA,NONE OF THE ABOVE,nan,6591
Mahabubabad,Mahabubabad (16),ANIL KUMAR BODA,INDEPENDENT,lost,6431
Mahabubabad,Mahabubabad (16),CHANDA LINGAIAH,INDEPENDENT,lost,5100
Mahabubabad,Mahabubabad (16),MOKALLA MURALIKRISHNA,INDEPENDENT,lost,4062
Mahabubabad,Mahabubabad (16),SOYAM KANNA RAJU,GONDVANA GANTANTRA PARTY,lost,3755
Mahabubabad,Mahabubabad (16),BANOTH PREM NAYAK [BPN],INDEPENDENT,lost,3712
Mahabubabad,Mahabubabad (16),PAYAM.SINGARAJU,INDEPENDENT,lost,3196
Mahabubabad,Mahabubabad (16),PADIGA YARRAIAH,INDEPENDENT,lost,2887
Mahabubabad,Mahabubabad (16),DV NAIK,INDEPENDENT,lost,2781
Mahabubabad,Mahabubabad (16),GUGULOTH SHEKAR NAIK,INDEPENDENT,lost,2542
Mahabubabad,Mahabubabad (16),RAVVA. BHADRAMMA,DHARMA SAMAJ PARTY,lost,2244
Mahabubabad,Mahabubabad (16),SODE VENKATESWARLU,GONDWANA DANDKARANYA PARTY,lost,2172
Mahabubabad,Mahabubabad (16),BANOTH LINGYA NAIK,INDEPENDENT,lost,1715
Mahabubabad,Mahabubabad (16),BODA PRASHANTH,INDEPENDENT,lost,1590
Mahabubabad,Mahabubabad (16),BURKA KRISHNAVENI,SOCIALIST PARTY (INDIA),lost,1448
Mahabubabad,Mahabubabad (16),BANOTHU LINGANNA,BLUE INDIA PARTY,lost,1367
Mahabubabad,Mahabubabad (16),VANKUDOTHU RAVI KUMAR (RAVANNA),TELANGANA JAGHIR PARTY,lost,1125
Maharajganj,Maharajganj(19),"JANARDAN SINGH ""SIGRIWAL""",BHARATIYA JANATA PARTY,won,529533
Maharajganj,Maharajganj(19),AAKASH KUMAR SINGH,INDIAN NATIONAL CONGRESS,lost,426882
Maharajganj,Maharajganj(19),NOTA,NONE OF THE ABOVE,nan,21687
Maharajganj,Maharajganj(19),TRIBHUWAN RAM,PEOPLES PARTY OF INDIA (DEMOCRATIC),lost,14838
Maharajganj,Maharajganj(19),MADHUSUDAN SINGH,BAHUJAN SAMAJ PARTY,lost,13402
Maharajganj,Maharajganj(19),AKHILESHWAR PRASAD SINGH,ALL INDIA MAJLIS-E-ITTEHADUL MUSLIMEEN,lost,7767
Maharajganj,Maharajganj(63),PANKAJ CHAUDHARY,BHARATIYA JANATA PARTY,won,591310
Maharajganj,Maharajganj(63),VIRENDRA CHAUDHARY,INDIAN NATIONAL CONGRESS,lost,555859
Maharajganj,Maharajganj(63),MO MAUSME ALAM,BAHUJAN SAMAJ PARTY,lost,32955
Maharajganj,Maharajganj(63),NOTA,NONE OF THE ABOVE,nan,9745
Maharajganj,Maharajganj(63),BRIJESH,ABHAY SAMAJ PARTY,lost,8583
Maharajganj,Maharajganj(63),CHHEDI MAJDOOR,INDEPENDENT,lost,3834
Maharajganj,Maharajganj(63),RAMPRIT,INDEPENDENT,lost,3029
Maharajganj,Maharajganj(63),SUNIL,INDEPENDENT,lost,2718
Maharajganj,Maharajganj(63),VINOD KUMAR PATEL,SARDAR PATEL SIDDHANT PARTY,lost,2418
Mahbubnagar,Mahbubnagar(11),ARUNA. D. K,BHARATIYA JANATA PARTY,won,510747
Mahbubnagar,Mahbubnagar(11),CHALLA VAMSHI CHAND REDDY,INDIAN NATIONAL CONGRESS,lost,506247
Mahbubnagar,Mahbubnagar(11),MANNE SRINIVAS REDDY,BHARAT RASHTRA SAMITHI,lost,154792
Mahbubnagar,Mahbubnagar(11),VENKATESWARLU TALLADA,ALLIANCE OF DEMOCRATIC REFORMS PARTY,lost,6379
Mahbubnagar,Mahbubnagar(11),KINNERA YADAGIRI,INDEPENDENT,lost,4470
Mahbubnagar,Mahbubnagar(11),NOTA,NONE OF THE ABOVE,nan,4330
Mahbubnagar,Mahbubnagar(11),KURA VENKATAIAH,INDEPENDENT,lost,4249
Mahbubnagar,Mahbubnagar(11),HARINDER REDDY MALLELA,INDEPENDENT,lost,3815
Mahbubnagar,Mahbubnagar(11),KARUKONDA SRINIVAS YADAV,INDEPENDENT,lost,3451
Mahbubnagar,Mahbubnagar(11),HANUMESH,INDEPENDENT,lost,3225
Mahbubnagar,Mahbubnagar(11),MOHD ALAUDDIN,BAHUJAN SAMAJ PARTY,lost,3077
Mahbubnagar,Mahbubnagar(11),GOVINDAMMA,INDEPENDENT,lost,2748
Mahbubnagar,Mahbubnagar(11),GANTLAVELLI RAKESH,DHARMA SAMAJ PARTY,lost,2618
Mahbubnagar,Mahbubnagar(11),UMASHANKAR NEMMIKANTI,INDEPENDENT,lost,2214
Mahbubnagar,Mahbubnagar(11),DINESH,INDEPENDENT,lost,1727
Mahbubnagar,Mahbubnagar(11),ANDHARI ANJAIAH,INDEPENDENT,lost,1675
Mahbubnagar,Mahbubnagar(11),SANGEPAGA SAROJANAMMA,INDEPENDENT,lost,1565
Mahbubnagar,Mahbubnagar(11),B. RAVINDER,SOCIAL JUSTICE PARTY OF INDIA,lost,1085
Mahbubnagar,Mahbubnagar(11),K. UDAY TEJ NAIK,INDEPENDENT,lost,1027
Mahbubnagar,Mahbubnagar(11),MARLA ANJANEYULU,JAI SWARAJ PARTY,lost,1020
Mahbubnagar,Mahbubnagar(11),NADIMINTI SRINIVASULU,INDEPENDENT,lost,985
Mahbubnagar,Mahbubnagar(11),M. NAVEEN REDDY,INDEPENDENT,lost,952
Mahbubnagar,Mahbubnagar(11),VIJAYA,INDEPENDENT,lost,596
Mahbubnagar,Mahbubnagar(11),ANEESUR RAHMAN,BAHUJAN MUKTI PARTY,lost,503
Mahbubnagar,Mahbubnagar(11),A. SRINIVASULU,INDEPENDENT,lost,438
Mahbubnagar,Mahbubnagar(11),KADINTI SHANKAR REDDY,VIDUTHALAI CHIRUTHAIGAL KATCHI,lost,432
Mahbubnagar,Mahbubnagar(11),NARESH REDDY,TELANGANA JAGHIR PARTY,lost,420
Mahbubnagar,Mahbubnagar(11),VENKATA RAMANA,INDEPENDENT,lost,353
Mahbubnagar,Mahbubnagar(11),BANDA SATYANARAYANA,INDEPENDENT,lost,264
Mahbubnagar,Mahbubnagar(11),PULLANGARI SANDEEP KUMAR REDDY,INDEPENDENT,lost,262
Mahbubnagar,Mahbubnagar(11),VISHNU VARDHAN REDDY THAPALAKINDHI,INDEPENDENT,lost,229
Mahbubnagar,Mahbubnagar(11),MUDAVATH BALARAJU NAIK,INDEPENDENT,lost,183
Mahesana,Mahesana(4),HARIBHAI PATEL,BHARATIYA JANATA PARTY,won,686406
Mahesana,Mahesana(4),RAMJI THAKOR,INDIAN NATIONAL CONGRESS,lost,358360
Mahesana,Mahesana(4),NOTA,NONE OF THE ABOVE,nan,11626
Mahesana,Mahesana(4),AMRUTLAL MAKWANA,BAHUJAN SAMAJ PARTY,lost,9874
Mahesana,Mahesana(4),CHAUHAN PRAKASHKUMAR TRIBHOVANDAS,AKHILA VIJAYA PARTY,lost,3882
Mahesana,Mahesana(4),PATEL MANUBHAI SHANKARLAL,INDEPENDENT,lost,3672
Mahesana,Mahesana(4),ZALA VIKRAMSINH BANESINH,RASHTRA NIRMAN PARTY,lost,3007
Mainpuri,Mainpuri(21),DIMPLE YADAV,SAMAJWADI PARTY,won,598526
Mainpuri,Mainpuri(21),JAYVEER SINGH,BHARATIYA JANATA PARTY,lost,376887
Mainpuri,Mainpuri(21),SHIV PRASAD YADAV,BAHUJAN SAMAJ PARTY,lost,66814
Mainpuri,Mainpuri(21),NOTA,NONE OF THE ABOVE,nan,4582
Mainpuri,Mainpuri(21),SURESH CHANDRA,INDEPENDENT,lost,2374
Mainpuri,Mainpuri(21),NAND RAM BAGRI,VOTERS PARTY INTERNATIONAL,lost,1769
Mainpuri,Mainpuri(21),MANJU PAL,BHARTIYA SHAKTI CHETNA PARTY,lost,1171
Mainpuri,Mainpuri(21),PRAMOD KUMAR,INDEPENDENT,lost,1006
Mainpuri,Mainpuri(21),SUNIL KUMAR MISHRA,SARVA SAMAJ JANATA PARTY,lost,882
Malappuram,Malappuram(6),E.T. MOHAMMED BASHEER,INDIAN UNION MUSLIM LEAGUE,won,644006
Malappuram,Malappuram(6),V. VASEEF,COMMUNIST PARTY OF INDIA (MARXIST),lost,343888
Malappuram,Malappuram(6),DR. ABDUL SALAM,BHARATIYA JANATA PARTY,lost,85361
Malappuram,Malappuram(6),NOTA,NONE OF THE ABOVE,nan,6766
Malappuram,Malappuram(6),T. KRISHNAN,BAHUJAN SAMAJ PARTY,lost,1417
Malappuram,Malappuram(6),P.C. NARAYANAN,BAHUJAN DRAVIDA PARTY,lost,1309
Malappuram,Malappuram(6),NASEEF ALI MULLAPPALLI,INDEPENDENT,lost,1168
Malappuram,Malappuram(6),ABDULSALAM S/O MUHAMMED HAJI,INDEPENDENT,lost,783
Malappuram,Malappuram(6),THRISSUR NAZEER,INDEPENDENT,lost,484
Maldaha Dakshin,Maldaha Dakshin(8),ISHA KHAN CHOUDHURY,INDIAN NATIONAL CONGRESS,won,572395
Maldaha Dakshin,Maldaha Dakshin(8),SREERUPA MITRA CHAUDHURY (NIRBHAYA DIDI),BHARATIYA JANATA PARTY,lost,444027
Maldaha Dakshin,Maldaha Dakshin(8),SHAHNAWAZ ALI RAIHAN,ALL INDIA TRINAMOOL CONGRESS,lost,301026
Maldaha Dakshin,Maldaha Dakshin(8),PURNOCHANDRA MANDAL,INDEPENDENT,lost,8383
Maldaha Dakshin,Maldaha Dakshin(8),AHMED HEDATUL HASAN,INDEPENDENT,lost,5736
Maldaha Dakshin,Maldaha Dakshin(8),MD. JAMAL SAIKH,INDEPENDENT,lost,5386
Maldaha Dakshin,Maldaha Dakshin(8),BIKASH RABIDAS,BAHUJAN SAMAJ PARTY,lost,5065
Maldaha Dakshin,Maldaha Dakshin(8),BIJOY KUMAR SARKAR,INDEPENDENT,lost,4776
Maldaha Dakshin,Maldaha Dakshin(8),SUSMITA DEY KARJEE,BHARTIYA LOKMAT RASHTRWADI PARTY,lost,3535
Maldaha Dakshin,Maldaha Dakshin(8),AMAL KUMAR RABIDAS,INDEPENDENT,lost,3271
Maldaha Dakshin,Maldaha Dakshin(8),KAVIR MADAN DAS,AMBEDKARITE PARTY OF INDIA,lost,3140
Maldaha Dakshin,Maldaha Dakshin(8),NOTA,NONE OF THE ABOVE,nan,2797
Maldaha Dakshin,Maldaha Dakshin(8),ASIM MANDAL,JAN SANGH PARTY,lost,2788
Maldaha Dakshin,Maldaha Dakshin(8),MD SHAHNAWAJ RAHMATULLAH,SOCIAL DEMOCRATIC PARTY OF INDIA,lost,2323
Maldaha Dakshin,Maldaha Dakshin(8),JALALUDDIN SARKAR,BHARATIYA NYAY-ADHIKAR RAKSHA PARTY,lost,2075
Maldaha Dakshin,Maldaha Dakshin(8),ANGSHUDHAR MANDAL,SOCIALIST UNITY CENTRE OF INDIA (COMMUNIST),lost,1189
Maldaha Dakshin,Maldaha Dakshin(8),MD NUR ISLAM SEKH,RASHTRIYA SECULAR MAJLIS PARTY,lost,1136
Maldaha Dakshin,Maldaha Dakshin(8),MD MONIRUL HASAN,JAMAT-E-SERATUL MUSTAKIM,lost,741
Maldaha Uttar,Maldaha Uttar(7),KHAGEN MURMU,BHARATIYA JANATA PARTY,won,527023
Maldaha Uttar,Maldaha Uttar(7),PRASUN BANERJEE,ALL INDIA TRINAMOOL CONGRESS,lost,449315
Maldaha Uttar,Maldaha Uttar(7),ALAM MOSTAQUE,INDIAN NATIONAL CONGRESS,lost,384764
Maldaha Uttar,Maldaha Uttar(7),JATISH KISKU,INDEPENDENT,lost,8683
Maldaha Uttar,Maldaha Uttar(7),MONATAN HEMBRAM,INDEPENDENT,lost,7933
Maldaha Uttar,Maldaha Uttar(7),NOTA,NONE OF THE ABOVE,nan,7288
Maldaha Uttar,Maldaha Uttar(7),SWAPAN MAHATO,INDEPENDENT,lost,7237
Maldaha Uttar,Maldaha Uttar(7),SANATAN RISHI,BAHUJAN SAMAJ PARTY,lost,5632
Maldaha Uttar,Maldaha Uttar(7),JOSEPH KISKU,AMBEDKARITE PARTY OF INDIA,lost,4637
Maldaha Uttar,Maldaha Uttar(7),MONJU HEMBROM,INDEPENDENT,lost,3538
Maldaha Uttar,Maldaha Uttar(7),MD FARUQUE HOSSAIN,INDEPENDENT,lost,3375
Maldaha Uttar,Maldaha Uttar(7),SOMNATH DAS,BHARATIYA NYAY-ADHIKAR RAKSHA PARTY,lost,3164
Maldaha Uttar,Maldaha Uttar(7),SUBHASH BARMAN,KAMATAPUR PEOPLE’S PARTY (UNITED),lost,2019
Maldaha Uttar,Maldaha Uttar(7),KALICHARAN ROY,SOCIALIST UNITY CENTRE OF INDIA (COMMUNIST),lost,1293
Maldaha Uttar,Maldaha Uttar(7),MD SOHEL,ALL INDIA SECULAR FRONT,lost,1092
Maldaha Uttar,Maldaha Uttar(7),NARESH PAL,JAN SANGH PARTY,lost,596
Malkajgiri,Malkajgiri(7),EATALA RAJENDER,BHARATIYA JANATA PARTY,won,991042
Malkajgiri,Malkajgiri(7),PATNAM SUNEETHA MAHENDER REDDY,INDIAN NATIONAL CONGRESS,lost,599567
Malkajgiri,Malkajgiri(7),RAGIDI LAXMA REDDY,BHARAT RASHTRA SAMITHI,lost,300486
Malkajgiri,Malkajgiri(7),NOTA,NONE OF THE ABOVE,nan,13366
Malkajgiri,Malkajgiri(7),THALLADA VENKATESWARLU,INDEPENDENT,lost,6800
Malkajgiri,Malkajgiri(7),ANITHA REDDY SHEELAM,BAHUJAN SAMAJ PARTY,lost,4779
Malkajgiri,Malkajgiri(7),VAISHNAVI PRASAD,INDEPENDENT,lost,1912
Malkajgiri,Malkajgiri(7),PAREE (PESARIKAYALA PAREEKSHITH REDDY),INDEPENDENT,lost,1835
Malkajgiri,Malkajgiri(7),DONTHULA BIKSHAPATHI,INDEPENDENT,lost,1821
Malkajgiri,Malkajgiri(7),BHARATHA SUDARSHAN,INDEPENDENT,lost,1643
Malkajgiri,Malkajgiri(7),APPARAO KONDA,RASHTRA SAMANYA PRAJA PARTY,lost,1162
Malkajgiri,Malkajgiri(7),MOUTAM SAMPATH,INDEPENDENT,lost,1137
Malkajgiri,Malkajgiri(7),RAJESH MISHRA,INDEPENDENT,lost,1110
Malkajgiri,Malkajgiri(7),BANJAPALLY SUDHA RANI,INDEPENDENT,lost,1069
Malkajgiri,Malkajgiri(7),CHIRIPI REDDY RAMESH,INDEPENDENT,lost,987
Malkajgiri,Malkajgiri(7),PEDDAPALLI SANDEEP,BHARATHIYA YUVAKULA DALAM,lost,933
Malkajgiri,Malkajgiri(7),BOIN DURGA PRASAD YADAV,DHARMA SAMAJ PARTY,lost,789
Malkajgiri,Malkajgiri(7),CHAMAKURA RAJAIAH ALIAS PIDIKILI RAJU,SOCIAL JUSTICE PARTY OF INDIA,lost,723
Malkajgiri,Malkajgiri(7),NARRA SUKHENDER REDDY,VIDHYARTHULA RAJAKIYA PARTY,lost,694
Malkajgiri,Malkajgiri(7),KANTE SAYANNA,INDEPENDENT,lost,539
Malkajgiri,Malkajgiri(7),JUVVA PHANI KUMAR CHOWDARY,JAI BHARAT NATIONAL PARTY,lost,508
Malkajgiri,Malkajgiri(7),YADISHWAR NAKKA,TELANGANA REPUBLICAN PARTY,lost,494
Malkajgiri,Malkajgiri(7),R. SUBENDER SINGH,INDEPENDENT,lost,447
Mandya,Mandya(20),H.D. KUMARASWAMY,JANATA DAL (SECULAR),won,851881
Mandya,Mandya(20),VENKATARAMANE GOWDA (STAR CHANDRU),INDIAN NATIONAL CONGRESS,lost,567261
Mandya,Mandya(20),CHANDAN GOWDA. K,INDEPENDENT,lost,12394
Mandya,Mandya(20),NOTA,NONE OF THE ABOVE,nan,7736
Mandya,Mandya(20),SHIVASHANKARA. S,BAHUJAN SAMAJ PARTY,lost,6964
Mandya,Mandya(20),RAMAIAH. D,INDEPENDENT,lost,3810
Mandya,Mandya(20),RANJITHA. N,INDEPENDENT,lost,2909
Mandya,Mandya(20),CHANDRASHEKARA. K.R (CHANDRU KEELARA),KARNATAKA RASHTRA SAMITHI,lost,1476
Mandya,Mandya(20),BUDAYYA. B.P,KARUNAADU PARTY,lost,1370
Mandya,Mandya(20),LOKESHA. S (AARYA LOKESH),UTTAMA PRAJAAKEEYA PARTY,lost,1163
Mandya,Mandya(20),BEERESH. C.T (SAINIKA BEERESH),INDEPENDENT,lost,931
Mandya,Mandya(20),N.BASAVARAJU,INDEPENDENT,lost,843
Mandya,Mandya(20),H.D. REVANNA,PURVANCHAL MAHAPANCHAYAT,lost,590
Mandya,Mandya(20),CHANNAMAYIGOWDA,INDEPENDENT,lost,497
Mandya,Mandya(20),S.ARVIND,INDEPENDENT,lost,442
Mathura,Mathura(17),HEMAMALINI DHARMENDRA DEOL,BHARATIYA JANATA PARTY,won,510064
Mathura,Mathura(17),MUKESH DHANGAR,INDIAN NATIONAL CONGRESS,lost,216657
Mathura,Mathura(17),SURESH SINGH,BAHUJAN SAMAJ PARTY,lost,188417
Mathura,Mathura(17),BHANU PRATAP SINGH,INDEPENDENT,lost,15665
Mathura,Mathura(17),NOTA,NONE OF THE ABOVE,nan,4563
Mathura,Mathura(17),RAKESH KUMAR,INDEPENDENT,lost,4494
Mathura,Mathura(17),JAGDISH PRASAD KAUSHIK ADVOCATE,RASHTRIYA SAMTA VIKAS PARTY,lost,3575
Mathura,Mathura(17),RAVI VERMA,INDEPENDENT,lost,2724
Mathura,Mathura(17),SHIKHA SHARMA,INDEPENDENT,lost,2251
Mathura,Mathura(17),KAMAL KANT SHARMA,INDEPENDENT,lost,1503
Mathura,Mathura(17),YOGESH KUMAR TALAN,INDEPENDENT,lost,1493
Mathura,Mathura(17),MONI FALHARI BAPU,INDEPENDENT,lost,1326
Mathura,Mathura(17),KSHETRA PAL SINGH,INDEPENDENT,lost,1211
Mathura,Mathura(17),DR. RASHMI YADAV,INDEPENDENT,lost,1189
Mathura,Mathura(17),PRAVESHANAND PURI,INDEPENDENT,lost,1085
Mathura,Mathura(17),SURESH CHANDRA VAGHEL,RASHTRIYA SHOSHIT SAMAJ PARTY,lost,829
Mathurapur,Mathurapur(20),BAPI HALDAR,ALL INDIA TRINAMOOL CONGRESS,won,755731
Mathurapur,Mathurapur(20),ASHOK PURKAIT,BHARATIYA JANATA PARTY,lost,554674
Mathurapur,Mathurapur(20),AJAY KUMAR DAS,ALL INDIA SECULAR FRONT,lost,87606
Mathurapur,Mathurapur(20),DR SARAT CHANDRA HALDER,COMMUNIST PARTY OF INDIA (MARXIST),lost,61100
Mathurapur,Mathurapur(20),BAPI HALDER,INDEPENDENT,lost,8934
Mathurapur,Mathurapur(20),NOTA,NONE OF THE ABOVE,nan,8631
Mathurapur,Mathurapur(20),BAPI HALDAR,INDEPENDENT,lost,5626
Mathurapur,Mathurapur(20),BISWANATH SARDAR,SOCIALIST UNITY CENTRE OF INDIA (COMMUNIST),lost,4534
Mathurapur,Mathurapur(20),PANKAJ KUMAR HALDER,BAHUJAN SAMAJ PARTY,lost,4257
Mathurapur,Mathurapur(20),ASHOKE SARDAR,INDEPENDENT,lost,1501
Mathurapur,Mathurapur(20),ASHOKE PUROKAIT,INDEPENDENT,lost,1501
Mathurapur,Mathurapur(20),BAPPA DAS,PARTY FOR DEMOCRATIC SOCIALISM,lost,1209
Mathurapur,Mathurapur(20),RUDRA PRASAD MANDAL,MULNIBASI PARTY OF INDIA,lost,720
Maval,Maval(33),SHRIRANG APPA CHANDU BARNE,SHIV SENA,won,692832
Maval,Maval(33),SANJOG BHIKU WAGHERE PATIL,SHIV SENA (UDDHAV BALASAHEB THACKREY),lost,596217
Maval,Maval(33),MADHAVITAI NARESH JOSHI,VANCHIT BAHUJAN AAGHADI,lost,27768
Maval,Maval(33),NOTA,NONE OF THE ABOVE,nan,16760
Maval,Maval(33),RAJARAM NARAYAN PATIL,BAHUJAN SAMAJ PARTY,lost,14003
Maval,Maval(33),ADV JYOTISHWAR VISHNU BHOSALE,BALIRAJA PARTY,lost,10879
Maval,Maval(33),UMAKANT RAMESHWAR MISHRA,INDEPENDENT,lost,5030
Maval,Maval(33),SANJOG PATIL,INDEPENDENT,lost,4830
Maval,Maval(33),KAMBLE MARUTI APARAI,INDEPENDENT,lost,4829
Maval,Maval(33),AJAY HANUMANT LONDHE,INDEPENDENT,lost,4767
Maval,Maval(33),SANTOSH UBALE,BHIM SENA,lost,3825
Maval,Maval(33),ADHALGE LAXMAN SADASHIV,INDEPENDENT,lost,3167
Maval,Maval(33),SUHAS MANOHAR RANE,INDEPENDENT,lost,2923
Maval,Maval(33),IQBAL IBRAHIM NAWDEKAR,INDEPENDENT,lost,2900
Maval,Maval(33),DADARAO KISAN KAMBLE,INDEPENDENT,lost,2642
Maval,Maval(33),RAHUL NIVRUTTI MADANE,INDEPENDENT,lost,2282
Maval,Maval(33),TUSHAR DIGAMBAR LONDHE,BAHUJAN BHARAT PARTY,lost,2203
Maval,Maval(33),RAHIM MAINUDDIN SAYYAD,AAZAD SAMAJ PARTY (KANSHI RAM),lost,2149
Maval,Maval(33),INDRAJEET D GOND,INDEPENDENT,lost,2135
Maval,Maval(33),SHIVAJI KISAN JADHAV,ALL INDIA FORWARD BLOC,lost,1676
Maval,Maval(33),YASHWANT VITTHAL PAWAR,KRANTI KARI JAI HIND SENA,lost,1638
Maval,Maval(33),PRAFUL PANDIT BHOSALE,INDEPENDENT,lost,1603
Maval,Maval(33),RAJENDRA MARUTI KATE,INDEPENDENT,lost,1419
Maval,Maval(33),MAHESH THAKUR,DHARMARAJYA PAKSHA,lost,1372
Maval,Maval(33),PRASHANT RAMKRISHNA BHAGAT,BHARATHEEYA JAWAN KISAN PARTY,lost,1291
Maval,Maval(33),PANKAJ PRABHAKAR OZARKAR,AKHIL BHARTIYA PARIVAR PARTY,lost,1261
Maval,Maval(33),MANOJ BHASKAR GARBADE,INDEPENDENT,lost,1233
Maval,Maval(33),HAJRAT IMAMSAB PATEL,INDEPENDENT,lost,1093
Maval,Maval(33),GOVIND GANGARAM HERODE,INDEPENDENT,lost,966
Maval,Maval(33),MADHUKAR DAMODAR THORAT,INDEPENDENT,lost,905
Maval,Maval(33),RAFIQUE RASHID QURESHI,DESH JANHIT PARTY,lost,829
Maval,Maval(33),CHIMAJI DHONDIBA SHINDE,INDEPENDENT,lost,757
Maval,Maval(33),ADV RAJU PATIL,INDEPENDENT,lost,670
Maval,Maval(33),MUKESH MANOHAR AGARWAL,INDEPENDENT,lost,547
Mavelikkara,Mavelikkara (16),KODIKUNNIL SURESH,INDIAN NATIONAL CONGRESS,won,369516
Mavelikkara,Mavelikkara (16),ADV ARUN KUMAR C A,COMMUNIST PARTY OF INDIA,lost,358648
Mavelikkara,Mavelikkara (16),BAIJU KALASALA,BHARATH DHARMA JANA SENA,lost,142984
Mavelikkara,Mavelikkara (16),NOTA,NONE OF THE ABOVE,nan,9883
Mavelikkara,Mavelikkara (16),C MONICHEN,INDEPENDENT,lost,4974
Mavelikkara,Mavelikkara (16),SANTHOSH PALATHUMPADAN,BAHUJAN SAMAJ PARTY,lost,4306
Mavelikkara,Mavelikkara (16),SURESH NOORANAD,AMBEDKARITE PARTY OF INDIA,lost,1505
Mavelikkara,Mavelikkara (16),K BIMALJI,SOCIALIST UNITY CENTRE OF INDIA (COMMUNIST),lost,1370
Mavelikkara,Mavelikkara (16),MANTHARA VELAYUDHAN,INDEPENDENT,lost,929
Mavelikkara,Mavelikkara (16),KOZHUVASSERIL SURESH,INDEPENDENT,lost,856
Mayurbhanj,Mayurbhanj(5),NABA CHARAN MAJHI,BHARATIYA JANATA PARTY,won,585971
Mayurbhanj,Mayurbhanj(5),SUDAM MARNDI,BIJU JANATA DAL,lost,366637
Mayurbhanj,Mayurbhanj(5),ANJANI SOREN,JHARKHAND MUKTI MORCHA,lost,135399
Mayurbhanj,Mayurbhanj(5),NOTA,NONE OF THE ABOVE,nan,19953
Mayurbhanj,Mayurbhanj(5),RABINDRA NATH SINGH,INDEPENDENT,lost,9324
Mayurbhanj,Mayurbhanj(5),ASHOK KUMAR SING,INDEPENDENT,lost,8953
Mayurbhanj,Mayurbhanj(5),JATIA SAWAYAN,BAHUJAN SAMAJ PARTY,lost,8502
Mayurbhanj,Mayurbhanj(5),SANTILATA CHATTAR,INDEPENDENT,lost,8477
Mayurbhanj,Mayurbhanj(5),PITAMBAR NAIK,SOCIALIST UNITY CENTRE OF INDIA (COMMUNIST),lost,8114
Mayurbhanj,Mayurbhanj(5),ANTA ALOK BASKEY,AJSU PARTY,lost,5394
Mayurbhanj,Mayurbhanj(5),BAJUN HANSDA,INDEPENDENT,lost,5322
Mayurbhanj,Mayurbhanj(5),KANHU CHARAN TUDU,INDEPENDENT,lost,5138
Mayurbhanj,Mayurbhanj(5),SUKANTA HEMBRAM,BHARATIYA NYAY-ADHIKAR RAKSHA PARTY,lost,3656
Mayurbhanj,Mayurbhanj(5),GURU CHARAN HEMBRAM,BHARATHEEYA JAWAN KISAN PARTY,lost,3210
Medak,Medak(6),MADHAVANENI RAGHUNANDAN RAO,BHARATIYA JANATA PARTY,won,471217
Medak,Medak(6),NEELAM MADHU,INDIAN NATIONAL CONGRESS,lost,432078
Medak,Medak(6),P. VENKATRAMA REDDY,BHARAT RASHTRA SAMITHI,lost,396790
Medak,Medak(6),NANDA KISHORE TALLADA,ALLIANCE OF DEMOCRATIC REFORMS PARTY,lost,17216
Medak,Medak(6),SARA YADAGIRI GOUD,PRAJA VELUGU PARTY,lost,11060
Medak,Medak(6),BODAPATLA ESHWAR,BAHUJAN SAMAJ PARTY,lost,7463
Medak,Medak(6),DUBALA SRI SAILAM,INDEPENDENT,lost,5166
Medak,Medak(6),ADLA KUMAR,INDEPENDENT,lost,5116
Medak,Medak(6),NOTA,NONE OF THE ABOVE,nan,4617
Medak,Medak(6),BANDAPALLY SRINIVAS,SOCIALIST UNITY CENTRE OF INDIA (COMMUNIST),lost,2366
Medak,Medak(6),ANIL GOUD,BHARAT JODO PARTY,lost,2132
Medak,Medak(6),ATI ANJANEYULU,INDEPENDENT,lost,2038
Medak,Medak(6),ABHILASH CHELIMELA,INDEPENDENT,lost,2031
Medak,Medak(6),MAISANGARI SUNIL,INDIA PRAJA BANDHU PARTY,lost,2011
Medak,Medak(6),PRADEEP,INDEPENDENT,lost,2010
Medak,Medak(6),INDRAGOUD SILIVERI,NATIONAL NAVA KRANTHI PARTY,lost,1774
Medak,Medak(6),NAGAMANI ACHA,INDEPENDENT,lost,1540
Medak,Medak(6),A. KRANTHI KUMAR,INDEPENDENT,lost,1467
Medak,Medak(6),MAREPALLY LAXMINARAYANA,INDEPENDENT,lost,1414
Medak,Medak(6),BALESH UPPARI,INDEPENDENT,lost,1393
Medak,Medak(6),VENKATESH BEJUGAM,INDEPENDENT,lost,1264
Medak,Medak(6),BOMMALA VIJAY KUMAR,INDEPENDENT,lost,1196
Medak,Medak(6),ANNELA LAXMAN,DHARMA SAMAJ PARTY,lost,1152
Medak,Medak(6),ABHILASH SHIRNA,INDEPENDENT,lost,924
Medak,Medak(6),DODLA VENKAT,TELANGANA PRAJA SHAKTHI PARTY,lost,917
Medak,Medak(6),ABISHEK GOUD THABETI,JANA SHANKHAARAAVAM PARTY,lost,797
Medak,Medak(6),MEDI SRINIVAS REDDI,INDEPENDENT,lost,793
Medak,Medak(6),VUTLA RAMESH,INDEPENDENT,lost,778
Medak,Medak(6),D. NARAHARI,INDEPENDENT,lost,675
Medak,Medak(6),GOLLAPALLY SAYA GOUD,PYRAMID PARTY OF INDIA,lost,658
Medak,Medak(6),SATYANARAYANA GOUD KOVURI,INDEPENDENT,lost,607
Medak,Medak(6),DASARI BHANUCHANDER,INDEPENDENT,lost,575
Medak,Medak(6),DADIGE RAJENDAR,INDEPENDENT,lost,559
Medak,Medak(6),C.H. NAVEEN KUMAR,INDEPENDENT,lost,531
Medak,Medak(6),KONDI ASHOK,INDEPENDENT,lost,509
Medak,Medak(6),URELLI YELLAIAH,VIDUTHALAI CHIRUTHAIGAL KATCHI,lost,494
Medak,Medak(6),GONDHI BHUJANGAMU,INDEPENDENT,lost,431
Medak,Medak(6),MOHD AZHER,INDEPENDENT,lost,416
Medak,Medak(6),S RAJESH SAGAR,INDEPENDENT,lost,348
Medak,Medak(6),KASOJU SRIKANTH,INDEPENDENT,lost,344
Medak,Medak(6),K. LAXMINARAYANA,INDEPENDENT,lost,317
Medak,Medak(6),KOLKUR PRATAP,INDEPENDENT,lost,293
Medak,Medak(6),GADILA ANJANEYULU,INDEPENDENT,lost,290
Medak,Medak(6),GOUTI MALLESH,INDEPENDENT,lost,248
Medak,Medak(6),K.RAGHU,INDEPENDENT,lost,224
Medinipur,Medinipur(34),JUNE MALIAH,ALL INDIA TRINAMOOL CONGRESS,won,702192
Medinipur,Medinipur(34),AGNIMITRA PAUL,BHARATIYA JANATA PARTY,lost,675001
Medinipur,Medinipur(34),BIPLAB BHATTA,COMMUNIST PARTY OF INDIA,lost,57785
Medinipur,Medinipur(34),NOTA,NONE OF THE ABOVE,nan,12424
Medinipur,Medinipur(34),ANINDITA JANA,SOCIALIST UNITY CENTRE OF INDIA (COMMUNIST),lost,9791
Medinipur,Medinipur(34),SANJIB DEY,INDEPENDENT,lost,8711
Medinipur,Medinipur(34),ANJAN (BABALU) MANDAL,BAHUJAN SAMAJ PARTY,lost,6503
Medinipur,Medinipur(34),KAMALESH MAHATA,INDEPENDENT,lost,4250
Medinipur,Medinipur(34),SUKESH CHANDRA PALMAL,INDEPENDENT,lost,2762
Medinipur,Medinipur(34),BISWAJIT DAS,INDEPENDENT,lost,2144
Meerut,Meerut(10),ARUN GOVIL,BHARATIYA JANATA PARTY,won,546469
Meerut,Meerut(10),SUNITA VERMA,SAMAJWADI PARTY,lost,535884
Meerut,Meerut(10),DEVVRAT KUMAR TYAGI,BAHUJAN SAMAJ PARTY,lost,87025
Meerut,Meerut(10),NOTA,NONE OF THE ABOVE,nan,4776
Meerut,Meerut(10),BHUPENDRA PAL URF BHUPPI BHAI,RASHTRIYA SHOSHIT SAMAJ PARTY,lost,2626
Meerut,Meerut(10),HAJI AFZAL,SABSE ACHCHHI PARTY,lost,2029
Meerut,Meerut(10),ABID HUSAIN,SOCIAL DEMOCRATIC PARTY OF INDIA,lost,1922
Meerut,Meerut(10),LIYAKAT,MAJLOOM SAMAJ PARTY,lost,894
Meerut,Meerut(10),DR HIMANSHU BHATNAGAR,JAI HIND NATIONAL PARTY,lost,854
Mirzapur,Mirzapur(79),ANUPRIYA PATEL,APNA DAL (SONEYLAL),won,471631
Mirzapur,Mirzapur(79),RAMESH CHAND BIND,SAMAJWADI PARTY,lost,433821
Mirzapur,Mirzapur(79),MANISH KUMAR,BAHUJAN SAMAJ PARTY,lost,144446
Mirzapur,Mirzapur(79),NOTA,NONE OF THE ABOVE,nan,15049
Mirzapur,Mirzapur(79),RAJESH,INDEPENDENT,lost,10936
Mirzapur,Mirzapur(79),LAL JI VERMA,INDEPENDENT,lost,6359
Mirzapur,Mirzapur(79),ANIL KUMAR,EKLAVYA SAMAJ PARTY,lost,6171
Mirzapur,Mirzapur(79),DAULAT SINGH,APNA DAL (KAMERAWADI),lost,5235
Mirzapur,Mirzapur(79),RAMDHANI,RASHTRIYA SAMAJ PAKSHA,lost,4915
Mirzapur,Mirzapur(79),SAMEER SINGH,ALL INDIA FORWARD BLOC,lost,3487
Mirzapur,Mirzapur(79),SATYADEV,PURVANCHAL MAHAPANCHAYAT,lost,3355
Misrikh,Misrikh(32),ASHOK KUMAR RAWAT,BHARATIYA JANATA PARTY,won,475016
Misrikh,Misrikh(32),SANGITA RAJVANSHI,SAMAJWADI PARTY,lost,441610
Misrikh,Misrikh(32),B R AHIRWAR,BAHUJAN SAMAJ PARTY,lost,111945
Misrikh,Misrikh(32),NOTA,NONE OF THE ABOVE,nan,8029
Misrikh,Misrikh(32),RAMPAL,INDEPENDENT,lost,3978
Misrikh,Misrikh(32),LALIT KUMAR,BHARTIYA SHAKTI CHETNA PARTY,lost,3815
Misrikh,Misrikh(32),Neelam Singh,INDEPENDENT,lost,2905
Misrikh,Misrikh(32),VANDNA VERMA,NAARI NAR RAKSHAK PARTY,lost,1912
Misrikh,Misrikh(32),AVDHESH,INDEPENDENT,lost,1423
Misrikh,Misrikh(32),SAVITRI DEVI,RASHTRIYA JANSHAKTI SAMAJ PARTY,lost,1350
Mohanlalganj,Mohanlalganj(34),R.K. CHAUDHARY,SAMAJWADI PARTY,won,667869
Mohanlalganj,Mohanlalganj(34),KAUSHAL KISHORE,BHARATIYA JANATA PARTY,lost,597577
Mohanlalganj,Mohanlalganj(34),RAJESH KUMAR,BAHUJAN SAMAJ PARTY,lost,88461
Mohanlalganj,Mohanlalganj(34),NOTA,NONE OF THE ABOVE,nan,8866
Mohanlalganj,Mohanlalganj(34),MAHENDRA,INDEPENDENT,lost,2661
Mohanlalganj,Mohanlalganj(34),SUSHIL KUMAR,INDEPENDENT,lost,2627
Mohanlalganj,Mohanlalganj(34),RAMESH KUMAR,INDEPENDENT,lost,1841
Mohanlalganj,Mohanlalganj(34),SUNITA CHHEDA PASI,AAM JANTA PARTY (INDIA),lost,1749
Mohanlalganj,Mohanlalganj(34),S. L.SINGH,PEOPLES PARTY OF INDIA (DEMOCRATIC),lost,1717
Mohanlalganj,Mohanlalganj(34),BRIJESH KUMAR VIKRAM,RASHTRIYA SAMAJ PAKSHA,lost,1655
Mohanlalganj,Mohanlalganj(34),JITENDRA KUMAR,INDEPENDENT,lost,1414
Mohanlalganj,Mohanlalganj(34),SURAJ KUMAR,SARDAR PATEL SIDDHANT PARTY,lost,1015
Moradabad,Moradabad(6),RUCHI VIRA,SAMAJWADI PARTY,won,637363
Moradabad,Moradabad(6),KUNWAR SARVESH KUMAR,BHARATIYA JANATA PARTY,lost,531601
Moradabad,Moradabad(6),MO IRFAN,BAHUJAN SAMAJ PARTY,lost,92313
Moradabad,Moradabad(6),NOTA,NONE OF THE ABOVE,nan,5824
Moradabad,Moradabad(6),AJAY YADAV,APNA HAQ PARTY,lost,4094
Moradabad,Moradabad(6),MUSHARRAT HUSAIN,INDEPENDENT,lost,2583
Moradabad,Moradabad(6),SADHNA SINGH,INDEPENDENT,lost,2296
Moradabad,Moradabad(6),MOHD JAMSHED,INDEPENDENT,lost,1719
Moradabad,Moradabad(6),ONKAR SINGH,BHARATIYA BAHUJAN SAMTA PARTY,lost,1459
Moradabad,Moradabad(6),SHAKIL AHMED,SAMATA PARTY,lost,1356
Moradabad,Moradabad(6),AMARJEET SINGH JATAV,INDEPENDENT,lost,952
Moradabad,Moradabad(6),HAR KISHORE SINGH,SOCIALIST UNITY CENTRE OF INDIA (COMMUNIST),lost,940
Moradabad,Moradabad(6),GANGARAM SHARMA,RASHTRIYA CONGRESS(J) PARTY,lost,685
Mumbai North Central,Mumbai North Central(29),GAIKWAD VARSHA EKNATH,INDIAN NATIONAL CONGRESS,won,445545
Mumbai North Central,Mumbai North Central(29),ADV UJWAL NIKAM,BHARATIYA JANATA PARTY,lost,429031
Mumbai North Central,Mumbai North Central(29),NOTA,NONE OF THE ABOVE,nan,9749
Mumbai North Central,Mumbai North Central(29),SANTOSH GANPAT AMBULGE,VANCHIT BAHUJAN AAGHADI,lost,8288
Mumbai North Central,Mumbai North Central(29),AYYUB AMIN HUNGUND,BAHUJAN SAMAJ PARTY,lost,3243
Mumbai North Central,Mumbai North Central(29),ANSON THOMAS,PEOPLE'S PARTY OF INDIA(SECULAR),lost,2211
Mumbai North Central,Mumbai North Central(29),RAMZAN ALI CHAUDHARY,ALL INDIA MAJLIS-E-ITTEHADUL MUSLIMEEN,lost,1531
Mumbai North Central,Mumbai North Central(29),AJAZ MOHAMMAD SAFI KHAN,INDEPENDENT,lost,1041
Mumbai North Central,Mumbai North Central(29),HAYATULAH ABDULAH SHAIKH,AKHIL BHARATIYA MUSLIM LEAGUE (SECULAR),lost,821
Mumbai North Central,Mumbai North Central(29),SHANTARAM S DIGHE,INDEPENDENT,lost,733
Mumbai North Central,Mumbai North Central(29),NAZMAKHATHUN MOHAMMED ZAFAR KHAN,INDEPENDENT,lost,732
Mumbai North Central,Mumbai North Central(29),NARENDRA MISHRA,INDEPENDENT,lost,708
Mumbai North Central,Mumbai North Central(29),HARSHADA BABURAV JADHAV,MAHARASHTRA VIKAS AGHADI,lost,690
Mumbai North Central,Mumbai North Central(29),ADV ASIF ALI SIDDIQUIE,INDEPENDENT,lost,683
Mumbai North Central,Mumbai North Central(29),RAMA ARUN SABLE,INDEPENDENT,lost,636
Mumbai North Central,Mumbai North Central(29),SANDEEP BHAU RAMCHANDRA JADHAV,INDEPENDENT,lost,623
Mumbai North Central,Mumbai North Central(29),DR GAFFAR IBRAHIM SAYED,INDEPENDENT,lost,586
Mumbai North Central,Mumbai North Central(29),ADV UTTAMKUMAR NAKUL SAJANI SAHU,INDEPENDENT,lost,558
Mumbai North Central,Mumbai North Central(29),KHAN ABBAS AHMED,BAHUJAN MAHA PARTY,lost,428
Mumbai North Central,Mumbai North Central(29),MUSHTAQUE HAIDER SHAIKH,INDEPENDENT,lost,405
Mumbai North Central,Mumbai North Central(29),DR ADV YASHWANT RAMBHAU KASBE,BHARTIYA JAN VIKAS AAGHADI,lost,391
Mumbai North Central,Mumbai North Central(29),KURBAN SHAHADAT HUSAIN,RASHTRIYA ULAMA COUNCIL,lost,367
Mumbai North Central,Mumbai North Central(29),ABDUL TAHIR ADVOCATE BABLU RAJNIKANT,INDEPENDENT,lost,355
Mumbai North Central,Mumbai North Central(29),SHAUKAT ABDUL RAFIQ KHAN,INSANIYAT PARTY,lost,345
Mumbai North Central,Mumbai North Central(29),RAJESH MOHAN LOKHANDE,INDEPENDENT,lost,289
Mumbai North Central,Mumbai North Central(29),YUNUSALI RASHID MULLA,INDEPENDENT,lost,220
Mumbai North Central,Mumbai North Central(29),ADV FEROZ SHAIKH,INDEPENDENT,lost,180
Mumbai North Central,Mumbai North Central(29),MUZAFAR ALI SHAIKH,INDEPENDENT,lost,173
Mumbai North East,Mumbai North East(28),SANJAY DINA PATIL,SHIV SENA (UDDHAV BALASAHEB THACKREY),won,450937
Mumbai North East,Mumbai North East(28),MIHIR CHANDRAKANT KOTECHA,BHARATIYA JANATA PARTY,lost,421076
Mumbai North East,Mumbai North East(28),DAULAT KADAR KHAN,VANCHIT BAHUJAN AAGHADI,lost,14657
Mumbai North East,Mumbai North East(28),NOTA,NONE OF THE ABOVE,nan,10173
Mumbai North East,Mumbai North East(28),NANDESH VITHAL UMAP,BAHUJAN SAMAJ PARTY,lost,8318
Mumbai North East,Mumbai North East(28),DR. SUSHMA MAURYA,INDEPENDENT,lost,2891
Mumbai North East,Mumbai North East(28),SANJAY B. PATIL,NATIONAL PEOPLE'S PARTY,lost,2764
Mumbai North East,Mumbai North East(28),SANJU MARUTI PAWAR,MAHARASHTRA VIKAS AGHADI,lost,2582
Mumbai North East,Mumbai North East(28),PROF. DR. PRASHANT GANGAWANE,DESH JANHIT PARTY,lost,2373
Mumbai North East,Mumbai North East(28),PREM RAMAPATI GUPTA,INDEPENDENT,lost,1601
Mumbai North East,Mumbai North East(28),MOHAMMED AHMED SHAIKH,INDEPENDENT,lost,1294
Mumbai North East,Mumbai North East(28),MOHAMMAD ARMAN MOHAMMAD WASI KHAN,RASHTRIYA JANHIT SANGHARSH PARTY,lost,1090
Mumbai North East,Mumbai North East(28),VIDYA NAIK,INDEPENDENT,lost,979
Mumbai North East,Mumbai North East(28),BHOPINDER SINGH SAINI,VIRO KE VIR INDIAN PARTY,lost,946
Mumbai North East,Mumbai North East(28),BANSODE DILIP,INDEPENDENT,lost,838
Mumbai North East,Mumbai North East(28),BHAWANI H. CHOUDHARY,SARDAR VALLABHBHAI PATEL PARTY,lost,746
Mumbai North East,Mumbai North East(28),DATTATRAY ARJUN UTEKAR,BHARATHEEYA JAWAN KISAN PARTY,lost,711
Mumbai North East,Mumbai North East(28),COMRADE SURENDRA SIBAG,ALL INDIA FORWARD BLOC,lost,678
Mumbai North East,Mumbai North East(28),SHAHAJI NANAI THORAT,INDEPENDENT,lost,650
Mumbai North East,Mumbai North East(28),SANJAY SAOJI DESHPANDE,REPUBLICAN PARTY OF INDIA,lost,641
Mumbai North East,Mumbai North East(28),SANJAY PATIL,INDEPENDENT,lost,524
Mumbai North West,Mumbai North West(27),RAVINDRA DATTARAM WAIKAR,SHIV SENA,won,452644
Mumbai North West,Mumbai North West(27),AMOL GAJANAN KIRTIKAR,SHIV SENA (UDDHAV BALASAHEB THACKREY),lost,452596
Mumbai North West,Mumbai North West(27),NOTA,NONE OF THE ABOVE,nan,15161
Mumbai North West,Mumbai North West(27),PARMESHWAR ASHOK RANSHUR,VANCHIT BAHUJAN AAGHADI,lost,10052
Mumbai North West,Mumbai North West(27),RAJESH RAMKISAN MALLAH,BAHUJAN SAMAJ PARTY,lost,4812
Mumbai North West,Mumbai North West(27),SAMEER MORE,INDEPENDENT,lost,3173
Mumbai North West,Mumbai North West(27),SUNIL BHIMA CHAVAN,INDEPENDENT,lost,2002
Mumbai North West,Mumbai North West(27),BALA VENKATESH VINAYAK NADAR,AAPKI APNI PARTY (PEOPLES),lost,1763
Mumbai North West,Mumbai North West(27),ARORA SURINDER MOHAN,BHARAT JAN AADHAR PARTY,lost,1675
Mumbai North West,Mumbai North West(27),ROHAN SATONE,INDEPENDENT,lost,1479
Mumbai North West,Mumbai North West(27),ADV. SANJEEVKUMAR APPARAV KALKORI,INDEPENDENT,lost,1197
Mumbai North West,Mumbai North West(27),ADV. LATA PANDURANG SHINDE,INDEPENDENT,lost,1154
Mumbai North West,Mumbai North West(27),MANOJ SHRAVAN NAYAK,RIGHT TO RECALL PARTY,lost,1149
Mumbai North West,Mumbai North West(27),HRUDA DHANANJAY SHINDE,INDEPENDENT,lost,1078
Mumbai North West,Mumbai North West(27),BHARAT KHIMJI SHAH,HINDU SAMAJ PARTY,lost,937
Mumbai North West,Mumbai North West(27),SUSHMA DAYANAND MEHTA,INDEPENDENT,lost,882
Mumbai North West,Mumbai North West(27),ADVOCATE KAPIL KANTILAL SONI,INDEPENDENT,lost,780
Mumbai North West,Mumbai North West(27),SARIKA DABRAL,INDIA GREENS PARTY,lost,768
Mumbai North West,Mumbai North West(27),GAJANAN TUKARAM SONKAMBLE,INDEPENDENT,lost,501
Mumbai North West,Mumbai North West(27),ADV MITESH VARSHNEY,BHIM SENA,lost,497
Mumbai North West,Mumbai North West(27),HARISHANKAR YADAV,SAMAJ VIKAS KRANTI PARTY,lost,405
Mumbai North West,Mumbai North West(27),SANTOSH MANIK RAYBAN,INDEPENDENT,lost,234
Mumbai North,Mumbai North(26),PIYUSH GOYAL,BHARATIYA JANATA PARTY,won,680146
Mumbai North,Mumbai North(26),BHUSHAN PATIL,INDIAN NATIONAL CONGRESS,lost,322538
Mumbai North,Mumbai North(26),NOTA,NONE OF THE ABOVE,nan,13346
Mumbai North,Mumbai North(26),ADV. SONAL DIWAKAR GONDANE,VANCHIT BAHUJAN AAGHADI,lost,6052
Mumbai North,Mumbai North(26),RAIS DOCTOR,BAHUJAN SAMAJ PARTY,lost,2923
Mumbai North,Mumbai North(26),PANDEY DHARMENDRA RAMMURAT,INDEPENDENT,lost,1481
Mumbai North,Mumbai North(26),DIPTI ASHOK WALAWALKAR,INDEPENDENT,lost,1472
Mumbai North,Mumbai North(26),COMRADE JAYRAM VISHWAKARMA,SOCIALIST UNITY CENTRE OF INDIA (COMMUNIST),lost,1195
Mumbai North,Mumbai North(26),MUNNALAL GAJRAJ PRAJAPATI,INDEPENDENT,lost,971
Mumbai North,Mumbai North(26),LAXMAN YELLPPA KURADE,INDEPENDENT,lost,686
Mumbai North,Mumbai North(26),ADVOCATE KAPIL K. SONI,INDEPENDENT,lost,633
Mumbai North,Mumbai North(26),DEEPALI BHAWARSING SHEKHAWAT,MAHARASHTRA VIKAS AGHADI,lost,625
Mumbai North,Mumbai North(26),KAMLESH DAYABHAI VYAS,SARDAR VALLABHBHAI PATEL PARTY,lost,622
Mumbai North,Mumbai North(26),BIPIN BACHUBHAI SHAH,HINDU SAMAJ PARTY,lost,508
Mumbai North,Mumbai North(26),GURUDAS RAMDAS KHAIRNAR,INDEPENDENT,lost,486
Mumbai North,Mumbai North(26),RAVI BABU GAVLI,SAMATA PARTY,lost,450
Mumbai North,Mumbai North(26),JAEENDRA VASANT SURVE,BHARATHEEYA JAWAN KISAN PARTY,lost,405
Mumbai North,Mumbai North(26),ALIEK SUNDER MESHRAM,BHARATIYA MULNIVASI AAZAD PARTY,lost,396
Mumbai North,Mumbai North(26),SAYED ZULFIQAR ALAM,BAHUJAN MAHA PARTY,lost,348
Mumbai North,Mumbai North(26),SANJAY MAFATLAL MORAKHIA,INDEPENDENT,lost,210
Mumbai South Central,Mumbai South Central(30),ANIL YESHWANT DESAI,SHIV SENA (UDDHAV BALASAHEB THACKREY),won,395138
Mumbai South Central,Mumbai South Central(30),RAHUL RAMESH SHEWALE,SHIV SENA,lost,341754
Mumbai South Central,Mumbai South Central(30),ABUL HASAN ALI HASAN KHAN,VANCHIT BAHUJAN AAGHADI,lost,23867
Mumbai South Central,Mumbai South Central(30),NOTA,NONE OF THE ABOVE,nan,13423
Mumbai South Central,Mumbai South Central(30),VIDHYASAGAR ALIAS SURESH BHIMRAO VIDHYAGAR,BAHUJAN SAMAJ PARTY,lost,6532
Mumbai South Central,Mumbai South Central(30),AKASH LAXMAN KHARATMAL,INDEPENDENT,lost,1899
Mumbai South Central,Mumbai South Central(30),ASHWINI KUMAR PATHAK,INDEPENDENT,lost,1612
Mumbai South Central,Mumbai South Central(30),ADV. SANTOSH PUNJIRAM SANJKAR,INDEPENDENT,lost,1578
Mumbai South Central,Mumbai South Central(30),KARAM HUSSAIN KITABULLAH KHAN,PEACE PARTY,lost,1537
Mumbai South Central,Mumbai South Central(30),ADV. MAHENDRA TULSHIRAM BHINGARDIVE,RIGHT TO RECALL PARTY,lost,1444
Mumbai South Central,Mumbai South Central(30),SAEED CHOUDHARY,SOCIAL DEMOCRATIC PARTY OF INDIA,lost,1191
Mumbai South Central,Mumbai South Central(30),DEEPAK M. CHAUGULE,BAHUJAN REPUBLICAN SOCIALIST PARTY,lost,975
Mumbai South Central,Mumbai South Central(30),ISHWAR VILAS TATHAWADE,RASHTRIYA MAHASWARAJ BHUMI PARTY,lost,971
Mumbai South Central,Mumbai South Central(30),JAHID ALI NASIR AHMED SHAIKH,AAZAD SAMAJ PARTY (KANSHI RAM),lost,959
Mumbai South Central,Mumbai South Central(30),DR. ARJUN MAHADEO MURUDKAR,BHARATHEEYA JAWAN KISAN PARTY,lost,930
Mumbai South Central,Mumbai South Central(30),VIVEK YESHWANT PATIL,INDEPENDENT,lost,714
Mumbai South,Mumbai South(31),ARVIND GANPAT SAWANT,SHIV SENA (UDDHAV BALASAHEB THACKREY),won,395655
Mumbai South,Mumbai South(31),YAMINI YASHWANT JADHAV,SHIV SENA,lost,342982
Mumbai South,Mumbai South(31),NOTA,NONE OF THE ABOVE,nan,13411
Mumbai South,Mumbai South(31),AFZAL S. DAWOODANI,VANCHIT BAHUJAN AAGHADI,lost,5612
Mumbai South,Mumbai South(31),MOHAMMED SHUAIB BASHIR KHATEEB,BAHUJAN SAMAJ PARTY,lost,4478
Mumbai South,Mumbai South(31),ARVIND NARAYAN SAWANT,INDEPENDENT,lost,3090
Mumbai South,Mumbai South(31),MOHD. NAEEM SHAIKH,AIM POLITICAL PARTY,lost,1715
Mumbai South,Mumbai South(31),SABEEHA KHAN,INDEPENDENT,lost,1694
Mumbai South,Mumbai South(31),GOHIL MANISHA SHIVRAM,INDEPENDENT,lost,1045
Mumbai South,Mumbai South(31),SHANKAR SONAWANE,INDEPENDENT,lost,862
Mumbai South,Mumbai South(31),RAHUL PHANASWADIKAR,LOKSHAHI EKTA PARTY,lost,787
Mumbai South,Mumbai South(31),SUBHASH RAMESH CHIPLUNKAR,RASHTRIYA KISAN BAHUJAN PARTY,lost,567
Mumbai South,Mumbai South(31),PRASHANT PRAKASH GHADGE,INDEPENDENT,lost,490
Mumbai South,Mumbai South(31),MOHAMMED MAHTAB SHAIKH,INDEPENDENT,lost,458
Mumbai South,Mumbai South(31),MATEEN AHMED RANGREJ,INDEPENDENT,lost,267
Munger,Munger(28),RAJIV RANJAN SINGH ALIAS LALAN SINGH,JANATA DAL (UNITED),won,550146
Munger,Munger(28),KUMARI ANITA,RASHTRIYA JANATA DAL,lost,469276
Munger,Munger(28),NOTA,NONE OF THE ABOVE,nan,21951
Munger,Munger(28),SHANKAR PRASAD BIND,INDEPENDENT,lost,21023
Munger,Munger(28),PRIYADARSHI PIYUSH,INDEPENDENT,lost,15731
Munger,Munger(28),A. K. SINGH ‘ASHOK’,INDEPENDENT,lost,13825
Munger,Munger(28),KUMAR NAVNEET HIMANSHU,BAHUJAN SAMAJ PARTY,lost,12280
Munger,Munger(28),KULDIP YADAV,HINDUSTAN PEOPLE'S PARTY (DEMOCRATIC),lost,9486
Munger,Munger(28),NEETISH KUMAR,INDEPENDENT,lost,7507
Munger,Munger(28),PRAVAL KUMAR,INDEPENDENT,lost,5375
Munger,Munger(28),RAVINDRA MANDAL,SOCIALIST UNITY CENTRE OF INDIA (COMMUNIST),lost,4913
Munger,Munger(28),ADITYA SINGH MADHUKAR,INDEPENDENT,lost,4140
Munger,Munger(28),PANKAJ KUMAR,INDEPENDENT,lost,3428
Murshidabad,Murshidabad(11),ABU TAHER KHAN,ALL INDIA TRINAMOOL CONGRESS,won,682442
Murshidabad,Murshidabad(11),MD SALIM,COMMUNIST PARTY OF INDIA (MARXIST),lost,518227
Murshidabad,Murshidabad(11),GOURI SANKAR GHOSH,BHARATIYA JANATA PARTY,lost,292031
Murshidabad,Murshidabad(11),NOTA,NONE OF THE ABOVE,nan,13270
Murshidabad,Murshidabad(11),HABIB SAIKH,ALL INDIA SECULAR FRONT,lost,12370
Murshidabad,Murshidabad(11),ASIM RAY,BHARTIYA LOKMAT RASHTRWADI PARTY,lost,5534
Murshidabad,Murshidabad(11),SAHABUDDIN MALLIK,INDEPENDENT,lost,4156
Murshidabad,Murshidabad(11),RAFIKUL ISLAM,INDEPENDENT,lost,4065
Murshidabad,Murshidabad(11),MAHAFUJUL ALAM,SOCIALIST UNITY CENTRE OF INDIA (COMMUNIST),lost,3426
Murshidabad,Murshidabad(11),MD TAIEDUL ISLAM,SOCIAL DEMOCRATIC PARTY OF INDIA,lost,3293
Murshidabad,Murshidabad(11),DHANANJOY SARKAR,INDEPENDENT,lost,1539
Murshidabad,Murshidabad(11),KRISHNA PROSAD BISWAS,INDEPENDENT,lost,1206
Muzaffarnagar,Muzaffarnagar(3),HARENDRA SINGH MALIK,SAMAJWADI PARTY,won,470721
Muzaffarnagar,Muzaffarnagar(3),SANJEEV KUMAR BALYAN,BHARATIYA JANATA PARTY,lost,446049
Muzaffarnagar,Muzaffarnagar(3),DARA SINGH PRAJAPATI,BAHUJAN SAMAJ PARTY,lost,143707
Muzaffarnagar,Muzaffarnagar(3),SUNIL TYAGI,INDEPENDENT,lost,7167
Muzaffarnagar,Muzaffarnagar(3),NOTA,NONE OF THE ABOVE,nan,3916
Muzaffarnagar,Muzaffarnagar(3),KAVITA,RASHTRAWADI JANLOK PARTY (SATYA),lost,2000
Muzaffarnagar,Muzaffarnagar(3),SHASHIKANT SHAMAR,INDEPENDENT,lost,1431
Muzaffarnagar,Muzaffarnagar(3),BIRBAL SINGH,VISHAL JANTA PARTY,lost,1421
Muzaffarnagar,Muzaffarnagar(3),NEEL KUMAR,JAI SAMTA PARTY,lost,861
Muzaffarnagar,Muzaffarnagar(3),RESHU SHARMA,INDEPENDENT,lost,684
Muzaffarnagar,Muzaffarnagar(3),ANKUR,INDEPENDENT,lost,372
Muzaffarnagar,Muzaffarnagar(3),MANUJ VERMA,INDEPENDENT,lost,340
Muzaffarpur,Muzaffarpur(15),RAJ BHUSHAN CHOUDHARY,BHARATIYA JANATA PARTY,won,619749
Muzaffarpur,Muzaffarpur(15),AJAY NISHAD,INDIAN NATIONAL CONGRESS,lost,384822
Muzaffarpur,Muzaffarpur(15),ALOK KUMAR SINH,INDEPENDENT,lost,17225
Muzaffarpur,Muzaffarpur(15),AWADHESH PRASAD SINGH,INDEPENDENT,lost,15618
Muzaffarpur,Muzaffarpur(15),JITENDRA KUMAR,INDEPENDENT,lost,8700
Muzaffarpur,Muzaffarpur(15),NOTA,NONE OF THE ABOVE,nan,7588
Muzaffarpur,Muzaffarpur(15),NILIMA KUMARI,INDEPENDENT,lost,7310
Muzaffarpur,Muzaffarpur(15),VIJAYESH KUMAR,BAHUJAN SAMAJ PARTY,lost,6547
Muzaffarpur,Muzaffarpur(15),AJAY SAHNI,INDEPENDENT,lost,5158
Muzaffarpur,Muzaffarpur(15),SUNITA KUMARI,BAJJIKANCHAL VIKAS PARTY,lost,4792
Muzaffarpur,Muzaffarpur(15),MOHAMMAD ANZARUL HASAN,ALL INDIA MAJLIS-E-ITTEHADUL MUSLIMEEN,lost,4131
Muzaffarpur,Muzaffarpur(15),MD HAIDAR,INDEPENDENT,lost,3897
Muzaffarpur,Muzaffarpur(15),MUKESH KUMAR,INDEPENDENT,lost,3225
Muzaffarpur,Muzaffarpur(15),SUDHIR KUMAR OJHA,BHARTIYA SARTHAK PARTY,lost,2893
Muzaffarpur,Muzaffarpur(15),SABINA KHATOON,INDIAN NATIONAL LEAGUE,lost,2453
Muzaffarpur,Muzaffarpur(15),SANDIP KUMAR,JANTANTRA AWAJ PARTY,lost,1971
Muzaffarpur,Muzaffarpur(15),ARVIND KUMAR CHAUDHARY,SOCIALIST UNITY CENTRE OF INDIA (COMMUNIST),lost,1857
Muzaffarpur,Muzaffarpur(15),AJITANSH GAUR,THE AGRANI PARTY,lost,1843
Muzaffarpur,Muzaffarpur(15),SANJAY KUMAR,INDEPENDENT,lost,1812
Muzaffarpur,Muzaffarpur(15),BASKIT KUMAR SHARMA,INDEPENDENT,lost,1779
Muzaffarpur,Muzaffarpur(15),SONELAL PASWAN,INDEPENDENT,lost,1731
Muzaffarpur,Muzaffarpur(15),MANORANJAN KUMAR,INDEPENDENT,lost,1598
Muzaffarpur,Muzaffarpur(15),NAND KISHORE SHARMA,APNA KISAN PARTY,lost,1522
Muzaffarpur,Muzaffarpur(15),ABHAY KUMAR,SAMATA PARTY,lost,1174
Muzaffarpur,Muzaffarpur(15),PRABHAKAR RANJAN,EKAM SANATAN BHARAT DAL,lost,1116
Muzaffarpur,Muzaffarpur(15),RAJU SINGH,INDEPENDENT,lost,984
Muzaffarpur,Muzaffarpur(15),SAROJ KUMAR CHAUDHARY,INDEPENDENT,lost,965
Mysore,Mysore(21),YADUVEER KRISHNADATTA CHAMARAJA WADIYAR,BHARATIYA JANATA PARTY,won,795503
Mysore,Mysore(21),M. LAKSHMANA,INDIAN NATIONAL CONGRESS,lost,656241
Mysore,Mysore(21),NOTA,NONE OF THE ABOVE,nan,4490
Mysore,Mysore(21),RANGASWAMY. M,INDEPENDENT,lost,4306
Mysore,Mysore(21),KADAMBA NAA AMBARISH,KARNATAKA JANTHA PAKSHA,lost,4080
Mysore,Mysore(21),A. S. SATHISH,INDEPENDENT,lost,3746
Mysore,Mysore(21),RAMAMURTHY. M,INDEPENDENT,lost,3605
Mysore,Mysore(21),RAJU,INDEPENDENT,lost,1949
Mysore,Mysore(21),PRAJAKEEYA LEELA SHIVAKUMAR,UTTAMA PRAJAAKEEYA PARTY,lost,1754
Mysore,Mysore(21),COMRADE SUNIL T. R,SOCIALIST UNITY CENTRE OF INDIA (COMMUNIST),lost,1560
Mysore,Mysore(21),H. K. KRISHNA,KARUNAADU PARTY,lost,1489
Mysore,Mysore(21),HARISH GOWDA,SOCIALIST PARTY (INDIA),lost,976
Mysore,Mysore(21),P. S. YADURAPPA,INDEPENDENT,lost,878
Mysore,Mysore(21),AMBEDKAR. C. J,INDEPENDENT,lost,835
Mysore,Mysore(21),DARSHAN K PONNETI,INDEPENDENT,lost,764
Mysore,Mysore(21),M. S. PRAVEEN,KARNATAKA RASHTRA SAMITHI,lost,740
Mysore,Mysore(21),CHRISTOPHER RAJ KUMAR,INDEPENDENT,lost,544
Mysore,Mysore(21),DR. H. M. NANJUNDASWAMY,SAMAJWADI JANATA PARTY(KARNATAKA),lost,523
Mysore,Mysore(21),A. G. RAMACHANDRA RAO,SECULAR DEMOCRATIC CONGRESS,lost,490
NAGAPATTINAM,NAGAPATTINAM(29),SELVARAJ V,COMMUNIST PARTY OF INDIA,won,465044
NAGAPATTINAM,NAGAPATTINAM(29),DR SURSITH SANKAR G,ALL INDIA ANNA DRAVIDA MUNNETRA KAZHAGAM,lost,256087
NAGAPATTINAM,NAGAPATTINAM(29),KARTHIKA M,NAAM TAMILAR KATCHI,lost,131294
NAGAPATTINAM,NAGAPATTINAM(29),RAMESHGOVIND S G M,BHARATIYA JANATA PARTY,lost,102173
NAGAPATTINAM,NAGAPATTINAM(29),NOTA,NONE OF THE ABOVE,nan,8918
NAGAPATTINAM,NAGAPATTINAM(29),VIJAYARAGAVAN N,INDEPENDENT,lost,3102
NAGAPATTINAM,NAGAPATTINAM(29),SUBRAMANIAN K,INDEPENDENT,lost,2467
NAGAPATTINAM,NAGAPATTINAM(29),JAGADEESH J BE,BAHUJAN SAMAJ PARTY,lost,1806
NAGAPATTINAM,NAGAPATTINAM(29),PREM S,INDEPENDENT,lost,1070
NAGAPATTINAM,NAGAPATTINAM(29),BOOMINATHAN B,DESIYA MAKKAL SAKTHI KATCHI,lost,1050
NAGAUR,NAGAUR(14),HANUMAN BENIWAL,RASHTRIYA LOKTANTRIK PARTY,won,596955
NAGAUR,NAGAUR(14),JYOTI MIRDHA,BHARATIYA JANATA PARTY,lost,554730
NAGAUR,NAGAUR(14),DR ASHOK CHOUDHARY,ABHINAV RAJASTHAN PARTY,lost,26294
NAGAUR,NAGAUR(14),DR. GAJENDRA SINGH RATHORE,BAHUJAN SAMAJ PARTY,lost,24008
NAGAUR,NAGAUR(14),NOTA,NONE OF THE ABOVE,nan,8771
NAGAUR,NAGAUR(14),RAJKUMAR JAT,INDEPENDENT,lost,8232
NAGAUR,NAGAUR(14),HARI RAM,INDEPENDENT,lost,7626
NAGAUR,NAGAUR(14),PREMRAJ KHARDIYA,INDEPENDENT,lost,4512
NAGAUR,NAGAUR(14),AMEEN KHAN,INDEPENDENT,lost,4463
NAGAUR,NAGAUR(14),HANUMAN SINGH KALVI,RASHTRIYA JANSHAKTI PARTY (SECULAR),lost,2882
NAMAKKAL,NAMAKKAL(16),MATHESWARAN V S,DRAVIDA MUNNETRA KAZHAGAM,won,462036
NAMAKKAL,NAMAKKAL(16),TAMILMANI S,ALL INDIA ANNA DRAVIDA MUNNETRA KAZHAGAM,lost,432924
NAMAKKAL,NAMAKKAL(16),DR RAMALINGAM K P,BHARATIYA JANATA PARTY,lost,104690
NAMAKKAL,NAMAKKAL(16),KANIMOZHI G,NAAM TAMILAR KATCHI,lost,95577
NAMAKKAL,NAMAKKAL(16),NOTA,NONE OF THE ABOVE,nan,12984
NAMAKKAL,NAMAKKAL(16),DEEPAN CHAKKRAVARTHI S,INDEPENDENT,lost,3579
NAMAKKAL,NAMAKKAL(16),RAJENDRAN C,VIDUTHALAI KALAM KATCHI,lost,2599
NAMAKKAL,NAMAKKAL(16),NATARAJAN M,INDEPENDENT,lost,2588
NAMAKKAL,NAMAKKAL(16),RAMESH T,AHIMSA SOCIALIST PARTY,lost,2421
NAMAKKAL,NAMAKKAL(16),EZHIL SELVAN P,TAMILAGA MAKKAL THANNURIMAI KATCHI,lost,2165
NAMAKKAL,NAMAKKAL(16),RAMAN V,BAHUJAN SAMAJ PARTY,lost,2157
NAMAKKAL,NAMAKKAL(16),UTHAYAKUMAR P,INDEPENDENT,lost,1901
NAMAKKAL,NAMAKKAL(16),KANDASAMY A M,INDEPENDENT,lost,1514
NAMAKKAL,NAMAKKAL(16),RAMASAMY P,INDEPENDENT,lost,1350
NAMAKKAL,NAMAKKAL(16),KARTHI S,INDEPENDENT,lost,1334
NAMAKKAL,NAMAKKAL(16),RAMESH T R,INDEPENDENT,lost,1325
NAMAKKAL,NAMAKKAL(16),SATHEESH G,INDEPENDENT,lost,1292
NAMAKKAL,NAMAKKAL(16),RAMASAMY N,INDEPENDENT,lost,1250
NAMAKKAL,NAMAKKAL(16),MADHESWARAN V,INDEPENDENT,lost,1147
NAMAKKAL,NAMAKKAL(16),DR GURUNATHAN S,INDEPENDENT,lost,1071
NAMAKKAL,NAMAKKAL(16),KARTHIKEYAN S,INDEPENDENT,lost,920
NAMAKKAL,NAMAKKAL(16),NALLATHAMBI P,INDEPENDENT,lost,770
NAMAKKAL,NAMAKKAL(16),EASWARAMOORTHY M,INDEPENDENT,lost,768
NAMAKKAL,NAMAKKAL(16),BALAJICHEZHIAN P,INDEPENDENT,lost,719
NAMAKKAL,NAMAKKAL(16),RAVIKUMAR P,GANASANGAM PARTY OF INDIA,lost,637
NAMAKKAL,NAMAKKAL(16),NAVEEN K,INDEPENDENT,lost,635
NAMAKKAL,NAMAKKAL(16),DURAIRAJ C,INDEPENDENT,lost,592
NAMAKKAL,NAMAKKAL(16),ARULMANI M,INDEPENDENT,lost,568
NAMAKKAL,NAMAKKAL(16),THIYAGARAJAN R,SAMANIYA MAKKAL NALA KATCHI,lost,528
NAMAKKAL,NAMAKKAL(16),VENNILA S,INDEPENDENT,lost,528
NAMAKKAL,NAMAKKAL(16),KALIANNAN S,INDEPENDENT,lost,497
NAMAKKAL,NAMAKKAL(16),KANDASAMY P,INDEPENDENT,lost,480
NAMAKKAL,NAMAKKAL(16),MANIKKAM S,ULZAIPALI MAKKAL KATCHY,lost,442
NAMAKKAL,NAMAKKAL(16),MOORTHI J,INDEPENDENT,lost,389
NAMAKKAL,NAMAKKAL(16),TAMILMANI A,INDEPENDENT,lost,354
NAMAKKAL,NAMAKKAL(16),SELVARAJ K R,INDEPENDENT,lost,303
NAMAKKAL,NAMAKKAL(16),SAKTHIVEL S,INDEPENDENT,lost,299
NAMAKKAL,NAMAKKAL(16),NETAJIKAVIARASU V,INDEPENDENT,lost,288
NAMAKKAL,NAMAKKAL(16),SIVAKUMAR V,INDEPENDENT,lost,246
NAMAKKAL,NAMAKKAL(16),MOORTHY V,INDEPENDENT,lost,222
NAMAKKAL,NAMAKKAL(16),GOPAL P,INDEPENDENT,lost,214
NILGIRIS,NILGIRIS(19),RAJA A,DRAVIDA MUNNETRA KAZHAGAM,won,473212
NILGIRIS,NILGIRIS(19),DR MURUGAN L,BHARATIYA JANATA PARTY,lost,232627
NILGIRIS,NILGIRIS(19),LOGESH TAMILSELVAN D,ALL INDIA ANNA DRAVIDA MUNNETRA KAZHAGAM,lost,220230
NILGIRIS,NILGIRIS(19),JAYAKUMAR A,NAAM TAMILAR KATCHI,lost,58821
NILGIRIS,NILGIRIS(19),NOTA,NONE OF THE ABOVE,nan,13000
NILGIRIS,NILGIRIS(19),VIJAYAKUMAR D,INDEPENDENT,lost,4808
NILGIRIS,NILGIRIS(19),GANESHAMOORTHI A,BAHUJAN SAMAJ PARTY,lost,3033
NILGIRIS,NILGIRIS(19),BADRAN M,GANASANGAM PARTY OF INDIA,lost,2425
NILGIRIS,NILGIRIS(19),SELVAN N,INDEPENDENT,lost,2054
NILGIRIS,NILGIRIS(19),DHANABAL R,INDEPENDENT,lost,1928
NILGIRIS,NILGIRIS(19),JAYANTHI M,AMBEDKARITE PARTY OF INDIA,lost,1556
NILGIRIS,NILGIRIS(19),MURUGAN Y,INDEPENDENT,lost,1413
NILGIRIS,NILGIRIS(19),MURUGESAN,INDEPENDENT,lost,1059
NILGIRIS,NILGIRIS(19),MALARMANNAN M,SAMANIYA MAKKAL NALA KATCHI,lost,820
NILGIRIS,NILGIRIS(19),SATHISH M,INDEPENDENT,lost,740
NILGIRIS,NILGIRIS(19),KRISHNA KUMAR,INDEPENDENT,lost,615
NILGIRIS,NILGIRIS(19),ANBHUGURU V,INDEPENDENT,lost,565
Nabarangpur,Nabarangpur(12),BALABHADRA MAJHI,BHARATIYA JANATA PARTY,won,481396
Nabarangpur,Nabarangpur(12),PRADEEP KUMAR MAJHI,BIJU JANATA DAL,lost,393860
Nabarangpur,Nabarangpur(12),BHUJABAL MAJHI,INDIAN NATIONAL CONGRESS,lost,303392
Nabarangpur,Nabarangpur(12),NOTA,NONE OF THE ABOVE,nan,43268
Nabarangpur,Nabarangpur(12),TRINATH MUNDAGUDIA,SOCIALIST UNITY CENTRE OF INDIA (COMMUNIST),lost,20559
Nagaland,Nagaland(1),S SUPONGMEREN JAMIR,INDIAN NATIONAL CONGRESS,won,401951
Nagaland,Nagaland(1),DR CHUMBEN MURRY,NATIONALIST DEMOCRATIC PROGRESSIVE PARTY,lost,350967
Nagaland,Nagaland(1),HAYITHUNG TUNGOE LOTHA,INDEPENDENT,lost,6232
Nagaland,Nagaland(1),NOTA,NONE OF THE ABOVE,nan,1646
Nagaon,Nagaon(9),PRADYUT BORDOLOI,INDIAN NATIONAL CONGRESS,won,788850
Nagaon,Nagaon(9),SURESH BORAH,BHARATIYA JANATA PARTY,lost,576619
Nagaon,Nagaon(9),AMINUL ISLAM,ALL INDIA UNITED DEMOCRATIC FRONT,lost,137340
Nagaon,Nagaon(9),NOTA,NONE OF THE ABOVE,nan,11995
Nagaon,Nagaon(9),SIKHA SARMA,INDEPENDENT,lost,6620
Nagaon,Nagaon(9),SAMSUL ALAM,INDEPENDENT,lost,5069
Nagaon,Nagaon(9),BIPAD BHANJAN SARKAR,INDEPENDENT,lost,4885
Nagaon,Nagaon(9),ANUPAM BARUAH,JAI PRAKASH JANATA DAL,lost,4319
Nagaon,Nagaon(9),NIKHIL DEKARAJA,INDEPENDENT,lost,3627
Nagaon,Nagaon(9),RABBUL HAQUE,RASHTRIYA ULAMA COUNCIL,lost,2559
Nagaon,Nagaon(9),ABU SHAMA,INDEPENDENT,lost,2238
Nagaon,Nagaon(9),ABU EUSUF MD RAIHAN UDDIN,INDEPENDENT,lost,2030
Nagaon,Nagaon(9),SANTANU MUKHERJEE,BHARATIYA GANA PARISHAD,lost,2010
Nagaon,Nagaon(9),SAIFUL ISLAM CHOUDHURY,ASOM JANA MORCHA,lost,1837
Nagarkurnool,Nagarkurnool(12),DR.MALLU RAVI,INDIAN NATIONAL CONGRESS,won,465072
Nagarkurnool,Nagarkurnool(12),BHARATH PRASAD POTHUGANTI,BHARATIYA JANATA PARTY,lost,370658
Nagarkurnool,Nagarkurnool(12),DR.R.S.PRAVEEN KUMAR,BHARAT RASHTRA SAMITHI,lost,321343
Nagarkurnool,Nagarkurnool(12),AMBOJU RAVI,ALLIANCE OF DEMOCRATIC REFORMS PARTY,lost,12554
Nagarkurnool,Nagarkurnool(12),BESAMOLLA YOSEF,BAHUJAN SAMAJ PARTY,lost,7218
Nagarkurnool,Nagarkurnool(12),PILLELA SRIKANTH,INDEPENDENT,lost,6404
Nagarkurnool,Nagarkurnool(12),NOTA,NONE OF THE ABOVE,nan,4580
Nagarkurnool,Nagarkurnool(12),BUDDHULA SRINIVAS,INDEPENDENT,lost,4361
Nagarkurnool,Nagarkurnool(12),PALADHI NAGARAJU,INDEPENDENT,lost,4058
Nagarkurnool,Nagarkurnool(12),AMARNATH,INDIA PRAJA BANDHU PARTY,lost,3709
Nagarkurnool,Nagarkurnool(12),PULJALA BALAIAH,INDEPENDENT,lost,3584
Nagarkurnool,Nagarkurnool(12),GALIMUDI GEETHA,INDEPENDENT,lost,3147
Nagarkurnool,Nagarkurnool(12),KARNE. SHIREESHA @ BARRELAKKA,INDEPENDENT,lost,3087
Nagarkurnool,Nagarkurnool(12),PAKIRA RAMULU,INDEPENDENT,lost,2839
Nagarkurnool,Nagarkurnool(12),BIKSHAPATHI LANDA,INDEPENDENT,lost,1981
Nagarkurnool,Nagarkurnool(12),AYYAPPA SUNIL,RASHTRIYA PRAJA CONGRESS (SECULAR),lost,1227
Nagarkurnool,Nagarkurnool(12),GADDAM VIJAY,BAHUJAN MUKTI PARTY,lost,1009
Nagarkurnool,Nagarkurnool(12),PRASANGI,PYRAMID PARTY OF INDIA,lost,892
Nagarkurnool,Nagarkurnool(12),VAGGU VINAY,VIDHYARTHULA RAJAKIYA PARTY,lost,770
Nagarkurnool,Nagarkurnool(12),DASARI BHARATHI,VIDUTHALAI CHIRUTHAIGAL KATCHI,lost,730
Nagina,Nagina(5),CHANDRASHEKHAR,AAZAD SAMAJ PARTY (KANSHI RAM),won,512552
Nagina,Nagina(5),OM KUMAR,BHARATIYA JANATA PARTY,lost,361079
Nagina,Nagina(5),MANOJ KUMAR,SAMAJWADI PARTY,lost,102374
Nagina,Nagina(5),SURENDRA PAL SINGH,BAHUJAN SAMAJ PARTY,lost,13272
Nagina,Nagina(5),NOTA,NONE OF THE ABOVE,nan,5307
Nagina,Nagina(5),JOGENDRA,INDEPENDENT,lost,4518
Nagina,Nagina(5),SANJEEV KUMAR,INDEPENDENT,lost,2201
Nagpur,Nagpur(10),NITIN JAIRAM GADKARI,BHARATIYA JANATA PARTY,won,655027
Nagpur,Nagpur(10),VIKAS THAKRE,INDIAN NATIONAL CONGRESS,lost,517424
Nagpur,Nagpur(10),YOGIRAJ ALIAS YOGESH PATIRAM LANJEWAR,BAHUJAN SAMAJ PARTY,lost,19242
Nagpur,Nagpur(10),NOTA,NONE OF THE ABOVE,nan,5474
Nagpur,Nagpur(10),KIVINSUKA VIRENDRA SURYAVANSHI,DESH JANHIT PARTY,lost,2059
Nagpur,Nagpur(10),ADARSH RAVISHANKAR THAKUR,INDEPENDENT,lost,1750
Nagpur,Nagpur(10),ADV ULHAS SHALIKRAM DUPARE,INDEPENDENT,lost,1348
Nagpur,Nagpur(10),FAHIM SHAMIM KHAN,MINORITIES DEMOCRATIC PARTY,lost,1073
Nagpur,Nagpur(10),SURAJ BALRAM MISHRA,KUNBI BAHUJAN SAWRAJYA PARTY,lost,817
Nagpur,Nagpur(10),TEKRAJ BELKHODE,INDEPENDENT,lost,808
Nagpur,Nagpur(10),GARUDADRI ANAND KUMAR,AKHIL BHARTIYA PARIVAR PARTY,lost,720
Nagpur,Nagpur(10),DHANU WALTHARE,INDEPENDENT,lost,692
Nagpur,Nagpur(10),VIJAY MANKAR,AMBEDKARITE PARTY OF INDIA,lost,610
Nagpur,Nagpur(10),ADV. SANTOSH RAMKRISHNA LANJEWAR,ALL INDIA FORWARD BLOC,lost,567
Nagpur,Nagpur(10),VISHESH VASANTA FUTANE,BAHUJAN REPUBLICAN SOCIALIST PARTY,lost,562
Nagpur,Nagpur(10),GUNWANT HARICHANDRA SOMKUWAR,BHARATHEEYA JAWAN KISAN PARTY,lost,471
Nagpur,Nagpur(10),SHRIDHAR NARAYAN SALVE,BHIM SENA,lost,451
Nagpur,Nagpur(10),SUNIL WANKHEDE,RASHTRA SAMARPAN PARTY,lost,322
Nagpur,Nagpur(10),DIPAK LAXMANRAO MASKE,BAHUJAN MAHA PARTY,lost,270
Nagpur,Nagpur(10),NARAYAN TUKARAM CHOUDHARI,SOCIALIST UNITY CENTRE OF INDIA (COMMUNIST),lost,251
Nagpur,Nagpur(10),SANTOSH TULSHIRAM CHAVHAN,INDEPENDENT,lost,242
Nagpur,Nagpur(10),SUSHIL PATIL,INDEPENDENT,lost,237
Nagpur,Nagpur(10),SACHIN RAMKRUSHNARAO WAGHADE,INDEPENDENT,lost,202
Nagpur,Nagpur(10),PRAFUL MANIKCHAND BHANGE,INDEPENDENT,lost,201
Nagpur,Nagpur(10),VINAYAK BHAURAO AWCHAT,INDEPENDENT,lost,190
Nagpur,Nagpur(10),BABITA RAJU AWASTHI,INDEPENDENT,lost,182
Nagpur,Nagpur(10),SAHIL BALCHAND TURKAR,INDEPENDENT,lost,129
Nainital-Udhamsingh Nagar,Nainital-Udhamsingh Nagar(4),AJAY BHATT,BHARATIYA JANATA PARTY,won,772671
Nainital-Udhamsingh Nagar,Nainital-Udhamsingh Nagar(4),PRAKASH JOSHI,INDIAN NATIONAL CONGRESS,lost,438123
Nainital-Udhamsingh Nagar,Nainital-Udhamsingh Nagar(4),AKHTAR ALI,BAHUJAN SAMAJ PARTY,lost,23455
Nainital-Udhamsingh Nagar,Nainital-Udhamsingh Nagar(4),NOTA,NONE OF THE ABOVE,nan,10425
Nainital-Udhamsingh Nagar,Nainital-Udhamsingh Nagar(4),AKHALESH KUMAR,AKHIL BHARTIYA PARIVAR PARTY,lost,4902
Nainital-Udhamsingh Nagar,Nainital-Udhamsingh Nagar(4),HITESH PATHAK,INDEPENDENT,lost,4315
Nainital-Udhamsingh Nagar,Nainital-Udhamsingh Nagar(4),RAMESH KUMAR MAX,INDEPENDENT,lost,3300
Nainital-Udhamsingh Nagar,Nainital-Udhamsingh Nagar(4),AMAR SINGH SAINI,PEOPLES PARTY OF INDIA (DEMOCRATIC),lost,2987
Nainital-Udhamsingh Nagar,Nainital-Udhamsingh Nagar(4),JEEVAN CHANDRA UPRETI,BHARAT KI LOK JIMMEDAR PARTY,lost,2310
Nainital-Udhamsingh Nagar,Nainital-Udhamsingh Nagar(4),SHIB SINGH,UTTARAKHAND KRANTI DAL,lost,1855
Nainital-Udhamsingh Nagar,Nainital-Udhamsingh Nagar(4),SURENDRA SINGH,BHARTIYA SHAKTI CHETNA PARTY,lost,1673
Nalanda,Nalanda(29),KAUSHALENDRA KUMAR,JANATA DAL (UNITED),won,559422
Nalanda,Nalanda(29),DR. SANDEEP SAURAV,COMMUNIST PARTY OF INDIA (MARXIST-LENINIST) (LIBERATION),lost,390308
Nalanda,Nalanda(29),SUDHIR KUMAR,SANYUKT KISAN VIKAS PARTY,lost,25291
Nalanda,Nalanda(29),NOTA,NONE OF THE ABOVE,nan,19217
Nalanda,Nalanda(29),SURENDRA PRASAD,AL-HIND PARTY,lost,18576
Nalanda,Nalanda(29),SHASHI KUMAR,SAMAJ SHAKTI PARTY,lost,18480
Nalanda,Nalanda(29),PRAMOD KUMAR NIRALA,BAHUJAN SAMAJ PARTY,lost,15332
Nalanda,Nalanda(29),AJEET KUMAR,INDEPENDENT,lost,14750
Nalanda,Nalanda(29),VINAY PRATAP SINGH,RASHTRIYA SANATAN PARTY,lost,9602
Nalanda,Nalanda(29),SANJAY RAJESH,KARPOORI JANTA DAL,lost,7887
Nalanda,Nalanda(29),SUDHIR DAS,INDEPENDENT,lost,6806
Nalanda,Nalanda(29),KANHAIYA LAL YADAV,JAGROOK JANTA PARTY,lost,6692
Nalanda,Nalanda(29),SANYUKTA KUMARI,INDEPENDENT,lost,6238
Nalanda,Nalanda(29),AJIT KUMAR,INDEPENDENT,lost,5520
Nalanda,Nalanda(29),SHYAM SUNDAR PRASAD,INDEPENDENT,lost,3932
Nalanda,Nalanda(29),RAMESH KUMAR,NAKI BHARATIYA EKTA PARTY,lost,3845
Nalanda,Nalanda(29),KISLAY KUMAR,INDEPENDENT,lost,3602
Nalanda,Nalanda(29),KESHO JAMADAR,PEOPLES PARTY OF INDIA (DEMOCRATIC),lost,3387
Nalanda,Nalanda(29),SURENDER SINGH,INDEPENDENT,lost,3345
Nalanda,Nalanda(29),DILIP KUMAR,MOOLNIWASI SAMAJ PARTY,lost,2729
Nalanda,Nalanda(29),NAND KISHOR PARASAD,PRAGATISHEEL MAGAHI SAMAJ,lost,2468
Nalanda,Nalanda(29),NISHA RANJAN,SAMATA PARTY,lost,2415
Nalanda,Nalanda(29),SHASHIRANJAN SUMAN,INDEPENDENT,lost,2340
Nalanda,Nalanda(29),GHANSHYAM PRASAD SINGH,INDEPENDENT,lost,2110
Nalanda,Nalanda(29),KUMAR HARI CHARAN SINGH YADAV,BHARATIYA MOMIN FRONT,lost,1980
Nalanda,Nalanda(29),MUNNA KUMAR,SANKHYANUPATI BHAGIDARI PARTY,lost,1949
Nalanda,Nalanda(29),MUNNA KUMAR,SAMAJWADI LOK PARISHAD,lost,1880
Nalanda,Nalanda(29),PAWAN KUMAR,INDEPENDENT,lost,1597
Nalanda,Nalanda(29),PUJA DEVI,INDEPENDENT,lost,1505
Nalanda,Nalanda(29),CHANDRA KISHOR PRASAD YADAV,INDEPENDENT,lost,1178
Nalgonda,Nalgonda(13),KUNDURU RAGHUVEER,INDIAN NATIONAL CONGRESS,won,784337
Nalgonda,Nalgonda(13),SAIDI REDDY SHANAMPUDI,BHARATIYA JANATA PARTY,lost,224432
Nalgonda,Nalgonda(13),KANCHARLA KRISHNA REDDY,BHARAT RASHTRA SAMITHI,lost,218417
Nalgonda,Nalgonda(13),JANAIAH NANDIPATI,TELANGANA SAKALAJANULA PARTY,lost,10859
Nalgonda,Nalgonda(13),ANJAIAH VIRIGINENI,BAHUJAN SAMAJ PARTY,lost,7177
Nalgonda,Nalgonda(13),NAGARAJU BANDARU,INDEPENDENT,lost,7128
Nalgonda,Nalgonda(13),NOTA,NONE OF THE ABOVE,nan,6086
Nalgonda,Nalgonda(13),MARAM VENKAT REDDY,INDEPENDENT,lost,5967
Nalgonda,Nalgonda(13),PANUGOTU LALASINGH,INDEPENDENT,lost,5286
Nalgonda,Nalgonda(13),THALARI RAMBABU,DHARMA SAMAJ PARTY,lost,5122
Nalgonda,Nalgonda(13),RAMESH SUNKARA,INDEPENDENT,lost,3569
Nalgonda,Nalgonda(13),POLISHETTY VENKATESHWARLU,INDEPENDENT,lost,3212
Nalgonda,Nalgonda(13),KUKKALA VENKANNA,INDEPENDENT,lost,2566
Nalgonda,Nalgonda(13),CHOLLETI PRABHAKAR,INDEPENDENT,lost,2504
Nalgonda,Nalgonda(13),GOLI SAIDULU,INDEPENDENT,lost,1779
Nalgonda,Nalgonda(13),MARRI NEHEMIAH,INDEPENDENT,lost,1662
Nalgonda,Nalgonda(13),RAVI PALAKURI,INDEPENDENT,lost,1547
Nalgonda,Nalgonda(13),VASKULA MATTAIAH,MARXIST COMMUNIST PARTY OF INDIA (UNITED),lost,1040
Nalgonda,Nalgonda(13),KUNDARAPU SRIKANTH,INDEPENDENT,lost,947
Nalgonda,Nalgonda(13),RACHA SUBHADRA REDDY,SOCIALIST PARTY (INDIA),lost,846
Nalgonda,Nalgonda(13),LINGAM KRISHNA,INDEPENDENT,lost,666
Nalgonda,Nalgonda(13),KINNERA YADAIAH,INDEPENDENT,lost,661
Nalgonda,Nalgonda(13),SHIRISHALA SRINAIAH,INDEPENDENT,lost,514
Nanded,Nanded(16),CHAVAN VASANTRAO BALWANTRAO,INDIAN NATIONAL CONGRESS,won,528894
Nanded,Nanded(16),CHIKHALIKAR PRATAPRAO GOVINDRAO,BHARATIYA JANATA PARTY,lost,469452
Nanded,Nanded(16),AVINASH VISHWANATH BHOSIKAR,VANCHIT BAHUJAN AAGHADI,lost,92512
Nanded,Nanded(16),PANDURANG RAMA ADGULWAR,BAHUJAN SAMAJ PARTY,lost,6901
Nanded,Nanded(16),NIKHIL LAXMANRAO GARJE,INDEPENDENT,lost,4325
Nanded,Nanded(16),NOTA,NONE OF THE ABOVE,nan,3628
Nanded,Nanded(16),NAGESH SAMBHAJI GAIKWAD,INDEPENDENT,lost,3318
Nanded,Nanded(16),BHASKAR CHAMPATRAO DOIFODE,INDEPENDENT,lost,2080
Nanded,Nanded(16),SUSHILA NILKANTHRAO PAWAR,SAMNAK JANTA PARTY,lost,1890
Nanded,Nanded(16),ABDUL RAIS AHEMAD,DESH JANHIT PARTY,lost,1510
Nanded,Nanded(16),DEVIDAS GOVINDRAO INGLE,INDEPENDENT,lost,1471
Nanded,Nanded(16),KALPANA SANJAY GAIKWAD,INDEPENDENT,lost,1310
Nanded,Nanded(16),KAUSAR SULTANA,INDIAN NATIONAL LEAGUE,lost,1215
Nanded,Nanded(16),SAHEBRAO BHIVA GAJBHARE,INDEPENDENT,lost,1193
Nanded,Nanded(16),JAGDISH LAXMAN POTRE,INDEPENDENT,lost,963
Nanded,Nanded(16),GAJANAN DATTRAMJI DHUMAL,INDEPENDENT,lost,950
Nanded,Nanded(16),LAXMAN NAGORAO PATIL,INDEPENDENT,lost,923
Nanded,Nanded(16),MAHARUDRA KESHAV POPLAITKAR,INDEPENDENT,lost,913
Nanded,Nanded(16),RUKMINBAI SHANKARRAO GITE,BHARATIYA PRAJA SURAJYA PAKSHA,lost,903
Nanded,Nanded(16),HARI PIRAJI BOYALE,BAHUJAN BHARAT PARTY,lost,878
Nanded,Nanded(16),RATHOD SURESH GOPINATH,INDEPENDENT,lost,808
Nanded,Nanded(16),KADAM SURAJ DEVENDRA,INDEPENDENT,lost,799
Nanded,Nanded(16),RAHUL SURYAKANT YANGADE,BAHUJAN MUKTI PARTY,lost,737
Nanded,Nanded(16),DNYANESHWAR RAOSAHEB KAPATE,INDEPENDENT,lost,681
Nandurbar,Nandurbar(1),ADV GOWAAL KAGADA PADAVI,INDIAN NATIONAL CONGRESS,won,745998
Nandurbar,Nandurbar(1),DR HEENA VIJAYKUMAR GAVIT,BHARATIYA JANATA PARTY,lost,586878
Nandurbar,Nandurbar(1),NOTA,NONE OF THE ABOVE,nan,14123
Nandurbar,Nandurbar(1),ANANDA SUKALAL KOLI,BAHUJAN SAMAJ PARTY,lost,10644
Nandurbar,Nandurbar(1),SUSHILKUMAR JAHANGIR PAWARA,INDEPENDENT,lost,8887
Nandurbar,Nandurbar(1),NIRMALA VASAVE,PEOPLES PARTY OF INDIA (DEMOCRATIC),lost,6947
Nandurbar,Nandurbar(1),ROHIDAS GEMAJI VALVI,INDEPENDENT,lost,4947
Nandurbar,Nandurbar(1),HEMANT MANSARAM KOLI,VANCHIT BAHUJAN AAGHADI,lost,4081
Nandurbar,Nandurbar(1),DEEPAKKUMAR MADHUKAR SHIRSATH,INDEPENDENT,lost,3571
Nandurbar,Nandurbar(1),RAVINDRA RANJIT VALVI,BHARAT ADIVASI PARTY,lost,2625
Nandurbar,Nandurbar(1),JALAMSING SUTUM PAWAR,INDEPENDENT,lost,2587
Nandurbar,Nandurbar(1),GITANJALI SHASHIKANT KOLI,INDEPENDENT,lost,2381
Nandyal,Nandyal(17),DR BYREDDY SHABARI,TELUGU DESAM,won,701131
Nandyal,Nandyal(17),POCHA BRAHMANANDA REDDY,YUVAJANA SRAMIKA RYTHU CONGRESS PARTY,lost,589156
Nandyal,Nandyal(17),J LAKSHMI NARASIMHA YADAV,INDIAN NATIONAL CONGRESS,lost,56204
Nandyal,Nandyal(17),NOTA,NONE OF THE ABOVE,nan,10697
Nandyal,Nandyal(17),P GURUVAIAH,INDEPENDENT,lost,8191
Nandyal,Nandyal(17),A CHINNA MOULALI,BAHUJAN SAMAJ PARTY,lost,7831
Nandyal,Nandyal(17),HAFIZ ATAULLAH KHAN,SOCIAL DEMOCRATIC PARTY OF INDIA,lost,6932
Nandyal,Nandyal(17),KOMMUSANI PEDDA KAMBAGIRI SWAMY,INDEPENDENT,lost,4633
Nandyal,Nandyal(17),GAGGERA VENKATA RAMANAIAH,INDEPENDENT,lost,3031
Nandyal,Nandyal(17),DUMAVATH SWAMY NAIK,INDEPENDENT,lost,2358
Nandyal,Nandyal(17),KUNUKUNTLA RAMUDU,INDEPENDENT,lost,1413
Nandyal,Nandyal(17),E ANIL KUMAR,INDEPENDENT,lost,1334
Nandyal,Nandyal(17),BRAHMANANDA REDDY K,INDEPENDENT,lost,1272
Nandyal,Nandyal(17),C SURENDRA NATHA REDDY,INDEPENDENT,lost,1268
Nandyal,Nandyal(17),UPPU SUBBARAYUDU,JAATHIA CHETHI VRUTHULA IKYA VEDIKA PARTY,lost,791
Nandyal,Nandyal(17),NAGESWARA RAO,INDEPENDENT,lost,680
Nandyal,Nandyal(17),BHUMA VEERA BHADRA REDDY,NAVARANG CONGRESS PARTY,lost,646
Nandyal,Nandyal(17),YELAMPALLE GOVARDHAN REDDY,ALL INDIA FORWARD BLOC,lost,642
Nandyal,Nandyal(17),VIJAYA BHASKAR REDDYPOGU,INDEPENDENT,lost,641
Nandyal,Nandyal(17),PANDU RANGA YADAV SIDDAPU,SAMAJWADI PARTY,lost,605
Nandyal,Nandyal(17),CHANDINI REDDY VAKATI,LIBERATION CONGRESS PARTY,lost,556
Nandyal,Nandyal(17),GAJULA SHALIMIYA,ANNA YSR CONGRESS PARTY,lost,486
Nandyal,Nandyal(17),B C RAMANADHA AREDDY,INDEPENDENT,lost,472
Nandyal,Nandyal(17),KULURU RAMA KRISHNA REDDY,NEETHI NIJAYITHI PARTY,lost,430
Nandyal,Nandyal(17),CH P MALLESWARUDU,INDEPENDENT,lost,421
Nandyal,Nandyal(17),I V PAKKIR REDDY,INDEPENDENT,lost,410
Nandyal,Nandyal(17),V MADHUSUDHANA REDDY,INDEPENDENT,lost,401
Nandyal,Nandyal(17),BUSHAKU MAHESWARA REDDY,INDEPENDENT,lost,390
Nandyal,Nandyal(17),GOGULA SUGUNAMMA,JAI MAHA BHARATH PARTY,lost,379
Nandyal,Nandyal(17),U P MUNI REDDY,INDEPENDENT,lost,376
Nandyal,Nandyal(17),BELLAMKONDA SREENIVASULU,INDEPENDENT,lost,353
Nandyal,Nandyal(17),BALIJA SHIVA KUMAR,INDEPENDENT,lost,288
Narsapuram,Narsapuram(9),BHUPATHI RAJU SRINIVASA VARMA (B.J.P.VARMA),BHARATIYA JANATA PARTY,won,707343
Narsapuram,Narsapuram(9),UMABALA GUDURI,YUVAJANA SRAMIKA RYTHU CONGRESS PARTY,lost,430541
Narsapuram,Narsapuram(9),K.B.R.NAIDU,INDIAN NATIONAL CONGRESS,lost,35213
Narsapuram,Narsapuram(9),NOTA,NONE OF THE ABOVE,nan,7677
Narsapuram,Narsapuram(9),PRASANNA KUMAR UNDURTHI,INDEPENDENT,lost,6364
Narsapuram,Narsapuram(9),SIRRA RAJU,BAHUJAN SAMAJ PARTY,lost,6014
Narsapuram,Narsapuram(9),MEDAPATI VENKATA VARAHALA REDDY,INDEPENDENT,lost,5969
Narsapuram,Narsapuram(9),BALAGAM NAYAKAR,INDEPENDENT,lost,5240
Narsapuram,Narsapuram(9),NALLI RAJESH,INDEPENDENT,lost,4684
Narsapuram,Narsapuram(9),KETHA SREENU,INDEPENDENT,lost,3145
Narsapuram,Narsapuram(9),OLETY NAGENDRA KRISHNA,JAIBHIM RAO BHARAT PARTY,lost,3116
Narsapuram,Narsapuram(9),ADDEPALLI VEERA VENKAT SUBBA RAO,INDEPENDENT,lost,2783
Narsapuram,Narsapuram(9),ANAND CHANDULAL JASTI,INDEPENDENT,lost,2726
Narsapuram,Narsapuram(9),GANJI PURNIMA,REPUBLICAN PARTY OF INDIA (A),lost,1649
Narsapuram,Narsapuram(9),GEDALA LAXMANA RAO,INDEPENDENT,lost,1527
Narsapuram,Narsapuram(9),ADDANKI DORABABU,INDEPENDENT,lost,1393
Narsapuram,Narsapuram(9),GOTTUMUKKALA SHIVAJI,INDEPENDENT,lost,1384
Narsapuram,Narsapuram(9),ADINARAYANA DUPPANAPUDI,INDEPENDENT,lost,1007
Narsapuram,Narsapuram(9),MANNE LEELA RAMA NARENDRA,PYRAMID PARTY OF INDIA,lost,930
Narsapuram,Narsapuram(9),RAMA DURGA PRASAD THOLETI,INDEPENDENT,lost,920
Narsapuram,Narsapuram(9),RUKHMINI,INDEPENDENT,lost,686
Narsapuram,Narsapuram(9),ADABALA SIVA,INDEPENDENT,lost,683
Narsaraopet,Narsaraopet(14),LAVU SRIKRISHNA DEVARAYALU,TELUGU DESAM,won,807996
Narsaraopet,Narsaraopet(14),ANIL KUMAR POLUBOINA,YUVAJANA SRAMIKA RYTHU CONGRESS PARTY,lost,648267
Narsaraopet,Narsaraopet(14),GARNEPUDI ALEXANDER SUDHAKAR,INDIAN NATIONAL CONGRESS,lost,18046
Narsaraopet,Narsaraopet(14),NOTA,NONE OF THE ABOVE,nan,11199
Narsaraopet,Narsaraopet(14),ORSU PREMARAJU,BAHUJAN SAMAJ PARTY,lost,5309
Narsaraopet,Narsaraopet(14),KUCHIPUDI JOHN BABU,JAIBHIM RAO BHARAT PARTY,lost,2336
Narsaraopet,Narsaraopet(14),GARLAPATI SUBHASH PREM,REVOLUTIONARY SOCIALIST PARTY,lost,1245
Narsaraopet,Narsaraopet(14),YAMPATI VEERANJANEYA REDDY,INDEPENDENT,lost,1057
Narsaraopet,Narsaraopet(14),SUBBARAO CHALLA,INDEPENDENT,lost,1051
Narsaraopet,Narsaraopet(14),ABDUL RAJAK SHAIK,INDEPENDENT,lost,723
Narsaraopet,Narsaraopet(14),KOTA POTHURAJU,PYRAMID PARTY OF INDIA,lost,670
Narsaraopet,Narsaraopet(14),P VENKATESH,JAATHIA CHETHI VRUTHULA IKYA VEDIKA PARTY,lost,388
Narsaraopet,Narsaraopet(14),PASUPULETI PICHAIAH,NATIONAL NAVA KRANTHI PARTY,lost,356
Narsaraopet,Narsaraopet(14),PAPPULA SAMBASIVA RAO,NAVARANG CONGRESS PARTY,lost,332
Narsaraopet,Narsaraopet(14),DOCTOR GODA RAMESH KUMAR,JATIYA JANA SENA PARTY,lost,309
Narsaraopet,Narsaraopet(14),THOKALA NAGA RAJU,ALL INDIA FORWARD BLOC,lost,285
Nashik,Nashik(21),RAJABHAU (PARAG) PRAKASH WAJE,SHIV SENA (UDDHAV BALASAHEB THACKREY),won,616729
Nashik,Nashik(21),GODSE HEMANT TUKARAM,SHIV SENA,lost,454728
Nashik,Nashik(21),KARAN PANDHARINATH GAIKAR,VANCHIT BAHUJAN AAGHADI,lost,47193
Nashik,Nashik(21),SHANTIGIRIJI MAUNGIRIJI MAHARAJ,INDEPENDENT,lost,44524
Nashik,Nashik(21),ARUN MADHUKAR KALE,BAHUJAN SAMAJ PARTY,lost,7751
Nashik,Nashik(21),CHANDRAKANT KESHAVRAO THAKUR,INDEPENDENT,lost,6608
Nashik,Nashik(21),NOTA,NONE OF THE ABOVE,nan,6185
Nashik,Nashik(21),AMOL SAMPATRAO KAMBLE,RASHTRIYA KISAN BAHUJAN PARTY,lost,4997
Nashik,Nashik(21),DARSHANA AMOL MEDHE,PRABUDDHA REPUBLICAN PARTY,lost,4736
Nashik,Nashik(21),KANOJE PRAKASH GIRDHARI,INDEPENDENT,lost,3920
Nashik,Nashik(21),VAMAN MAHADEV SANGALE,DHARMARAJYA PAKSHA,lost,3861
Nashik,Nashik(21),SUDHIR SHRIDHAR DESHMUKH,INDEPENDENT,lost,3167
Nashik,Nashik(21),JITENDRA NARESH BHABHE (JITENDRA BHAVE),INDEPENDENT,lost,3132
Nashik,Nashik(21),ARIF USMAN MANSURI,INDEPENDENT,lost,2543
Nashik,Nashik(21),JAYSHRI MAHENDRA PATIL,SAINIK SAMAJ PARTY,lost,2426
Nashik,Nashik(21),GANESH BALASAHEB BORASTE,INDEPENDENT,lost,2404
Nashik,Nashik(21),SIDDHESHWARANAND SARASWATI,INDEPENDENT,lost,2388
Nashik,Nashik(21),SUSHAMA ABHIJIT GORANE,INDEPENDENT,lost,2260
Nashik,Nashik(21),KANTILAL KISAN JADHAV,AMBEDKARITE PARTY OF INDIA,lost,2055
Nashik,Nashik(21),CHANDRABHAN AABAJI PURKAR,INDEPENDENT,lost,1890
Nashik,Nashik(21),YASHWANT VALU PARDHI,BHARTIYA ASMITA PARTY,lost,1874
Nashik,Nashik(21),KAILASH MARUTI CHAVAN,AAM JANTA PARTY (INDIA),lost,1703
Nashik,Nashik(21),KAMLAKAR BALASAHEB GAIKWAD,DALIT SOSHIT PICHHARA VARG ADHIKAR DAL,lost,1646
Nashik,Nashik(21),DHANAJI ASHOK TOPALE,INDEPENDENT,lost,1376
Nashik,Nashik(21),BHAGYASHRI NITIN ADSUL,INDIAN PEOPLES ADHIKAR PARTY,lost,1244
Nashik,Nashik(21),SOPAN NIVRUTTI SOMWANSHI,INDEPENDENT,lost,1211
Nashik,Nashik(21),ADV. ZUNJAR MHASUJI AVHAD,BAHUJAN REPUBLICAN SOCIALIST PARTY,lost,1210
Nashik,Nashik(21),KOLAPPA HANUMANT DHOTRE,INDEPENDENT,lost,1200
Nashik,Nashik(21),TILOTTAMA SUNIL JAGTAP,INDEPENDENT,lost,656
Nashik,Nashik(21),DEEPAK GAIKWAD,INDEPENDENT,lost,642
Nashik,Nashik(21),SACHINRAJE DATTATREYA DEORE,INDEPENDENT,lost,551
Nashik,Nashik(21),DEVIDAS PIRAJI SARKATE,INDEPENDENT,lost,394
Navsari,Navsari(25),C R PATIL,BHARATIYA JANATA PARTY,won,1031065
Navsari,Navsari(25),NAISHADHBHAI BHUPATBHAI DESAI,INDIAN NATIONAL CONGRESS,lost,257514
Navsari,Navsari(25),NOTA,NONE OF THE ABOVE,nan,20462
Navsari,Navsari(25),MALKHAN RAMKISHOR VARMA,BAHUJAN SAMAJ PARTY,lost,8133
Navsari,Navsari(25),KIRIT L. SURATI,INDEPENDENT,lost,4211
Navsari,Navsari(25),RAJU VARDE,INDEPENDENT,lost,3184
Navsari,Navsari(25),RAMZAN MANSURI (SENIOR JOURNALIST),LOG PARTY,lost,2653
Navsari,Navsari(25),KADIR MAHEBOOB SAIYED,SOCIAL DEMOCRATIC PARTY OF INDIA,lost,2538
Navsari,Navsari(25),DR. KANUBHAI KHADADIYA,SOCIALIST UNITY CENTRE OF INDIA (COMMUNIST),lost,1485
Navsari,Navsari(25),SHEKH MOHMMAD NISHAR (MUNNABHAI GARAGE),INDEPENDENT,lost,1483
Navsari,Navsari(25),SUMANBEN KHUSHWA (HANSIKA RAJPUT),SARDAR VALLABHBHAI PATEL PARTY,lost,1426
Navsari,Navsari(25),MOHAMMAD HANIF SHAH,GARIB KALYAN PARTY,lost,1097
Navsari,Navsari(25),ADVOCATE NAVINKUMAR SHANKERBHAI PATEL,INDEPENDENT,lost,1095
Navsari,Navsari(25),CHANDANSINGH SHIVBADANSINGH THAKUR,INDEPENDENT,lost,1087
Navsari,Navsari(25),KAZI AYAZ HUSNUDDIN,INDEPENDENT,lost,783
Nawada,Nawada(39),VIVEK THAKUR,BHARATIYA JANATA PARTY,won,410608
Nawada,Nawada(39),SHRAWAN KUMAR,RASHTRIYA JANATA DAL,lost,342938
Nawada,Nawada(39),BINOD YADAV,INDEPENDENT,lost,39519
Nawada,Nawada(39),GUNJAN KUMAR,INDEPENDENT,lost,29682
Nawada,Nawada(39),RANJIT KUMAR,BAHUJAN SAMAJ PARTY,lost,16316
Nawada,Nawada(39),NOTA,NONE OF THE ABOVE,nan,12592
Nawada,Nawada(39),ANAND KUMAR VERMA,BHARAT JAN JAGRAN DAL,lost,7736
Nawada,Nawada(39),GAUTAM KUMAR BABLOO,BHAGIDARI PARTY(P),lost,5889
Nawada,Nawada(39),GANAURI PANDIT,PEOPLES PARTY OF INDIA (DEMOCRATIC),lost,4590
Nellore,Nellore(22),PRABHAKAR REDDY VEMIREDDY,TELUGU DESAM,won,766202
Nellore,Nellore(22),VENUMBAKA VIJAYASAI REDDY,YUVAJANA SRAMIKA RYTHU CONGRESS PARTY,lost,520300
Nellore,Nellore(22),KOPPULA RAJU,INDIAN NATIONAL CONGRESS,lost,54844
Nellore,Nellore(22),NOTA,NONE OF THE ABOVE,nan,15577
Nellore,Nellore(22),BHASKAR NASINA,BAHUJAN SAMAJ PARTY,lost,5811
Nellore,Nellore(22),VIVEKA MANNEPALLI,REVOLUTIONARY SOCIALIST PARTY,lost,2804
Nellore,Nellore(22),KOPPALA RAGHU,INDEPENDENT,lost,2015
Nellore,Nellore(22),GAJULA SOMA SEKHAR,JAI BHARAT NATIONAL PARTY,lost,1779
Nellore,Nellore(22),SHAIK MUZIBUR RAHAMAN,PYRAMID PARTY OF INDIA,lost,1330
Nellore,Nellore(22),SHAIK MAHABOOB BASHA (MABU),REPUBLICAN PARTY OF INDIA (A),lost,1233
Nellore,Nellore(22),MALLEPALLY RAGHU,NAVARANG CONGRESS PARTY,lost,1105
Nellore,Nellore(22),SHAIK SHAFI AHMED,ALL INDIA FORWARD BLOC,lost,1037
Nellore,Nellore(22),NAKKA DINESH,BHARATHA CHAITANYA YUVAJANA PARTY,lost,600
Nellore,Nellore(22),TALARI VENKATAIAH,JAIBHIM RAO BHARAT PARTY,lost,558
Nellore,Nellore(22),PUNGANURU PRASANNA GANAPATHI,RADICAL PARTY OF INDIA (AMBEDKARIST),lost,454
New Delhi,New Delhi(4),BANSURI SWARAJ,BHARATIYA JANATA PARTY,won,453185
New Delhi,New Delhi(4),SOMNATH BHARTI,AAM AADMI PARTY,lost,374815
New Delhi,New Delhi(4),RAAJ KUMAR ANAND,BAHUJAN SAMAJ PARTY,lost,5629
New Delhi,New Delhi(4),NOTA,NONE OF THE ABOVE,nan,4813
New Delhi,New Delhi(4),SANJAY RAWAT,INDEPENDENT,lost,1276
New Delhi,New Delhi(4),ACHLA JETHMALANI,JINDABAD KRANTI PARTY,lost,1037
New Delhi,New Delhi(4),HIRA LAL,INDEPENDENT,lost,1005
New Delhi,New Delhi(4),PREM SINGH,NAVARANG CONGRESS PARTY,lost,806
New Delhi,New Delhi(4),UPEN‍DRA,ANJAAN AADMI PARTY,lost,781
New Delhi,New Delhi(4),DILIP SINGH,INDEPENDENT,lost,726
New Delhi,New Delhi(4),LUKMAN KHAN,LOG PARTY,lost,656
New Delhi,New Delhi(4),PUNAM PANDEY,RASHTRAVADI LOKTANTRIK PARTY (INDIA),lost,641
New Delhi,New Delhi(4),SANDHYA THAKKAR,RASHTRIYA REPUBLICAN PARTY,lost,486
New Delhi,New Delhi(4),RAVINDER SINGH,INDEPENDENT,lost,416
New Delhi,New Delhi(4),DINESH KUMAR,PEOPLES PARTY OF INDIA (DEMOCRATIC),lost,361
New Delhi,New Delhi(4),PRITHVI NATH SINGH,BHARATIYA SAMPURAN KRANTIKARI PARTY,lost,335
New Delhi,New Delhi(4),MAHESH KUMAR DENWAL,AMBEDKARITE PARTY OF INDIA,lost,288
New Delhi,New Delhi(4),MANOJ KUMAR SHARMA,LOKTANTRIK JANSHAKTI PARTY,lost,212
Nizamabad,Nizamabad(4),ARVIND DHARMAPURI,BHARATIYA JANATA PARTY,won,592318
Nizamabad,Nizamabad(4),JEEVANREDDY THATIPARTHI,INDIAN NATIONAL CONGRESS,lost,483077
Nizamabad,Nizamabad(4),GOVERDHAN BAJIREDDY,BHARAT RASHTRA SAMITHI,lost,102406
Nizamabad,Nizamabad(4),GANTA CHARITHA RAO,INDEPENDENT,lost,5710
Nizamabad,Nizamabad(4),YOUGENDAR GATLA,ALLIANCE OF DEMOCRATIC REFORMS PARTY,lost,5453
Nizamabad,Nizamabad(4),KOTAGIRI SRINIVAS,INDEPENDENT,lost,5312
Nizamabad,Nizamabad(4),NOTA,NONE OF THE ABOVE,nan,4483
Nizamabad,Nizamabad(4),PUPPALA LIMBADRI,BAHUJAN SAMAJ PARTY,lost,4263
Nizamabad,Nizamabad(4),TUTUKURU JEEVAN REDDY,INDEPENDENT,lost,4091
Nizamabad,Nizamabad(4),KANDELA SUMAN,DHARMA SAMAJ PARTY,lost,3886
Nizamabad,Nizamabad(4),GOLI. NARESH,DALITA BAHUJANA PARTY,lost,3024
Nizamabad,Nizamabad(4),ARE RAJENDHAR,INDEPENDENT,lost,2907
Nizamabad,Nizamabad(4),KOTHAKONDA SHAKTI PRASAD,INDEPENDENT,lost,2106
Nizamabad,Nizamabad(4),VEMULAA VIKRAM REDDY,INDEPENDENT,lost,2074
Nizamabad,Nizamabad(4),GOPI CHENDRIAH,INDEPENDENT,lost,1723
Nizamabad,Nizamabad(4),ALI MANSOOR,ANNA YSR CONGRESS PARTY,lost,1468
Nizamabad,Nizamabad(4),GUYYA SAIKRISHNA MURTHY,YUGA THULASI PARTY,lost,1129
Nizamabad,Nizamabad(4),SYED ASGAR,INDEPENDENT,lost,1048
Nizamabad,Nizamabad(4),MALAVAT VITHAL,INDEPENDENT,lost,919
Nizamabad,Nizamabad(4),MOGILI RAJKUMAR,INDIA PRAJA BANDHU PARTY,lost,830
Nizamabad,Nizamabad(4),RAPELLY SRINIVAS,INDEPENDENT,lost,793
Nizamabad,Nizamabad(4),DESHABOINA LAXMINARAYANA,INDEPENDENT,lost,723
Nizamabad,Nizamabad(4),ABBAGONI ASHOK GOUD,BAHUJANA LEFT PARTY,lost,649
Nizamabad,Nizamabad(4),DEVATHI SRINIVAS,BAHUJAN MUKTI PARTY,lost,636
Nizamabad,Nizamabad(4),B B NAIK,INDEPENDENT,lost,581
Nizamabad,Nizamabad(4),BHUKYA. NANDU,VIDHYARTHULA RAJAKIYA PARTY,lost,580
Nizamabad,Nizamabad(4),RAPALLY SATYANARAYANA,INDEPENDENT,lost,426
Nizamabad,Nizamabad(4),RAGI ANIL,INDEPENDENT,lost,375
Nizamabad,Nizamabad(4),PALAMURI SAI NIKHIL,INDEPENDENT,lost,307
Nizamabad,Nizamabad(4),PRASHANTH KATRAJI,INDEPENDENT,lost,284
North Goa,North Goa(1),SHRIPAD YESSO NAIK,BHARATIYA JANATA PARTY,won,257326
North Goa,North Goa(1),RAMAKANT KHALAP,INDIAN NATIONAL CONGRESS,lost,141311
North Goa,North Goa(1),TUKARAM BHARAT PARAB,REVOLUTIONARY GOANS PARTY,lost,45693
North Goa,North Goa(1),NOTA,NONE OF THE ABOVE,nan,6328
North Goa,North Goa(1),MILAN R VAINGANKAR,BAHUJAN SAMAJ PARTY,lost,1625
North Goa,North Goa(1),MR SAKHARAM NAIK,AKHIL BHARTIYA PARIVAR PARTY,lost,1417
North Goa,North Goa(1),SHAKEEL JAMAL SHAIKH,INDEPENDENT,lost,807
North Goa,North Goa(1),THOMAS AUGUSTINE FERNANDES,INDEPENDENT,lost,759
North Goa,North Goa(1),ADV VISHAL NAIK,INDEPENDENT,lost,752
North-East Delhi,North-East Delhi(2),MANOJ TIWARI,BHARATIYA JANATA PARTY,won,824451
North-East Delhi,North-East Delhi(2),KANHAIYA KUMAR,INDIAN NATIONAL CONGRESS,lost,685673
North-East Delhi,North-East Delhi(2),ASHOK KUMAR,BAHUJAN SAMAJ PARTY,lost,12138
North-East Delhi,North-East Delhi(2),NOTA,NONE OF THE ABOVE,nan,5873
North-East Delhi,North-East Delhi(2),SUNITA,NAVARANG CONGRESS PARTY,lost,3518
North-East Delhi,North-East Delhi(2),AKESHAN DUT,INDEPENDENT,lost,3325
North-East Delhi,North-East Delhi(2),SUSHIL CHOUDHARY,AAPKI APNI PARTY (PEOPLES),lost,2070
North-East Delhi,North-East Delhi(2),AJAY TIWARI,RIGHT TO RECALL PARTY,lost,2042
North-East Delhi,North-East Delhi(2),SUBHASH,RASHTRIYA JANMORCHA,lost,1639
North-East Delhi,North-East Delhi(2),AKASH SRIVASTAV,JAI HIND NATIONAL PARTY,lost,1317
North-East Delhi,North-East Delhi(2),SANJEEV KUMAR PANDEY,BHARATIYA LIBERAL PARTY,lost,1163
North-East Delhi,North-East Delhi(2),SAROJ KUMAR RAY,INDEPENDENT,lost,997
North-East Delhi,North-East Delhi(2),ADV. BHIM KISHOR,PEOPLES PARTY OF INDIA (DEMOCRATIC),lost,827
North-East Delhi,North-East Delhi(2),SANJEEV KUMAR,PUBLIC POLITICAL PARTY,lost,799
North-East Delhi,North-East Delhi(2),PRAKASH DEVI,SOCIALIST UNITY CENTRE OF INDIA (COMMUNIST),lost,676
North-East Delhi,North-East Delhi(2),LAKSHYA VASHIST (SHYAM),JINDABAD KRANTI PARTY,lost,653
North-East Delhi,North-East Delhi(2),BABITA YADAV,AAZAD SAMAJ PARTY (KANSHI RAM),lost,646
North-East Delhi,North-East Delhi(2),MANOJ KUMAR,INDEPENDENT,lost,561
North-East Delhi,North-East Delhi(2),NIVEDITA SHARMA “PREM”,RASHTRAWADI JANLOK PARTY (SATYA),lost,543
North-East Delhi,North-East Delhi(2),DR. RAJESH KUMAR SINGH,INDEPENDENT,lost,540
North-East Delhi,North-East Delhi(2),KANHI LAL,SWATANTRA JANTARAJ PARTY,lost,498
North-East Delhi,North-East Delhi(2),VIJAY KUMAR JHA,INDEPENDENT,lost,491
North-East Delhi,North-East Delhi(2),YOGESH SWAMY,INDEPENDENT,lost,410
North-East Delhi,North-East Delhi(2),ASHOK MISHRA,INDEPENDENT,lost,352
North-East Delhi,North-East Delhi(2),ADV. K.T. PALUSKAR,PRABUDDHA REPUBLICAN PARTY,lost,349
North-East Delhi,North-East Delhi(2),RAVI KIRAN THILAK THATIKONDA,INDEPENDENT,lost,324
North-East Delhi,North-East Delhi(2),ISHWAR CHAND,BHARATRASHTRA DEMOCRATIC PARTY,lost,310
North-East Delhi,North-East Delhi(2),JAGDISH,RASHTRIYA SAMAJ PAKSHA,lost,276
North-East Delhi,North-East Delhi(2),BIRPAL SINGH KOLI,INDEPENDENT,lost,270
North-West Delhi,North-West Delhi(5),YOGENDER CHANDOLIYA,BHARATIYA JANATA PARTY,won,866483
North-West Delhi,North-West Delhi(5),UDIT RAJ,INDIAN NATIONAL CONGRESS,lost,575634
North-West Delhi,North-West Delhi(5),VIJAY BAUDDH,BAHUJAN SAMAJ PARTY,lost,11997
North-West Delhi,North-West Delhi(5),NOTA,NONE OF THE ABOVE,nan,8984
North-West Delhi,North-West Delhi(5),SURESH KUMAR,PEOPLES PARTY OF INDIA (DEMOCRATIC),lost,2870
North-West Delhi,North-West Delhi(5),SANJAY KUMAR SIWAL,RASHTRIYA JANSHAKTI PARTY (SECULAR),lost,2866
North-West Delhi,North-West Delhi(5),SUBHASH,ASANKHYA SAMAJ PARTY,lost,2250
North-West Delhi,North-West Delhi(5),RAJENDER SOOD,AAM JANSHAKTI PARTY,lost,1478
North-West Delhi,North-West Delhi(5),PRAVEEN GAUTAM,NAVARANG CONGRESS PARTY,lost,1456
North-West Delhi,North-West Delhi(5),K M KAJAL,PUBLIC POLITICAL PARTY,lost,1342
North-West Delhi,North-West Delhi(5),NARESH KUMAR,INDEPENDENT,lost,1275
North-West Delhi,North-West Delhi(5),ADVOCATE SATISH CHANDRA,AMBEDKARITE PARTY OF INDIA,lost,1237
North-West Delhi,North-West Delhi(5),PARMENDRA MANJHI,INDEPENDENT,lost,1102
North-West Delhi,North-West Delhi(5),ADVOCATE DR. MAHENDER SINGH CHURIYANA,BAHUJAN DRAVIDA PARTY,lost,1016
North-West Delhi,North-West Delhi(5),CHANDER PAL SONI,INDEPENDENT,lost,891
North-West Delhi,North-West Delhi(5),ADITI,INDEPENDENT,lost,790
North-West Delhi,North-West Delhi(5),ADV. KRUPAL,PRABUDDHA REPUBLICAN PARTY,lost,675
North-West Delhi,North-West Delhi(5),NAND RAM BAGRI,VOTERS PARTY INTERNATIONAL,lost,638
North-West Delhi,North-West Delhi(5),SHYAM BHARTEEY,GAREEB AADMI PARTY,lost,632
North-West Delhi,North-West Delhi(5),HARI KISHAN (MECHANIC),INDEPENDENT,lost,548
North-West Delhi,North-West Delhi(5),POOJA (BHAGTANI),BHARATIYA JAN JAGRITI PARTY,lost,509
North-West Delhi,North-West Delhi(5),PREETI,SAMAN ADHIKAR PARTY,lost,503
North-West Delhi,North-West Delhi(5),NARESH KUMAR,RASHTRIYA SAMAJ PAKSHA,lost,500
North-West Delhi,North-West Delhi(5),SATYA PRAKASH UTTRAKHANDI,INDEPENDENT,lost,434
North-West Delhi,North-West Delhi(5),KHILKHILAKAR,BAHUJAN SHOSHIT SAMAJ SANGHARSH SAMTA PARTY,lost,373
North-West Delhi,North-West Delhi(5),PRADEEP KUMAR,INDEPENDENT,lost,371
North-West Delhi,North-West Delhi(5),PUSHPA NAGRA,INDEPENDENT,lost,353
Ongole,Ongole(16),MAGUNTA SREENIVASULU REDDY,TELUGU DESAM,won,701894
Ongole,Ongole(16),DR CHEVIREDDY BHASKAR REDD,YUVAJANA SRAMIKA RYTHU CONGRESS PARTY,lost,651695
Ongole,Ongole(16),EDA SUDHAKARA REDDY,INDIAN NATIONAL CONGRESS,lost,26722
Ongole,Ongole(16),NOTA,NONE OF THE ABOVE,nan,13205
Ongole,Ongole(16),DHARANIKOTA LAKSHMI NARAYANA,BAHUJAN SAMAJ PARTY,lost,6314
Ongole,Ongole(16),PODILI RAMBABU,INDEPENDENT,lost,3073
Ongole,Ongole(16),BUCHI EDUKONDALU,INDEPENDENT,lost,3048
Ongole,Ongole(16),ORSU VEENA,JAI BHARAT NATIONAL PARTY,lost,2267
Ongole,Ongole(16),BONTHA RANGA REDDY,INDEPENDENT,lost,1923
Ongole,Ongole(16),BODDU KRANTHI KUMAR,INDEPENDENT,lost,1798
Ongole,Ongole(16),MOHAN GOUD J V,INDEPENDENT,lost,1447
Ongole,Ongole(16),U MADHU BABU,INDEPENDENT,lost,1008
Ongole,Ongole(16),PASAM VENKATESWARLU YADAV,SAMAJWADI PARTY,lost,743
Ongole,Ongole(16),KARATAPU RAJU,INDEPENDENT,lost,735
Ongole,Ongole(16),JAGADEESH RAYAPATI,INDEPENDENT,lost,725
Ongole,Ongole(16),DEVIREDDY BALANJANEYULU,INDEPENDENT,lost,716
Ongole,Ongole(16),HARI PRASAD TUPAKULA,INDEPENDENT,lost,711
Ongole,Ongole(16),SURYA TEJA KOTA,PYRAMID PARTY OF INDIA,lost,683
Ongole,Ongole(16),AKUMALLA MALLIKARJUNA REDDY,INDEPENDENT,lost,575
Ongole,Ongole(16),VESHAPOGU GURAVABABU,INDEPENDENT,lost,461
Ongole,Ongole(16),KOMMU YOHANU,LIBERATION CONGRESS PARTY,lost,461
Ongole,Ongole(16),SESHUBABU GUDDANTI,INDEPENDENT,lost,449
Ongole,Ongole(16),SINGAMNENI SREEKANTH,INDEPENDENT,lost,410
Ongole,Ongole(16),YARRA DASARADHARAMAIAH,INDEPENDENT,lost,394
Ongole,Ongole(16),K PAVAN KALYAN,JATIYA JANA SENA PARTY,lost,392
Ongole,Ongole(16),KOTA VAMSI KRISHNA,INDEPENDENT,lost,365
Osmanabad,Osmanabad(40),OMPRAKASH BHUPALSINH ALIAS PAVAN RAJENIMBALKAR,SHIV SENA (UDDHAV BALASAHEB THACKREY),won,748752
Osmanabad,Osmanabad(40),ARCHANA RANAJAGJITSINH PATIL,NATIONALIST CONGRESS PARTY,lost,418906
Osmanabad,Osmanabad(40),ANDHALKAR BHAUSAHEB RAOSAHEB,VANCHIT BAHUJAN AAGHADI,lost,33402
Osmanabad,Osmanabad(40),GOVARDHAN SUBRAO NIMBALKAR,INDEPENDENT,lost,18966
Osmanabad,Osmanabad(40),DNYANESHWAR NAGANATHRAO KOLI,SAMATA PARTY,lost,6472
Osmanabad,Osmanabad(40),KAKASAHEB SANDIPAN KHOT,INDEPENDENT,lost,5715
Osmanabad,Osmanabad(40),SANJAYKUMAR BHAGWAT WAGHMARE,BAHUJAN SAMAJ PARTY,lost,5615
Osmanabad,Osmanabad(40),KAKA FULCHAND KAMBLE,INDEPENDENT,lost,4811
Osmanabad,Osmanabad(40),NOTA,NONE OF THE ABOVE,nan,4298
Osmanabad,Osmanabad(40),RAM HANUMANT SHENDAGE,INDEPENDENT,lost,3263
Osmanabad,Osmanabad(40),UMAJI PANDURANG GAIKWAD,INDEPENDENT,lost,3095
Osmanabad,Osmanabad(40),GORE NETAJI NAGNATH,DESH JANHIT PARTY,lost,2336
Osmanabad,Osmanabad(40),HANUMANT LAXMAN BONDAR,INDEPENDENT,lost,2172
Osmanabad,Osmanabad(40),NAVNATH DASHRATH UPALEKAR,INDEPENDENT,lost,2108
Osmanabad,Osmanabad(40),SIDDIK IBRAHIM BAUDIWALE ALIAS GOLABHAI,ALL INDIA MAJLIS-E-ITTEHADUL MUSLIMEEN,lost,2060
Osmanabad,Osmanabad(40),ARJUN (DADA) SALGAR,INDEPENDENT,lost,1935
Osmanabad,Osmanabad(40),ARYANRAJE KISANRAO SHINDE,RASHTRIYA SAMAJ DAL (R),lost,1887
Osmanabad,Osmanabad(40),SHAIKH NAUSHAD IQBAL,SWARAJYA SHAKTI SENA,lost,1686
Osmanabad,Osmanabad(40),SHAMRAO HARIBHAU PAWAR,SAMNAK JANTA PARTY,lost,1509
Osmanabad,Osmanabad(40),YOGIRAJ ANANTA TAMBE,INDEPENDENT,lost,1336
Osmanabad,Osmanabad(40),SOMNATH NANASAHEB KAMBLE,INDEPENDENT,lost,1268
Osmanabad,Osmanabad(40),BHORE NITIN KHANDU,INDEPENDENT,lost,1204
Osmanabad,Osmanabad(40),MANOHAR ANANDRAO PATIL,INDEPENDENT,lost,1190
Osmanabad,Osmanabad(40),NAVNATH VISHWANATH DUDHAL,VISHVA SHAKTI PARTY,lost,1135
Osmanabad,Osmanabad(40),NITESH SHIVAJI PAWAR,HINDRASHTRA SANGH,lost,1079
Osmanabad,Osmanabad(40),ADV. VISHVJEET VIJAYKUMAR SHINDE,AADARSH SANGRAM PARTY,lost,865
Osmanabad,Osmanabad(40),SHAYANI NAVANATH JADHAV,INDEPENDENT,lost,782
Osmanabad,Osmanabad(40),NITIN NAGNATH GAIKWAD,INDEPENDENT,lost,731
Osmanabad,Osmanabad(40),ADV. BHAUSAHEB ANIL BELURE,INDEPENDENT,lost,677
Osmanabad,Osmanabad(40),VILAS BHAGWAT GHADGE,INDEPENDENT,lost,610
Osmanabad,Osmanabad(40),SAMEERSINGH RAMESHCHANDRA SALVI,INDEPENDENT,lost,594
Osmanabad,Osmanabad(40),RAJKUMAR SAHEBRAO PATIL,INDEPENDENT,lost,593
Outer Manipur,Outer Manipur(2),ALFRED KANNGAM S ARTHUR,INDIAN NATIONAL CONGRESS,won,384954
Outer Manipur,Outer Manipur(2),KACHUI TIMOTHY ZIMIK,NAGA PEOPLES FRONT,lost,299536
Outer Manipur,Outer Manipur(2),S KHO JOHN,INDEPENDENT,lost,89910
Outer Manipur,Outer Manipur(2),ALYSON ABONMAI,INDEPENDENT,lost,15110
Outer Manipur,Outer Manipur(2),NOTA,NONE OF THE ABOVE,nan,7225
PALI,PALI(15),P. P. CHAUDHARY,BHARATIYA JANATA PARTY,won,757389
PALI,PALI(15),SANGEETA BENIWAL,INDIAN NATIONAL CONGRESS,lost,512038
PALI,PALI(15),LAL SINGH DEWASI,INDEPENDENT,lost,19002
PALI,PALI(15),HUKAM SINGH,INDEPENDENT,lost,17097
PALI,PALI(15),NOTA,NONE OF THE ABOVE,nan,13853
PALI,PALI(15),MAHENDRA REGAR,BAHUJAN SAMAJ PARTY,lost,11101
PALI,PALI(15),JEEVARAM RANA,BHARAT ADIVASI PARTY,lost,8347
PALI,PALI(15),SHRAWAN RAM DEWASI,INDEPENDENT,lost,5593
PALI,PALI(15),MUKESH SAINI,INDEPENDENT,lost,2523
PALI,PALI(15),BASTIRAM,INDIAN PEOPLES GREEN PARTY,lost,1586
PALI,PALI(15),BHIYARAM,INDEPENDENT,lost,1345
PALI,PALI(15),KESARAM,INDEPENDENT,lost,1345
PALI,PALI(15),ANAND KUMAR PARIHAR,INDEPENDENT,lost,1335
PALI,PALI(15),DEEPAK BAMNIYA,INDEPENDENT,lost,1288
PERAMBALUR,PERAMBALUR(25),ARUN NEHRU,DRAVIDA MUNNETRA KAZHAGAM,won,603209
PERAMBALUR,PERAMBALUR(25),CHANDRAMOHAN N D,ALL INDIA ANNA DRAVIDA MUNNETRA KAZHAGAM,lost,214102
PERAMBALUR,PERAMBALUR(25),PAARIVENDHAR T R,BHARATIYA JANATA PARTY,lost,161866
PERAMBALUR,PERAMBALUR(25),THENMOZHI R,NAAM TAMILAR KATCHI,lost,113092
PERAMBALUR,PERAMBALUR(25),NOTA,NONE OF THE ABOVE,nan,10322
PERAMBALUR,PERAMBALUR(25),MANI S,INDEPENDENT,lost,3951
PERAMBALUR,PERAMBALUR(25),MADHU R,INDEPENDENT,lost,3508
PERAMBALUR,PERAMBALUR(25),RENGARAJ S,INDEPENDENT,lost,3273
PERAMBALUR,PERAMBALUR(25),ELANGOVAN R,BAHUJAN SAMAJ PARTY,lost,3059
PERAMBALUR,PERAMBALUR(25),VASUDEVAN A,INDEPENDENT,lost,1362
PERAMBALUR,PERAMBALUR(25),ARUN NEHRU,INDEPENDENT,lost,1299
PERAMBALUR,PERAMBALUR(25),LAKSHMANAN,INDEPENDENT,lost,1087
PERAMBALUR,PERAMBALUR(25),PARY T,INDEPENDENT,lost,1081
PERAMBALUR,PERAMBALUR(25),ANANDARAJU R,INDEPENDENT,lost,1015
PERAMBALUR,PERAMBALUR(25),JAYAKUMAR K,SAMANIYA MAKKAL NALA KATCHI,lost,1006
PERAMBALUR,PERAMBALUR(25),TAMILSELVAN M,INDEPENDENT,lost,878
PERAMBALUR,PERAMBALUR(25),THANGAMANI K,INDEPENDENT,lost,873
PERAMBALUR,PERAMBALUR(25),P K AMMAN G SIVAKUMAR,INDEPENDENT,lost,755
PERAMBALUR,PERAMBALUR(25),EBINESAN M,INDEPENDENT,lost,748
PERAMBALUR,PERAMBALUR(25),MURUGANANTHAM T,INDEPENDENT,lost,733
PERAMBALUR,PERAMBALUR(25),SUDHAKAR S,INDEPENDENT,lost,555
PERAMBALUR,PERAMBALUR(25),SAMBATH D,INDEPENDENT,lost,532
PERAMBALUR,PERAMBALUR(25),MUTHUKUMAR,INDEPENDENT,lost,469
PERAMBALUR,PERAMBALUR(25),VEERAMALAI K,INDEPENDENT,lost,451
POLLACHI,POLLACHI(21),ESWARASAMY K,DRAVIDA MUNNETRA KAZHAGAM,won,533377
POLLACHI,POLLACHI(21),KARTHIKEYAN A,ALL INDIA ANNA DRAVIDA MUNNETRA KAZHAGAM,lost,281335
POLLACHI,POLLACHI(21),VASANTHARAJAN K,BHARATIYA JANATA PARTY,lost,223354
POLLACHI,POLLACHI(21),SURESHKUMAR N,NAAM TAMILAR KATCHI,lost,58196
POLLACHI,POLLACHI(21),NOTA,NONE OF THE ABOVE,nan,14503
POLLACHI,POLLACHI(21),PRAKASH P,INDEPENDENT,lost,2851
POLLACHI,POLLACHI(21),BENJAMINKIRUBAKARAN J,BAHUJAN SAMAJ PARTY,lost,2284
POLLACHI,POLLACHI(21),VASANTHAKUMAR T,INDEPENDENT,lost,2190
POLLACHI,POLLACHI(21),RAMASAMY K,INDEPENDENT,lost,1825
POLLACHI,POLLACHI(21),ESWARASAMY K,INDEPENDENT,lost,1790
POLLACHI,POLLACHI(21),GOPALAKRISHNAN M,NEW GENERATION PEOPLE’S PARTY,lost,1133
POLLACHI,POLLACHI(21),KALIMUTHU S,INDEPENDENT,lost,981
POLLACHI,POLLACHI(21),KARTHIKEYAN D,INDEPENDENT,lost,619
POLLACHI,POLLACHI(21),NOOR MUHAMAD A,INDEPENDENT,lost,605
POLLACHI,POLLACHI(21),KARTHIKEYAN P,INDEPENDENT,lost,567
POLLACHI,POLLACHI(21),KARTHIKEYAN D,INDEPENDENT,lost,435
PUDUCHERRY,PUDUCHERRY(1),VE VAITHILINGAM,INDIAN NATIONAL CONGRESS,won,426005
PUDUCHERRY,PUDUCHERRY(1),A NAMASSIVAYAM,BHARATIYA JANATA PARTY,lost,289489
PUDUCHERRY,PUDUCHERRY(1),R MENAGA,NAAM TAMILAR KATCHI,lost,39603
PUDUCHERRY,PUDUCHERRY(1),G THAMIZHVENDAN,ALL INDIA ANNA DRAVIDA MUNNETRA KAZHAGAM,lost,25165
PUDUCHERRY,PUDUCHERRY(1),NOTA,NONE OF THE ABOVE,nan,9763
PUDUCHERRY,PUDUCHERRY(1),P SANKARAN,SOCIALIST UNITY CENTRE OF INDIA (COMMUNIST),lost,2066
PUDUCHERRY,PUDUCHERRY(1),ARADADI POSIYYA,INDEPENDENT,lost,1546
PUDUCHERRY,PUDUCHERRY(1),D ALANGARAVELU,BAHUJAN SAMAJ PARTY,lost,1540
PUDUCHERRY,PUDUCHERRY(1),K KISHORKUMAR,INDEPENDENT,lost,1246
PUDUCHERRY,PUDUCHERRY(1),KOLLANJIAPPAN,INDEPENDENT,lost,1199
PUDUCHERRY,PUDUCHERRY(1),M MANIKANDAN,INDEPENDENT,lost,1133
PUDUCHERRY,PUDUCHERRY(1),M KRISHNAMURTHY,INDEPENDENT,lost,1071
PUDUCHERRY,PUDUCHERRY(1),K PRABHU DEVAN,UNITED REPUBLICAN PARTY OF INDIA,lost,989
PUDUCHERRY,PUDUCHERRY(1),S BAKTHAVATCHALAM,INDEPENDENT,lost,924
PUDUCHERRY,PUDUCHERRY(1),S SATHISH KUMAR,INDEPENDENT,lost,846
PUDUCHERRY,PUDUCHERRY(1),COUTTANE ALIAS DHIVANEEDHE,INDEPENDENT,lost,822
PUDUCHERRY,PUDUCHERRY(1),E ANANTHAVEL,INDEPENDENT,lost,776
PUDUCHERRY,PUDUCHERRY(1),S KALA,INDEPENDENT,lost,626
PUDUCHERRY,PUDUCHERRY(1),P RAJAN,INDEPENDENT,lost,547
PUDUCHERRY,PUDUCHERRY(1),NIRMALA G,INDEPENDENT,lost,475
PUDUCHERRY,PUDUCHERRY(1),K ARUNACHALAM,INDEPENDENT,lost,405
PUDUCHERRY,PUDUCHERRY(1),K RAMADASS,INDEPENDENT,lost,372
PUDUCHERRY,PUDUCHERRY(1),R RAJA,INDEPENDENT,lost,331
PUDUCHERRY,PUDUCHERRY(1),D RAVINDIRAN,INDEPENDENT,lost,307
PUDUCHERRY,PUDUCHERRY(1),S MASCO,INDEPENDENT,lost,254
PUDUCHERRY,PUDUCHERRY(1),V P MANICKAM,INDEPENDENT,lost,244
PUDUCHERRY,PUDUCHERRY(1),M MURUGAN,INDEPENDENT,lost,196
Palakkad,Palakkad(8),V K SREEKANDAN,INDIAN NATIONAL CONGRESS,won,421169
Palakkad,Palakkad(8),A VIJAYARAGHAVAN,COMMUNIST PARTY OF INDIA (MARXIST),lost,345886
Palakkad,Palakkad(8),C KRISHNAKUMAR,BHARATIYA JANATA PARTY,lost,251778
Palakkad,Palakkad(8),NOTA,NONE OF THE ABOVE,nan,8793
Palakkad,Palakkad(8),K T PADMINI,BAHUJAN SAMAJ PARTY,lost,2132
Palakkad,Palakkad(8),ANNA KURIAKOSE,INDEPENDENT,lost,1433
Palakkad,Palakkad(8),N S K PURAM SASIKUMAR,INDEPENDENT,lost,1177
Palakkad,Palakkad(8),RAJESH K SON OF VELANKUTTY,INDEPENDENT,lost,1056
Palakkad,Palakkad(8),RAJESH M SON OF MANI C,INDEPENDENT,lost,953
Palakkad,Palakkad(8),SIDHEEK IRUPPASSERY,INDEPENDENT,lost,939
Palakkad,Palakkad(8),C RAJAMANICKAM,INDEPENDENT,lost,520
Palamau,Palamau(13),VISHNU DAYAL RAM,BHARATIYA JANATA PARTY,won,770362
Palamau,Palamau(13),MAMTA BHUIYAN,RASHTRIYA JANATA DAL,lost,481555
Palamau,Palamau(13),KAMESHWAR BAITHA,BAHUJAN SAMAJ PARTY,lost,40000
Palamau,Palamau(13),NOTA,NONE OF THE ABOVE,nan,24343
Palamau,Palamau(13),SANAN RAM,LOKHIT ADHIKAR PARTY,lost,17875
Palamau,Palamau(13),GANESH RAVI,INDEPENDENT,lost,17699
Palamau,Palamau(13),BRAJESH KUMAR TURI,RASHTRIYA SAMANTA DAL,lost,17566
Palamau,Palamau(13),VRINDA RAM,PEOPLES PARTY OF INDIA (DEMOCRATIC),lost,11270
Palamau,Palamau(13),MAHENDRA BAITHA,SOCIALIST UNITY CENTRE OF INDIA (COMMUNIST),lost,5115
Palamau,Palamau(13),RAM VACHAN RAM,BAHUJAN MUKTI PARTY,lost,4953
Palghar,Palghar(22),DR. HEMANT VISHNU SAVARA,BHARATIYA JANATA PARTY,won,601244
Palghar,Palghar(22),BHARTI BHARAT KAMDI,SHIV SENA (UDDHAV BALASAHEB THACKREY),lost,417938
Palghar,Palghar(22),RAJESH RAGHUNATH PATIL,BAHUJAN VIKAS AAGHADI,lost,254517
Palghar,Palghar(22),NOTA,NONE OF THE ABOVE,nan,23385
Palghar,Palghar(22),BHARAT SAMJI VANGA,BAHUJAN SAMAJ PARTY,lost,15465
Palghar,Palghar(22),MEENA KISHOR BHAD,INDEPENDENT,lost,14235
Palghar,Palghar(22),VIJAYA RAJKUMAR MHATRE,VANCHIT BAHUJAN AAGHADI,lost,10936
Palghar,Palghar(22),MOHAN BARAKU GUHE,BHARAT ADIVASI PARTY,lost,10761
Palghar,Palghar(22),DINKAR DATTATRAYA WADHAN,INDEPENDENT,lost,10687
Palghar,Palghar(22),AMAR KISAN KAVALE,INDEPENDENT,lost,9821
Palghar,Palghar(22),COMRADE RAHUL MEDHA,MARXIST LENINIST PARTY OF INDIA (RED FLAG),lost,7085
Panchmahal,Panchmahal(18),RAJPALSINH MAHENDRASINH JADAV,BHARATIYA JANATA PARTY,won,794579
Panchmahal,Panchmahal(18),GULABSINH SOMSINH CHAUHAN,INDIAN NATIONAL CONGRESS,lost,285237
Panchmahal,Panchmahal(18),NOTA,NONE OF THE ABOVE,nan,20103
Panchmahal,Panchmahal(18),HASMUKHKUMAR GANPATSINH RATHOD,INDEPENDENT,lost,10399
Panchmahal,Panchmahal(18),JITESHKUMAR GHANSHYAMBHAI SEVAK,DHANWAN BHARAT PARTY,lost,8389
Panchmahal,Panchmahal(18),MANOJSINH RANAJITSINH RATHOD,INDEPENDENT,lost,4013
Panchmahal,Panchmahal(18),LAXMANBHAI GALABHAI BARIYA,"AAM JANMAT PARTY,",lost,3205
Panchmahal,Panchmahal(18),TASLIM MOHAMMEDRAFIK DURVESH,INDEPENDENT,lost,3065
Panchmahal,Panchmahal(18),PANDOR KAUSHIKKUMAR SHANKARBHAI,INDEPENDENT,lost,2507
Parbhani,Parbhani(17),JADHAV SANJAY ( BANDU ) HARIBHAU,SHIV SENA (UDDHAV BALASAHEB THACKREY),won,601343
Parbhani,Parbhani(17),JANKAR MAHADEV JAGANNATH,RASHTRIYA SAMAJ PAKSHA,lost,467282
Parbhani,Parbhani(17),PANJAB UTTAMRAO DAKH,VANCHIT BAHUJAN AAGHADI,lost,95967
Parbhani,Parbhani(17),DR. GOVARDHAN BHIWAJI KHANDAGALE,BAHUJAN BHARAT PARTY,lost,15395
Parbhani,Parbhani(17),ALAMGIR MOHAMMAD KHAN,BAHUJAN SAMAJ PARTY,lost,11062
Parbhani,Parbhani(17),KAMBLE SHIVAJI DEVAJI,INDEPENDENT,lost,11060
Parbhani,Parbhani(17),SAMIR GANESHRAO DUDHGAONKAR,INDEPENDENT,lost,11056
Parbhani,Parbhani(17),KRUSHNA TRIMBAKRAO PAWAR,INDEPENDENT,lost,10154
Parbhani,Parbhani(17),KAILAS BALIRAM PAWAR (NAIK),BALIRAJA PARTY,lost,9520
Parbhani,Parbhani(17),PROF. DR. VILAS BANSIDHAR TANGADE,INDEPENDENT,lost,8820
Parbhani,Parbhani(17),ARJUN DNYANOBA BHISE,INDEPENDENT,lost,6923
Parbhani,Parbhani(17),COMRADE RAJAN KSHIRSAGAR,COMMUNIST PARTY OF INDIA,lost,6649
Parbhani,Parbhani(17),KISHORKUMAR PRAKASH SHINDE,INDEPENDENT,lost,6548
Parbhani,Parbhani(17),KISHORE RADHAKISHAN DHAGE,INDEPENDENT,lost,5480
Parbhani,Parbhani(17),SAYED IRSHAD ALI SAYYED LAYAKH ALI,SOCIAL DEMOCRATIC PARTY OF INDIA,lost,4644
Parbhani,Parbhani(17),DASHARATH PRABHKAR RATHOD,MAHARASHTRA VIKAS AGHADI,lost,4394
Parbhani,Parbhani(17),KARBHARI KUNDLIK MITHE,INDEPENDENT,lost,4276
Parbhani,Parbhani(17),APPASAHEB OMKAR KADAM,INDEPENDENT,lost,3891
Parbhani,Parbhani(17),SHRIRAM BANSILAL JADHAV,JAI SEWALAL BAHUJAN VIKAS PARTY,lost,3628
Parbhani,Parbhani(17),COMRADE GANPAT BHISE,INDEPENDENT,lost,3604
Parbhani,Parbhani(17),DNYANESHWAR JAGANNATH DAHIBHATE,INDEPENDENT,lost,3539
Parbhani,Parbhani(17),ANIL MANIKRAO MUDGALKAR,INDEPENDENT,lost,3533
Parbhani,Parbhani(17),GOVIND BHAIYYA RAMRAO DESHMUKH,INDEPENDENT,lost,3459
Parbhani,Parbhani(17),SUBHASH DATTARAV JAVLE,INDEPENDENT,lost,3434
Parbhani,Parbhani(17),NOTA,NONE OF THE ABOVE,nan,3385
Parbhani,Parbhani(17),RAJABHAU SHESHRAO KAKDE,INDEPENDENT,lost,3302
Parbhani,Parbhani(17),RAJENDRA RAMDAS ATKAL,INDEPENDENT,lost,2812
Parbhani,Parbhani(17),SAYYD ABDUL SATTAR AJIJ,INDEPENDENT,lost,2650
Parbhani,Parbhani(17),SHAIKH SALEEM SHAIKH IBRAHIM,ALL INDIA MAJLIS-E-INQUILAB-E-MILLAT,lost,2619
Parbhani,Parbhani(17),SANGEETA VYAKANTRAO GIRI,SWARAJYA SHAKTI SENA,lost,2339
Parbhani,Parbhani(17),ADV. VINOD CHHAGANRAO AMBHORE,BAHUJAN MUKTI PARTY,lost,2041
Parbhani,Parbhani(17),VIJAY ANNASAHEB THOMBARE,INDEPENDENT,lost,1959
Parbhani,Parbhani(17),VISHNUDAS SHIVAJI BHOSALE,INDEPENDENT,lost,1860
Parbhani,Parbhani(17),MUSTAFA MAINODDIN SHAIKH,INDEPENDENT,lost,1302
Parbhani,Parbhani(17),BOBADE SAKHARAM PADEGAONKAR,INDEPENDENT,lost,1246
Paschim Champaran,Paschim Champaran(2),DR.SANJAY JAISWAL,BHARATIYA JANATA PARTY,won,580421
Paschim Champaran,Paschim Champaran(2),MADAN MOHAN TIWARI,INDIAN NATIONAL CONGRESS,lost,443853
Paschim Champaran,Paschim Champaran(2),SANJAY KUMAR,VIRO KE VIR INDIAN PARTY,lost,13145
Paschim Champaran,Paschim Champaran(2),NOTA,NONE OF THE ABOVE,nan,11288
Paschim Champaran,Paschim Champaran(2),UPENDRA RAM,BAHUJAN SAMAJ PARTY,lost,10962
Paschim Champaran,Paschim Champaran(2),MOHAMMAD SOAIB,INDEPENDENT,lost,8994
Paschim Champaran,Paschim Champaran(2),RAUSHAN KUMAR SRIVASTAVA,INDEPENDENT,lost,8505
Paschim Champaran,Paschim Champaran(2),MD. KALAM SAI,INDEPENDENT,lost,4925
Paschim Champaran,Paschim Champaran(2),NAFISH AHMAD,INDEPENDENT,lost,4163
Patan,Patan(3),DABHI BHARATSINHJI SHANKARJI,BHARATIYA JANATA PARTY,won,591947
Patan,Patan(3),CHANDANJI TALAJI THAKOR,INDIAN NATIONAL CONGRESS,lost,560071
Patan,Patan(3),NOTA,NONE OF THE ABOVE,nan,16722
Patan,Patan(3),BALVANT CHHATRALIYA,BAHUJAN SAMAJ PARTY,lost,5865
Patan,Patan(3),SOYAB HASAM BHORANIYA,INDEPENDENT,lost,5474
Patan,Patan(3),THAKOR KISHANBHAI KALUBHAI,INDEPENDENT,lost,2916
Patan,Patan(3),SHARMA RAKESHBHAI,RASHTRIYA SAMAJ PAKSHA,lost,2774
Patan,Patan(3),GHAGHA MASIHULLAH ABDULHAMID,SOCIAL DEMOCRATIC PARTY OF INDIA,lost,2312
Patan,Patan(3),CHANDURA DHANJIBHAI LAXAMANBHAI,INDEPENDENT,lost,2160
Patan,Patan(3),ABDULHAQ ISMAIL NEDARIYA,INDEPENDENT,lost,1524
Patan,Patan(3),ABDULKUDDUS,INDEPENDENT,lost,1360
Pathanamthitta,Pathanamthitta(17),ANTO ANTONY,INDIAN NATIONAL CONGRESS,won,367623
Pathanamthitta,Pathanamthitta(17),DR.T.M.THOMAS ISSAC,COMMUNIST PARTY OF INDIA (MARXIST),lost,301504
Pathanamthitta,Pathanamthitta(17),ANIL K.ANTONY,BHARATIYA JANATA PARTY,lost,234406
Pathanamthitta,Pathanamthitta(17),NOTA,NONE OF THE ABOVE,nan,8411
Pathanamthitta,Pathanamthitta(17),ADV.P.K.GEETHAKRISHNAN,BAHUJAN SAMAJ PARTY,lost,3972
Pathanamthitta,Pathanamthitta(17),JOY P.MATHEW,PEOPLE'S PARTY OF INDIA(SECULAR),lost,1181
Pathanamthitta,Pathanamthitta(17),K.C.THOMAS,INDEPENDENT,lost,1101
Pathanamthitta,Pathanamthitta(17),ADV.HARIKUMAR M.K.,AMBEDKARITE PARTY OF INDIA,lost,762
Pathanamthitta,Pathanamthitta(17),ANOOP V.,INDEPENDENT,lost,609
Patiala,Patiala(13),DR DHARAMVIRA GANDHI,INDIAN NATIONAL CONGRESS,won,305616
Patiala,Patiala(13),DR BALBIR SINGH,AAM AADMI PARTY,lost,290785
Patiala,Patiala(13),PRENEET KAUR,BHARATIYA JANATA PARTY,lost,288998
Patiala,Patiala(13),N K SHARMA,SHIROMANI AKALI DAL,lost,153978
Patiala,Patiala(13),PROF MOHINDER PAL SINGH,SHIROMANI AKALI DAL (AMRITSAR)(SIMRANJIT SINGH MANN),lost,47274
Patiala,Patiala(13),JAGJIT SINGH CHHARBAR,BAHUJAN SAMAJ PARTY,lost,22400
Patiala,Patiala(13),NOTA,NONE OF THE ABOVE,nan,6681
Patiala,Patiala(13),ARVINDER KUMAR,INDEPENDENT,lost,3812
Patiala,Patiala(13),JAGDISH KUMAR,INDEPENDENT,lost,3239
Patiala,Patiala(13),SUKHVINDER SINGH,INDEPENDENT,lost,2894
Patiala,Patiala(13),JODH SINGH PARMAR KAULI,INDEPENDENT,lost,2795
Patiala,Patiala(13),DEVINDER RAJPUT,BHARATHEEYA JAWAN KISAN PARTY,lost,2311
Patiala,Patiala(13),NEERAJ KUMAR NANNA,INDEPENDENT,lost,2302
Patiala,Patiala(13),PARAMJIT SINGH S/O TARLOCHAN SINGH,INDEPENDENT,lost,2267
Patiala,Patiala(13),AMARJIT SINGH JAGDE RAHO,JAN JANWADI PARTY,lost,1992
Patiala,Patiala(13),RANJIT SINGH,AKHIL BHARTIYA PARIVAR PARTY,lost,1967
Patiala,Patiala(13),GURBACHAN SINGH,INDEPENDENT,lost,1594
Patiala,Patiala(13),PARAMJIT SINGH S/O BHAGWAN SINGH,INDEPENDENT,lost,1569
Patiala,Patiala(13),VISHAL SHARMA,INDEPENDENT,lost,1475
Patiala,Patiala(13),LABH SINGH PAL,INDEPENDENT,lost,1443
Patiala,Patiala(13),CHAMKILA SINGH,INDEPENDENT,lost,1228
Patiala,Patiala(13),KRISHAN KUMAR GABA,HINDUSTAN SHAKTI SENA,lost,1008
Patiala,Patiala(13),MANDEEP SINGH,REVOLUTIONARY SOCIALIST PARTY,lost,973
Patiala,Patiala(13),MAKHAN SINGH,INDEPENDENT,lost,907
Patiala,Patiala(13),DIMPLE,INDEPENDENT,lost,850
Patiala,Patiala(13),BINDER KAUR,INDEPENDENT,lost,711
Patiala,Patiala(13),MANOJ KUMAR,INDEPENDENT,lost,674
Patliputra,Patliputra(31),MISHA BHARTI,RASHTRIYA JANATA DAL,won,613283
Patliputra,Patliputra(31),RAM KRIPAL YADAV,BHARATIYA JANATA PARTY,lost,528109
Patliputra,Patliputra(31),DR S P SHARMA,HINDUSTAN VIKAS DAL,lost,15140
Patliputra,Patliputra(31),HARIKESHWAR RAM,BAHUJAN SAMAJ PARTY,lost,10965
Patliputra,Patliputra(31),VINDU DEVI,RASHTRIYA JANSAMBHAVNA PARTY,lost,10744
Patliputra,Patliputra(31),SHIV KUMAR SINGH,APNA KISAN PARTY,lost,9016
Patliputra,Patliputra(31),NOTA,NONE OF THE ABOVE,nan,5606
Patliputra,Patliputra(31),SANJAY KUMAR SINGH,BHARTIYA SARTHAK PARTY,lost,4753
Patliputra,Patliputra(31),MD FAROOQUE RAZA,ALL INDIA MAJLIS-E-ITTEHADUL MUSLIMEEN,lost,4023
Patliputra,Patliputra(31),RAM NIRANJAN ROY,RASHTRAWADI CHETNA PARTY,lost,3915
Patliputra,Patliputra(31),MRITUNJAY KUMAR,BHAGIDARI PARTY(P),lost,3483
Patliputra,Patliputra(31),DURGESH NANDAN SINGH,INDEPENDENT,lost,3106
Patliputra,Patliputra(31),NAGESHWAR PRASAD,PEOPLES PARTY OF INDIA (DEMOCRATIC),lost,2051
Patliputra,Patliputra(31),SUBHASH KUMAR,BHARTIYA LOK CHETNA PARTY,lost,1979
Patliputra,Patliputra(31),NITESH KUMAR PATEL,ADARSH JANKALYAN DAL,lost,1817
Patliputra,Patliputra(31),RANJAN KUMAR,INDEPENDENT,lost,1809
Patliputra,Patliputra(31),NIRAJ KUMAR,INDEPENDENT,lost,1771
Patliputra,Patliputra(31),KUNAL KUMAR,HAMARA SAHARA PARTY,lost,1614
Patliputra,Patliputra(31),KHUSHBOO KUMARI,AKHIL BHARTIYA PARIVAR PARTY,lost,1483
Patliputra,Patliputra(31),ANIL DAS,BHARTIYA DALIT PARTY,lost,1469
Patliputra,Patliputra(31),ANIL KUMAR CHAND,SOCIALIST UNITY CENTRE OF INDIA (COMMUNIST),lost,1424
Patliputra,Patliputra(31),MADHURI KUMARI,ALL INDIA FORWARD BLOC,lost,1302
Patliputra,Patliputra(31),JAWAHAR SINGH,BHARTIYA MANAVTA PARTY,lost,1237
Patna Sahib,Patna Sahib(30),RAVI SHANKAR PRASAD,BHARATIYA JANATA PARTY,won,588270
Patna Sahib,Patna Sahib(30),ANSHUL AVIJIT,INDIAN NATIONAL CONGRESS,lost,434424
Patna Sahib,Patna Sahib(30),RAKESH SHARMA,INDEPENDENT,lost,9943
Patna Sahib,Patna Sahib(30),NEERAJ KUMAR,BAHUJAN SAMAJ PARTY,lost,5928
Patna Sahib,Patna Sahib(30),NOTA,NONE OF THE ABOVE,nan,5559
Patna Sahib,Patna Sahib(30),AWADHESH PRASAD,INDEPENDENT,lost,4974
Patna Sahib,Patna Sahib(30),ENG UMESH RAJAK,PEOPLES PARTY OF INDIA (DEMOCRATIC),lost,4672
Patna Sahib,Patna Sahib(30),SANJAY KUMAR URF SANJAY BALMIKI,INDEPENDENT,lost,4643
Patna Sahib,Patna Sahib(30),DHARMVIR KUMAR BHASKAR,INDEPENDENT,lost,2416
Patna Sahib,Patna Sahib(30),AMIT KUMAR ALBELA,INDEPENDENT,lost,2053
Patna Sahib,Patna Sahib(30),MAHESH KUMAR,SAMATA PARTY,lost,2003
Patna Sahib,Patna Sahib(30),DHANJAY KUMAR,RASHTRIYA JANSAMBHAVNA PARTY,lost,1971
Patna Sahib,Patna Sahib(30),GULAB PRASAD,LOKTANTRIK SAMAJWADI PARTY,lost,1925
Patna Sahib,Patna Sahib(30),SUMIT RANJAN SINHA,AKHAND BHARAT JANPRIYA PARTY,lost,1716
Patna Sahib,Patna Sahib(30),MAHBOOB ALAM ANSARI,BHARATIYA MOMIN FRONT,lost,1638
Patna Sahib,Patna Sahib(30),DR RAKESH DUTTA MISHRA,BHARATIYA JAN KRANTI DAL (DEMOCRATIC),lost,1240
Patna Sahib,Patna Sahib(30),SAROJ KUMAR SUMAN,SOCIALIST UNITY CENTRE OF INDIA (COMMUNIST),lost,1078
Patna Sahib,Patna Sahib(30),SHAHID ALAM,JANTANTRA AWAJ PARTY,lost,1043
Peddapalle,Peddapalle (2),VAMSI KRISHNA GADDAM,INDIAN NATIONAL CONGRESS,won,475587
Peddapalle,Peddapalle (2),SRINIVAS GOMASE,BHARATIYA JANATA PARTY,lost,344223
Peddapalle,Peddapalle (2),ESHWAR KOPPULA,BHARAT RASHTRA SAMITHI,lost,193356
Peddapalle,Peddapalle (2),ERUKULLA RAJA NARSAIAH,BAHUJAN SAMAJ PARTY,lost,6799
Peddapalle,Peddapalle (2),NOTA,NONE OF THE ABOVE,nan,5711
Peddapalle,Peddapalle (2),VENUGOPAL MOYYI,BAHUJAN MUKTI PARTY,lost,5223
Peddapalle,Peddapalle (2),MOTHE NARESH,PEOPLES PARTY OF INDIA (DEMOCRATIC),lost,5007
Peddapalle,Peddapalle (2),RAMESH MANDA,DHARMA SAMAJ PARTY,lost,4334
Peddapalle,Peddapalle (2),AMBOJU SUMALATHA,ALLIANCE OF DEMOCRATIC REFORMS PARTY,lost,3783
Peddapalle,Peddapalle (2),DURGAM RAMULU,INDEPENDENT,lost,3434
Peddapalle,Peddapalle (2),MULKALLA RAJENDRAPRASAD,INDEPENDENT,lost,2789
Peddapalle,Peddapalle (2),RAMCHANDAR NICHHAKOLA,DALITA BAHUJANA PARTY,lost,2629
Peddapalle,Peddapalle (2),KANDI CHANDU,RASHTRIYA MANAV PARTY,lost,2410
Peddapalle,Peddapalle (2),RAMULA KARTHIK,INDEPENDENT,lost,2288
Peddapalle,Peddapalle (2),MOLUGU VENKATESH,NEW INDIA PARTY,lost,2269
Peddapalle,Peddapalle (2),ERUGURALA BHAGYALAXMI,PYRAMID PARTY OF INDIA,lost,2125
Peddapalle,Peddapalle (2),GADDAM MARUTHI,INDEPENDENT,lost,2081
Peddapalle,Peddapalle (2),NAVEEN NUKALA,INDEPENDENT,lost,2067
Peddapalle,Peddapalle (2),MEKALA AKSHAY KUMAR,INDEPENDENT,lost,1902
Peddapalle,Peddapalle (2),KATKURI SANDEEP,INDEPENDENT,lost,1872
Peddapalle,Peddapalle (2),BOTLA CHANDRAIAH,INDEPENDENT,lost,1747
Peddapalle,Peddapalle (2),ERIKILLA RAJESH,INDEPENDENT,lost,1734
Peddapalle,Peddapalle (2),AKKAPAKA THIRUPATHI,INDEPENDENT,lost,1669
Peddapalle,Peddapalle (2),DURGAM SANTHOSH,PRAJARAJYA SAMITHI,lost,1614
Peddapalle,Peddapalle (2),MAMIDIPALLY BAPAIAH,INDEPENDENT,lost,1504
Peddapalle,Peddapalle (2),DUDA MAHIPAL,INDEPENDENT,lost,1496
Peddapalle,Peddapalle (2),BOODIDHA THIRUPATHI,INDEPENDENT,lost,1393
Peddapalle,Peddapalle (2),DAGAM SRINIVAS,INDEPENDENT,lost,1388
Peddapalle,Peddapalle (2),KADASI SHEKHAR,INDEPENDENT,lost,1272
Peddapalle,Peddapalle (2),DR VASARLA NATHANIAL,INDEPENDENT,lost,1217
Peddapalle,Peddapalle (2),AARNAKONDA RAJU,INDEPENDENT,lost,1167
Peddapalle,Peddapalle (2),NARESH JANAGAMA,INDEPENDENT,lost,1123
Peddapalle,Peddapalle (2),CHILUKA ANAND,YUVA TARAM PARTY,lost,1093
Peddapalle,Peddapalle (2),TALLAPALLY NARESH,INDEPENDENT,lost,968
Peddapalle,Peddapalle (2),KURMA MAHENDER,INDEPENDENT,lost,865
Peddapalle,Peddapalle (2),CHANDANAGIRI SHRINIVAS,INDEPENDENT,lost,766
Peddapalle,Peddapalle (2),KASHI SATHISH KUMAR,ANTI CORRUPTION DYNAMIC PARTY,lost,751
Peddapalle,Peddapalle (2),KANAKAIAH MULKALA,SOCIALIST PARTY (INDIA),lost,720
Peddapalle,Peddapalle (2),SRINIVAS PANTHUKALA,INDEPENDENT,lost,703
Peddapalle,Peddapalle (2),KONKATI LINGA MURTHI,INDEPENDENT,lost,661
Peddapalle,Peddapalle (2),JUPAKA KIRAN,INDEPENDENT,lost,653
Peddapalle,Peddapalle (2),RAJKUMAR DURGAM,INDEPENDENT,lost,479
Peddapalle,Peddapalle (2),RAJESHAM RACHARLA,INDEPENDENT,lost,423
Phulpur,Phulpur(51),PRAVEEN PATEL,BHARATIYA JANATA PARTY,won,452600
Phulpur,Phulpur(51),AMAR NATH SINGH MAURYA,SAMAJWADI PARTY,lost,448268
Phulpur,Phulpur(51),JAGANNATH PAL,BAHUJAN SAMAJ PARTY,lost,82586
Phulpur,Phulpur(51),NOTA,NONE OF THE ABOVE,nan,5460
Phulpur,Phulpur(51),MAHIMA PATEL,APNA DAL (KAMERAWADI),lost,4162
Phulpur,Phulpur(51),JILA JEET BHARTIY,BAHUJAN AWAM PARTY,lost,3299
Phulpur,Phulpur(51),SUNIL KUMAR PRAJAPATI,BHAGIDARI PARTY(P),lost,3047
Phulpur,Phulpur(51),ENGG YOGESH KUSHWAHA,PRAGATISHEEL SAMAJ PARTY,lost,2771
Phulpur,Phulpur(51),AKHILESH TRIPATHI,INDEPENDENT,lost,2298
Phulpur,Phulpur(51),NAFIS AHAMAD,INDEPENDENT,lost,2147
Phulpur,Phulpur(51),DR NEERAJ,INDEPENDENT,lost,1710
Phulpur,Phulpur(51),SANJEEV KUMAR MISHRA,YUVA VIKAS PARTY,lost,1679
Phulpur,Phulpur(51),MUSHIR AHMAD SIDDIQUI,PEOPLES PARTY OF INDIA (DEMOCRATIC),lost,1506
Phulpur,Phulpur(51),SANGEETA YADAV,SUBHASHWADI BHARTIYA SAMAJWADI PARTY (SUBHAS PARTY),lost,1291
Phulpur,Phulpur(51),LALA RAM SAROJ,PRABUDDHWADI BAHUJAN MORCHA,lost,1052
Phulpur,Phulpur(51),PRAMOD BHAI PATEL URF P K,SARDAR PATEL SIDDHANT PARTY,lost,948
Pilibhit,Pilibhit(26),JITIN PRASADA,BHARATIYA JANATA PARTY,won,607158
Pilibhit,Pilibhit(26),BHAGWAT SARAN GANGWAR,SAMAJWADI PARTY,lost,442223
Pilibhit,Pilibhit(26),ANIS AHMED KHAN (PHOOL BABU),BAHUJAN SAMAJ PARTY,lost,89697
Pilibhit,Pilibhit(26),NOTA,NONE OF THE ABOVE,nan,6741
Pilibhit,Pilibhit(26),RAJEEV KUMAR SAXENA,BHARTIYA KRISHAK DAL,lost,3809
Pilibhit,Pilibhit(26),SUSHIL KUMAR SHUKLA,INDEPENDENT,lost,2727
Pilibhit,Pilibhit(26),ASHISH KUMAR,INDEPENDENT,lost,1850
Pilibhit,Pilibhit(26),MOHMMAD SHAHID HUSAIN,INDEPENDENT,lost,1846
Pilibhit,Pilibhit(26),ADARSH PANDEY,INDEPENDENT,lost,1726
Pilibhit,Pilibhit(26),SANJAY KUMAR BHARTI,RASHTRIYA SAMAJ DAL (R),lost,1631
Pilibhit,Pilibhit(26),PRAMOD BHAI PATEL ALIAS P.K.,INDEPENDENT,lost,1539
Ponnani,Ponnani(7),DR. M.P ABDUSSAMAD SAMADANI,INDIAN UNION MUSLIM LEAGUE,won,562516
Ponnani,Ponnani(7),K.S HAMZA,COMMUNIST PARTY OF INDIA (MARXIST),lost,326756
Ponnani,Ponnani(7),ADV. NIVEDIDA,BHARATIYA JANATA PARTY,lost,124798
Ponnani,Ponnani(7),NOTA,NONE OF THE ABOVE,nan,6561
Ponnani,Ponnani(7),ABDUSSAMED MALAYAMPALLI,INDEPENDENT,lost,1653
Ponnani,Ponnani(7),VINOD,BAHUJAN SAMAJ PARTY,lost,1477
Ponnani,Ponnani(7),HAMSA S/O MOIDUTTY,INDEPENDENT,lost,978
Ponnani,Ponnani(7),BINDHU W/O DEVARAJAN,INDEPENDENT,lost,847
Ponnani,Ponnani(7),HAMZA KADAVANDI,INDEPENDENT,lost,710
Porbandar,Porbandar(11),DR. MANSUKH MANDAVIYA,BHARATIYA JANATA PARTY,won,633118
Porbandar,Porbandar(11),LALIT VASOYA,INDIAN NATIONAL CONGRESS,lost,249758
Porbandar,Porbandar(11),NOTA,NONE OF THE ABOVE,nan,13563
Porbandar,Porbandar(11),N. P. RATHOD,BAHUJAN SAMAJ PARTY,lost,10922
Porbandar,Porbandar(11),NATHABHAI BHURABHAI ODEDRA,INDEPENDENT,lost,7296
Porbandar,Porbandar(11),LAKHANSI ODEDARA,VIRO KE VIR INDIAN PARTY,lost,3163
Porbandar,Porbandar(11),SOLANKI JATIN DHIRUBHAI,INDEPENDENT,lost,2486
Porbandar,Porbandar(11),SODHA HUSHENBHAI ALIBHAI,INDEPENDENT,lost,2435
Porbandar,Porbandar(11),RATHOD CHANDUBHAI MOHANBHAI,INDEPENDENT,lost,1729
Porbandar,Porbandar(11),SHEKHAVA NILESHKUMAR RAMJIBHAI,SAMAJWADI PARTY,lost,1609
Porbandar,Porbandar(11),SIDHHAPARA HARSUKHLAL JIVANBHAI,LOG PARTY,lost,1072
Porbandar,Porbandar(11),MAHEMUDBHAI SAIYAD,INDEPENDENT,lost,1029
Porbandar,Porbandar(11),JETHAVA BIPINKUMAR BHIKHALAL,INDEPENDENT,lost,797
Pratapgarh,Pratapgarh(39),SHIV PAL SINGH PATEL (DR. S P SINGH),SAMAJWADI PARTY,won,441932
Pratapgarh,Pratapgarh(39),SANGAM LAL GUPTA,BHARATIYA JANATA PARTY,lost,375726
Pratapgarh,Pratapgarh(39),PRATHMESH MISHRA 'SENANI',BAHUJAN SAMAJ PARTY,lost,80144
Pratapgarh,Pratapgarh(39),SANDEEP SINGH,NATIONAL JAN DAL,lost,5286
Pratapgarh,Pratapgarh(39),ARUN KUMAR PANDEY,HINDUSTAN SAMAJ PARTY,lost,4991
Pratapgarh,Pratapgarh(39),SHIV RAM SHARMA,MOULIK ADHIKAR PARTY,lost,4711
Pratapgarh,Pratapgarh(39),AMAR SINGH,INDEPENDENT,lost,4138
Pratapgarh,Pratapgarh(39),SUNIL CHANDRA PAL,RASHTRA UDAY PARTY,lost,3340
Pratapgarh,Pratapgarh(39),NOTA,NONE OF THE ABOVE,nan,2891
Pratapgarh,Pratapgarh(39),AJEET PRATAP,INDEPENDENT,lost,2581
Pratapgarh,Pratapgarh(39),VIJAY SINGH,SANATAN SANSKRITI RAKSHA DAL,lost,2459
Pratapgarh,Pratapgarh(39),RISHI PATEL,APNA DAL (KAMERAWADI),lost,2429
Pratapgarh,Pratapgarh(39),MAHESH KUMAR PRAJAPATI,SAMAJHDAR PARTY,lost,1964
Pratapgarh,Pratapgarh(39),DHANANJAY,INDEPENDENT,lost,1623
Pratapgarh,Pratapgarh(39),GEETA DEVI,BHARTIYA LOKMAT RASHTRWADI PARTY,lost,1594
Pratapgarh,Pratapgarh(39),RAMSIDDH YADAV URF R.S.YADAV,MANAVTAWADI SAMAJ PARTY,lost,1327
Pratapgarh,Pratapgarh(39),SUNIL KUMAR MISHRA,INDEPENDENT,lost,1136
Pratapgarh,Pratapgarh(39),SHANKAR SUMAN TIVARI,INDEPENDENT,lost,1129
Pratapgarh,Pratapgarh(39),DURGESH KUMAR,RASTRIYA ATAL JANTA PARTY,lost,1116
Pratapgarh,Pratapgarh(39),RAM KUMAR YADAV,SOCIALIST UNITY CENTRE OF INDIA (COMMUNIST),lost,1071
Pratapgarh,Pratapgarh(39),SHIV PAL PATEL,INDEPENDENT,lost,1030
Pratapgarh,Pratapgarh(39),DHARMENDRA TIWARI,LOG PARTY,lost,993
Pratapgarh,Pratapgarh(39),JOKHU PATEL,SARDAR PATEL SIDDHANT PARTY,lost,971
Pratapgarh,Pratapgarh(39),SHRAWAN KUMAR TRIPATHI,INDEPENDENT,lost,851
Pratapgarh,Pratapgarh(39),DHYAN SINGH,INDEPENDENT,lost,678
Pratapgarh,Pratapgarh(39),PRAMOD KUMAR,INDEPENDENT,lost,674
Pratapgarh,Pratapgarh(39),MOHRAM ALI,INDEPENDENT,lost,503
Pune,Pune(34),MURLIDHAR MOHOL,BHARATIYA JANATA PARTY,won,584728
Pune,Pune(34),DHANGEKAR RAVINDRA HEMRAJ,INDIAN NATIONAL CONGRESS,lost,461690
Pune,Pune(34),VASANT (TATYA) MORE,VANCHIT BAHUJAN AAGHADI,lost,32012
Pune,Pune(34),NOTA,NONE OF THE ABOVE,nan,7460
Pune,Pune(34),RANPISE PRASHANT DADARAM,BAHUJAN SAMAJ PARTY,lost,3974
Pune,Pune(34),CHORMALE SANDIP SOPAN,INDEPENDENT,lost,1645
Pune,Pune(34),GORAKH NARAYAN GHODKE,INDEPENDENT,lost,1451
Pune,Pune(34),KIRAN LAXMAN RAYKAR,INDEPENDENT,lost,1052
Pune,Pune(34),ANIS ARASHID SUNDAKE,ALL INDIA MAJLIS-E-ITTEHADUL MUSLIMEEN,lost,860
Pune,Pune(34),SACHIN DATTATRAY DHANKUDE,INDEPENDENT,lost,789
Pune,Pune(34),YUVRAJ CHANDRAKANT LIMBOLE,RIGHT TO RECALL PARTY,lost,698
Pune,Pune(34),DR. DEVYANI PANDIT,INDEPENDENT,lost,650
Pune,Pune(34),NARENDRA DNYANESHWAR PAWTEKAR,INDEPENDENT,lost,534
Pune,Pune(34),SAGAR SAMBHAJI PORE,INDEPENDENT,lost,515
Pune,Pune(34),SURESH DNYANOBA PATIL,SAINIK SAMAJ PARTY,lost,437
Pune,Pune(34),AMBORE MANJUNATH MARUTI,INDEPENDENT,lost,433
Pune,Pune(34),ASHWINI PRATIBHA KHAIRNAR,INDEPENDENT,lost,415
Pune,Pune(34),VIJAY VINAYAK JAGTAP,INDEPENDENT,lost,382
Pune,Pune(34),HEMANT BABURAV KOLEKAR ALIAS HEMANT PATIL,APNI PRAJAHIT PARTY,lost,375
Pune,Pune(34),MANOJ LAXMAN VETAL,BHIM SENA,lost,352
Pune,Pune(34),NEERAJ SUNIL KAMTHAN,HINDU SAMAJ PARTY,lost,351
Pune,Pune(34),KAMBLE MILIND,BAHUJAN SAMAJ PARTY (AMBEDKAR),lost,347
Pune,Pune(34),CHANDRAKANT PARMESHWAR SAWANT,INDEPENDENT,lost,314
Pune,Pune(34),SHABBIR SAJJANBHAI TAMBOLI,INDEPENDENT,lost,313
Pune,Pune(34),SANJAY LAXMAN KENDALE,INDEPENDENT,lost,311
Pune,Pune(34),JOHNSON VASANT KOLHAPURE,INDEPENDENT,lost,305
Pune,Pune(34),ADV. YOGESH MAKANE,INDEPENDENT,lost,299
Pune,Pune(34),SUBROTO ROY,EKAM SANATAN BHARAT DAL,lost,294
Pune,Pune(34),DR. BALASAHEB ARJUN POL,INDEPENDENT,lost,259
Pune,Pune(34),VIJAYALAXMI SHRIKANT SINDAGI,RASHTRIYA MARATHA PARTY,lost,240
Pune,Pune(34),MAHESH DASHRATH MHASKE,INDEPENDENT,lost,231
Pune,Pune(34),YABES ALIAS AMOL SHAMUVEL TUJARE,INDEPENDENT,lost,223
Pune,Pune(34),VIJAY PANDURANGRAO DESHMUKH (DABADGAONKAR),INDEPENDENT,lost,185
Pune,Pune(34),BABA SALIM SAYYED,INDEPENDENT,lost,164
Pune,Pune(34),BAGBAN SALEEM ABDUL RAZZAQUE,INDEPENDENT,lost,146
Pune,Pune(34),ZNYOSHO VIJAYPRAKASH,INDEPENDENT,lost,138
Puri,Puri(17),SAMBIT PATRA,BHARATIYA JANATA PARTY,won,629330
Puri,Puri(17),ARUP MOHAN PATNAIK,BIJU JANATA DAL,lost,524621
Puri,Puri(17),JAYANARAYAN PATTANAYAK,INDIAN NATIONAL CONGRESS,lost,24342
Puri,Puri(17),NOTA,NONE OF THE ABOVE,nan,7610
Puri,Puri(17),SANTANU KUMAR DAS,BAHUJAN SAMAJ PARTY,lost,3929
Puri,Puri(17),SUBASH CHANDRA BHOI,SOCIALIST UNITY CENTRE OF INDIA (COMMUNIST),lost,3266
Puri,Puri(17),SOBHA PANDEY,INDEPENDENT,lost,2229
Puri,Puri(17),DILLIP KUMAR BARAL,INDEPENDENT,lost,1611
Purnia,Purnia(12),RAJESH RANJAN ALIAS PAPPU YADAV,INDEPENDENT,won,567556
Purnia,Purnia(12),SANTOSH KUMAR,JANATA DAL (UNITED),lost,543709
Purnia,Purnia(12),BIMA BHARTI,RASHTRIYA JANATA DAL,lost,27120
Purnia,Purnia(12),NOTA,NONE OF THE ABOVE,nan,23834
Purnia,Purnia(12),ARUN DAS,BAHUJAN SAMAJ PARTY,lost,10619
Purnia,Purnia(12),SATYENDRA YADAV,INDEPENDENT,lost,8459
Purnia,Purnia(12),NOMAN ALAM,INDEPENDENT,lost,7693
Purnia,Purnia(12),KISHOR KUMAR YADAV,ALL INDIA FORWARD BLOC,lost,6854
Purulia,Purulia(35),JYOTIRMAY SINGH MAHATO,BHARATIYA JANATA PARTY,won,578489
Purulia,Purulia(35),SHANTIRAM MAHATO,ALL INDIA TRINAMOOL CONGRESS,lost,561410
Purulia,Purulia(35),NEPAL CHANDRA MAHATO,INDIAN NATIONAL CONGRESS,lost,129157
Purulia,Purulia(35),AJIT PRASAD MAHATA,INDEPENDENT,lost,98658
Purulia,Purulia(35),NOTA,NONE OF THE ABOVE,nan,17929
Purulia,Purulia(35),DHIRENDRANATH MAHATO,ALL INDIA FORWARD BLOC,lost,14572
Purulia,Purulia(35),SONTOSH RAJOWARD,BAHUJAN SAMAJ PARTY,lost,7760
Purulia,Purulia(35),SUSMITA MAHATO,SOCIALIST UNITY CENTRE OF INDIA (COMMUNIST),lost,6109
Purulia,Purulia(35),GORISH ROY,INDEPENDENT,lost,4809
Purulia,Purulia(35),BHAGWAT DASS SHASTRI,INDEPENDENT,lost,4512
Purulia,Purulia(35),ASIT BARAN MAHATO,PARTY FOR DEMOCRATIC SOCIALISM,lost,3877
Purulia,Purulia(35),PIJUSH KANTI RAJAK,INDEPENDENT,lost,3418
Purulia,Purulia(35),AJIT MAHATO,INDEPENDENT,lost,3318
Purvi Champaran,Purvi Champaran(3),RADHA MOHAN SINGH,BHARATIYA JANATA PARTY,won,542193
Purvi Champaran,Purvi Champaran(3),DR RAJESH KUMAR,VIKASSHEEL INSAAN PARTY,lost,453906
Purvi Champaran,Purvi Champaran(3),NOTA,NONE OF THE ABOVE,nan,19788
Purvi Champaran,Purvi Champaran(3),MOHAMMAD AJMER ALAM,INDEPENDENT,lost,13047
Purvi Champaran,Purvi Champaran(3),VIJAY KUMAR SAHANI,RASHTRIYA JANSAMBHAVNA PARTY,lost,8185
Purvi Champaran,Purvi Champaran(3),RAJESH SINGH,INDEPENDENT,lost,7182
Purvi Champaran,Purvi Champaran(3),GYANTI DEVI,PRABUDDHA REPUBLICAN PARTY,lost,7008
Purvi Champaran,Purvi Champaran(3),PAWAN KUMAR,BHARTIYA SARTHAK PARTY,lost,4914
Purvi Champaran,Purvi Champaran(3),MUNESHWAR TIWARI,INDEPENDENT,lost,4022
Purvi Champaran,Purvi Champaran(3),RAJESH KUMAR S/O GAGANLAL SAHNI,INDEPENDENT,lost,3934
Purvi Champaran,Purvi Champaran(3),RAJESH KUMAR S/O VISHUN SAH,INDEPENDENT,lost,3492
Purvi Champaran,Purvi Champaran(3),NAWAL KISHOR PRASAD,VIRO KE VIR INDIAN PARTY,lost,3464
Purvi Champaran,Purvi Champaran(3),NIKESH KUMAR,INDEPENDENT,lost,2553
RAIGARH,RAIGARH(2),RADHESHYAM RATHIYA,BHARATIYA JANATA PARTY,won,808275
RAIGARH,RAIGARH(2),DR. MENKA DEVI SINGH,INDIAN NATIONAL CONGRESS,lost,567884
RAIGARH,RAIGARH(2),INNOCENT KUJUR - BIDANA ORAON,BAHUJAN SAMAJ PARTY,lost,15600
RAIGARH,RAIGARH(2),NOTA,NONE OF THE ABOVE,nan,15022
RAIGARH,RAIGARH(2),ALBERT MING,HAMAR RAJ PARTY,lost,10959
RAIGARH,RAIGARH(2),PRAKASH KUMAR URANW,INDEPENDENT,lost,7722
RAIGARH,RAIGARH(2),RUPNARAYAN EKKA,INDEPENDENT,lost,7420
RAIGARH,RAIGARH(2),GOWARDHAN RATHIA,INDEPENDENT,lost,4593
RAIGARH,RAIGARH(2),POOJA SIDAR,INDEPENDENT,lost,4167
RAIGARH,RAIGARH(2),MADAN PRASAD GOND,GONDVANA GANTANTRA PARTY,lost,3015
RAIGARH,RAIGARH(2),GULESHWAR PAINKRA,BHARTIYA SHAKTI CHETNA PARTY,lost,2626
RAIGARH,RAIGARH(2),UDAY KUMAR RATHIA,INDEPENDENT,lost,2129
RAIGARH,RAIGARH(2),ABHAY KUMAR EKKA,INDEPENDENT,lost,1825
RAIGARH,RAIGARH(2),BADAL EKKA,SARV ADI DAL,lost,1728
RAIPUR,RAIPUR(8),BRIJMOHAN AGRAWAL,BHARATIYA JANATA PARTY,won,1050351
RAIPUR,RAIPUR(8),VIKAS UPADHYAY,INDIAN NATIONAL CONGRESS,lost,475066
RAIPUR,RAIPUR(8),MAMTA RANI SAHU,BAHUJAN SAMAJ PARTY,lost,9299
RAIPUR,RAIPUR(8),SAVITA SHAILENDRA BANJARE,SHAKTI SENA (BHARAT DESH),lost,8768
RAIPUR,RAIPUR(8),RADHESHWARI GAIKWAD,INDEPENDENT,lost,4630
RAIPUR,RAIPUR(8),NOTA,NONE OF THE ABOVE,nan,4448
RAIPUR,RAIPUR(8),SURESH KUMAR NETAM,HAMAR RAJ PARTY,lost,3499
RAIPUR,RAIPUR(8),ANIL MAHOBIA,RIGHT TO RECALL PARTY,lost,2916
RAIPUR,RAIPUR(8),ENGI. LAL BAHADUR YADAV,GONDVANA GANTANTRA PARTY,lost,2865
RAIPUR,RAIPUR(8),RAMKRISHNA VERMA,INDEPENDENT,lost,2185
RAIPUR,RAIPUR(8),YAKUB KHAN,INDEPENDENT,lost,2054
RAIPUR,RAIPUR(8),VISHWAJIT HARODE,SOCIALIST UNITY CENTRE OF INDIA (COMMUNIST),lost,1920
RAIPUR,RAIPUR(8),AMARNATH CHANDRAKAR,INDEPENDENT,lost,1608
RAIPUR,RAIPUR(8),LAKHAMOO RAM TANDON,RASHTRIYA JANSABHA PARTY,lost,1351
RAIPUR,RAIPUR(8),YASHUTOSH LAHARE,AMBEDKARITE PARTY OF INDIA,lost,1312
RAIPUR,RAIPUR(8),RAJESH DHRUV,INDEPENDENT,lost,1193
RAIPUR,RAIPUR(8),DAYA SHANKER NISHAD,BHARTIYA SHAKTI CHETNA PARTY,lost,1062
RAIPUR,RAIPUR(8),BODHAN LAL FARIKAR,INDEPENDENT,lost,1059
RAIPUR,RAIPUR(8),PILARAM ANANT,SUNDER SAMAJ PARTY,lost,1036
RAIPUR,RAIPUR(8),HIRA NAND NAGWANI (ASHOK BHAIYA),REPUBLICAN PARTY OF INDIA (A),lost,960
RAIPUR,RAIPUR(8),ROHIT KUMAR PATIL,INDEPENDENT,lost,960
RAIPUR,RAIPUR(8),BHANJAN JANGADE (ADHIWAKTA),BHARATIYA BAHUJAN CONGRESS,lost,821
RAIPUR,RAIPUR(8),MO. AMIN,BHRASHTACHAR MUKTI MORCHA,lost,766
RAIPUR,RAIPUR(8),MANOJ VERMA,INDEPENDENT,lost,724
RAIPUR,RAIPUR(8),PITAMBAR JANGDE,AAZAD SAMAJ PARTY (KANSHI RAM),lost,705
RAIPUR,RAIPUR(8),ASHISH KUMAR TIWARI,AAP SABKI APNI PARTY,lost,528
RAIPUR,RAIPUR(8),ENGI. BHANU PRATAP TANDE,INDEPENDENT,lost,503
RAIPUR,RAIPUR(8),MO. IMRAN KHAN,INDEPENDENT,lost,467
RAIPUR,RAIPUR(8),NEERAJ SAINI PUJARI,DHOOM SENA,lost,434
RAIPUR,RAIPUR(8),SUDHANSHU BHUSHAN,INDEPENDENT,lost,414
RAIPUR,RAIPUR(8),RAMPRASAD PRAJAPATI,INDEPENDENT,lost,391
RAIPUR,RAIPUR(8),PRAVIN JAIN,INDEPENDENT,lost,369
RAIPUR,RAIPUR(8),VINAYAK DHAMGAYE,INDEPENDENT,lost,349
RAIPUR,RAIPUR(8),NANDNI NAYAK,INDEPENDENT,lost,337
RAIPUR,RAIPUR(8),PRAVISHANT SALOMAN,INDEPENDENT,lost,310
RAIPUR,RAIPUR(8),SAYED IRSHAD,INDEPENDENT,lost,295
RAIPUR,RAIPUR(8),DR. OMPRAKASH SAHU,INDEPENDENT,lost,294
RAIPUR,RAIPUR(8),MO. NASIR,INDEPENDENT,lost,254
RAIPUR,RAIPUR(8),NURI KHAN,INDEPENDENT,lost,252
RAJGARH,RAJGARH(20),RODMAL NAGAR,BHARATIYA JANATA PARTY,won,758743
RAJGARH,RAJGARH(20),DIGVIJAYA SINGH,INDIAN NATIONAL CONGRESS,lost,612654
RAJGARH,RAJGARH(20),DR. RAJENDRA SURYAVANSHI,BAHUJAN SAMAJ PARTY,lost,13942
RAJGARH,RAJGARH(20),NOTA,NONE OF THE ABOVE,nan,7260
RAJGARH,RAJGARH(20),ASHOK PAWAR,SAMATA SAMADHAN PARTY,lost,6614
RAJGARH,RAJGARH(20),JITENDRA SINGH,NATIONAL WORLD LEADER PARTY,lost,5063
RAJGARH,RAJGARH(20),DINESH RAZAWAT,AAZAD SAMAJ PARTY (KANSHI RAM),lost,4179
RAJGARH,RAJGARH(20),RODMAL,INDEPENDENT,lost,3744
RAJGARH,RAJGARH(20),ANIL JAIN,INDEPENDENT,lost,3089
RAJGARH,RAJGARH(20),RADHESHYAM MALVIYA,INDEPENDENT,lost,2799
RAJGARH,RAJGARH(20),SUNEEL BHEEL,INDEPENDENT,lost,2713
RAJGARH,RAJGARH(20),VISHAL SONI (ADVOCATE),BHARATIYA YUVA JAN EKTA PARTY,lost,2560
RAJGARH,RAJGARH(20),JAGDISH KARPENTER,INDEPENDENT,lost,1734
RAJGARH,RAJGARH(20),ANIL,INDEPENDENT,lost,1418
RAJGARH,RAJGARH(20),RAMCHARAN PIRJAPATI,LOK SAMAJ PARTY,lost,1294
RAJGARH,RAJGARH(20),BABU SINGH,SAJAG SAMAJ PARTY,lost,1191
RAJNANDGAON,RAJNANDGAON(6),SANTOSH PANDEY,BHARATIYA JANATA PARTY,won,712057
RAJNANDGAON,RAJNANDGAON(6),BHUPESH BAGHEL,INDIAN NATIONAL CONGRESS,lost,667646
RAJNANDGAON,RAJNANDGAON(6),A.H. SIDDIQUI,INDEPENDENT,lost,10737
RAJNANDGAON,RAJNANDGAON(6),DEVLAL SINHA (SONVANSHI),BAHUJAN SAMAJ PARTY,lost,9668
RAJNANDGAON,RAJNANDGAON(6),NOTA,NONE OF THE ABOVE,nan,9553
RAJNANDGAON,RAJNANDGAON(6),NARAD PRASAD NISHAD,SHAKTI SENA (BHARAT DESH),lost,8030
RAJNANDGAON,RAJNANDGAON(6),SUKHDEV SINHA,INDEPENDENT,lost,8001
RAJNANDGAON,RAJNANDGAON(6),VISHESH DHAMGAYE,INDEPENDENT,lost,4873
RAJNANDGAON,RAJNANDGAON(6),BHUVAN SAHU,INDEPENDENT,lost,4174
RAJNANDGAON,RAJNANDGAON(6),LALITA KANWAR,HAMAR RAJ PARTY,lost,2149
RAJNANDGAON,RAJNANDGAON(6),ER. BASANT KUMAR MESHRAM,INDEPENDENT,lost,1820
RAJNANDGAON,RAJNANDGAON(6),RAMESH RAJPUT,BHARTIYA SHAKTI CHETNA PARTY,lost,1737
RAJNANDGAON,RAJNANDGAON(6),TRIVENI PADOTI,INDEPENDENT,lost,1613
RAJNANDGAON,RAJNANDGAON(6),RAMFAL PATIL,NYAYDHARMSABHA,lost,1537
RAJNANDGAON,RAJNANDGAON(6),AJAY PALI,INDEPENDENT,lost,1114
RAJNANDGAON,RAJNANDGAON(6),LAKHAN SING TANDAN,RASHTRIYA JANSABHA PARTY,lost,1056
RAJSAMAND,RAJSAMAND(22),MAHIMA KUMARI MEWAR,BHARATIYA JANATA PARTY,won,781203
RAJSAMAND,RAJSAMAND(22),DR. DAMODAR GURJAR,INDIAN NATIONAL CONGRESS,lost,388980
RAJSAMAND,RAJSAMAND(22),NOTA,NONE OF THE ABOVE,nan,12411
RAJSAMAND,RAJSAMAND(22),RAMAKISHAN BHADU,BAHUJAN SAMAJ PARTY,lost,9135
RAJSAMAND,RAJSAMAND(22),NEERU RAM KAPRI,INDEPENDENT,lost,7831
RAJSAMAND,RAJSAMAND(22),DHARAM SINGH RAWAT,INDEPENDENT,lost,4053
RAJSAMAND,RAJSAMAND(22),NARAYAN SONI,INDEPENDENT,lost,3374
RAJSAMAND,RAJSAMAND(22),GHANSHYAM SINGH,BHARTIYA JAN ADHIKAR PARTY,lost,1940
RAJSAMAND,RAJSAMAND(22),JITENDRA KUMAR KHATIK,INDEPENDENT,lost,1815
RAJSAMAND,RAJSAMAND(22),DR. ARPIT CHHAJER,INDEPENDENT,lost,1244
RAJSAMAND,RAJSAMAND(22),PRAMOD KUMAR VERMA,BHEEM TRIBAL CONGRESS,lost,1144
RAMANATHAPURAM,RAMANATHAPURAM(35),NAVASKANI K,INDIAN UNION MUSLIM LEAGUE,won,509664
RAMANATHAPURAM,RAMANATHAPURAM(35),PANNEERSELVAM O S/O OTTAKARATHEVAR,INDEPENDENT,lost,342882
RAMANATHAPURAM,RAMANATHAPURAM(35),JEYAPERUMAL P,ALL INDIA ANNA DRAVIDA MUNNETRA KAZHAGAM,lost,99780
RAMANATHAPURAM,RAMANATHAPURAM(35),DR CHANDRA PRABHA JEYAPAL,NAAM TAMILAR KATCHI,lost,97672
RAMANATHAPURAM,RAMANATHAPURAM(35),MUVITH KUMAR N,INDEPENDENT,lost,7919
RAMANATHAPURAM,RAMANATHAPURAM(35),SENTHILMALLAR K,INDEPENDENT,lost,6827
RAMANATHAPURAM,RAMANATHAPURAM(35),SIVASHANKAR N,INDEPENDENT,lost,6593
RAMANATHAPURAM,RAMANATHAPURAM(35),NOTA,NONE OF THE ABOVE,nan,6295
RAMANATHAPURAM,RAMANATHAPURAM(35),KANNADHASAN R,INDEPENDENT,lost,3502
RAMANATHAPURAM,RAMANATHAPURAM(35),PANNEERSELVAM O S/O OCHAPPAN,INDEPENDENT,lost,2981
RAMANATHAPURAM,RAMANATHAPURAM(35),SELVARAJ G,PUTHIYA MAKKAL TAMIL DESAM KATCHI,lost,2957
RAMANATHAPURAM,RAMANATHAPURAM(35),PANCHAVARNAM V,INDEPENDENT,lost,2572
RAMANATHAPURAM,RAMANATHAPURAM(35),PARIRAJAN C,VEERATH THIYAGI VISWANATHADOSS THOZHILALARKAL KATCHI,lost,2497
RAMANATHAPURAM,RAMANATHAPURAM(35),PANNIR SELVAM M S/O MALAIYANDI,INDEPENDENT,lost,2402
RAMANATHAPURAM,RAMANATHAPURAM(35),NAWASKHAN,INDEPENDENT,lost,2323
RAMANATHAPURAM,RAMANATHAPURAM(35),SIVANANDAM N,BAHUJAN SAMAJ PARTY,lost,2014
RAMANATHAPURAM,RAMANATHAPURAM(35),PANNEERSELVAM O S/O OYYADEVAR,INDEPENDENT,lost,1929
RAMANATHAPURAM,RAMANATHAPURAM(35),ABUBAKKAR SITHICK J,DESIYA MAKKAL SAKTHI KATCHI,lost,1518
RAMANATHAPURAM,RAMANATHAPURAM(35),MANIVASAGAM S,BAHUJAN DRAVIDA PARTY,lost,1403
RAMANATHAPURAM,RAMANATHAPURAM(35),PANNEERSELVAM O S/O OYYARAM,INDEPENDENT,lost,1376
RAMANATHAPURAM,RAMANATHAPURAM(35),SALEEM,INDEPENDENT,lost,974
RAMANATHAPURAM,RAMANATHAPURAM(35),SASIKANI K,INDEPENDENT,lost,899
RAMANATHAPURAM,RAMANATHAPURAM(35),SATHURAGIRI K,INDEPENDENT,lost,827
RAMANATHAPURAM,RAMANATHAPURAM(35),SIKKANDAR B,INDEPENDENT,lost,823
RAMANATHAPURAM,RAMANATHAPURAM(35),VIGNESH V,INDEPENDENT,lost,652
RAMANATHAPURAM,RAMANATHAPURAM(35),PANNERSELVAM O S/O OCHATTHEVAR,INDEPENDENT,lost,572
RATLAM,RATLAM(24),ANITA NAGARSINGH CHOUHAN,BHARATIYA JANATA PARTY,won,795863
RATLAM,RATLAM(24),KANTILAL BHURIA,INDIAN NATIONAL CONGRESS,lost,588631
RATLAM,RATLAM(24),ENGINEER BALUSINGH GAMAD,BHARAT ADIVASI PARTY,lost,52759
RATLAM,RATLAM(24),NOTA,NONE OF THE ABOVE,nan,31735
RATLAM,RATLAM(24),RAMCHANDRA SOLANKI,BAHUJAN SAMAJ PARTY,lost,15172
RATLAM,RATLAM(24),SURAJ BHABHAR,INDEPENDENT,lost,10062
RATLAM,RATLAM(24),RANGLA KALESH,INDEPENDENT,lost,7335
RATLAM,RATLAM(24),KASNA RANA PARGI,INDEPENDENT,lost,7316
RATLAM,RATLAM(24),SUMITRA MEDA,INDEPENDENT,lost,6930
RATLAM,RATLAM(24),RAMESHWAR SINGAR,INDEPENDENT,lost,4607
RATLAM,RATLAM(24),MOHANSINGH NINGWAL,BHARTIYA SAMAJIK PARTY,lost,4507
RATLAM,RATLAM(24),SHEETAL BARELA,AKHAND BHARAT SAMRAJYA PARTY,lost,3930
RATLAM,RATLAM(24),UDESINGH MACHAR,REPUBLICAN PARTY OF INDIA (A),lost,3796
REWA,REWA(10),JANARDAN MISHRA,BHARATIYA JANATA PARTY,won,477459
REWA,REWA(10),NEELAM ABHAY MISHRA,INDIAN NATIONAL CONGRESS,lost,284085
REWA,REWA(10),ADV. ABHISHEK MASTER BUDDHSEN PATEL,BAHUJAN SAMAJ PARTY,lost,117221
REWA,REWA(10),NOTA,NONE OF THE ABOVE,nan,6936
REWA,REWA(10),DAYASHANKAR PANDEY,INDEPENDENT,lost,4610
REWA,REWA(10),ROSHAN LAL KOL,INDEPENDENT,lost,4122
REWA,REWA(10),ER. DEVENDRA SINGH,SAPAKS PARTY,lost,4076
REWA,REWA(10),ER. RAM KUMAR SONI,INDEPENDENT,lost,3873
REWA,REWA(10),RAM GOPAL SINGH,PEOPLES PARTY OF INDIA (DEMOCRATIC),lost,3509
REWA,REWA(10),PRASSAN JEET SINGH,INDEPENDENT,lost,3313
REWA,REWA(10),JANARDAN MISHRA,INDEPENDENT,lost,2295
REWA,REWA(10),RANJAN GUPTA,RASHTRAVADI BHARAT PARTY,lost,2160
REWA,REWA(10),VIPIN SINGH PATEL,RASHTRIYA HIND EKTA DAL,lost,1806
REWA,REWA(10),ARUNENDRA NARAYAN PANDEY,INDEPENDENT,lost,1551
REWA,REWA(10),ARUN TIWARI 'MINTU',INDEPENDENT,lost,1113
ROHTAK,ROHTAK(7),DEEPENDER SINGH HOODA,INDIAN NATIONAL CONGRESS,won,783578
ROHTAK,ROHTAK(7),DR. ARVIND KUMAR SHARMA,BHARATIYA JANATA PARTY,lost,438280
ROHTAK,ROHTAK(7),RAVINDER,JANNAYAK JANTA PARTY,lost,6250
ROHTAK,ROHTAK(7),RAKESH SINGH,RASHTRAWADI JANLOK PARTY (SATYA),lost,2714
ROHTAK,ROHTAK(7),BISHAMBAR KUMAR,INDEPENDENT,lost,2394
ROHTAK,ROHTAK(7),NOTA,NONE OF THE ABOVE,nan,2362
ROHTAK,ROHTAK(7),KALAWATI,INDEPENDENT,lost,2150
ROHTAK,ROHTAK(7),PARVEEN KUMAR,INDEPENDENT,lost,1928
ROHTAK,ROHTAK(7),UDEVIR,INDEPENDENT,lost,1532
ROHTAK,ROHTAK(7),VINOD KUMAR,PEOPLES PARTY OF INDIA (DEMOCRATIC),lost,809
ROHTAK,ROHTAK(7),ASHOK KUMAR,INDEPENDENT,lost,629
ROHTAK,ROHTAK(7),VISHESH BAMEL,BHARATIYA ASHA PARTY,lost,618
ROHTAK,ROHTAK(7),JAIKARAN MANDAUTHI,SOCIALIST UNITY CENTRE OF INDIA (COMMUNIST),lost,607
ROHTAK,ROHTAK(7),JAGBIR SINGH,BHARATHEEYA JAWAN KISAN PARTY,lost,593
ROHTAK,ROHTAK(7),SATISH KUMAR,INDEPENDENT,lost,524
ROHTAK,ROHTAK(7),SURENDER,AAM AADMI PARIVARTAN PARTY,lost,470
ROHTAK,ROHTAK(7),MANISHA,INDEPENDENT,lost,431
ROHTAK,ROHTAK(7),ARVIND KUMAR SHARMA,INDEPENDENT,lost,367
ROHTAK,ROHTAK(7),SATISH KUMAR,EKAM SANATAN BHARAT DAL,lost,363
ROHTAK,ROHTAK(7),ARVIND,INDEPENDENT,lost,330
ROHTAK,ROHTAK(7),ADVOCATE ADITYA DHANKHAR,SUPER POWER INDIA PARTY,lost,287
ROHTAK,ROHTAK(7),MASTER RANDHIR SINGH,INDEPENDENT,lost,269
ROHTAK,ROHTAK(7),MANJEET,INDEPENDENT,lost,269
ROHTAK,ROHTAK(7),SANJAY,INDEPENDENT,lost,212
ROHTAK,ROHTAK(7),YOGESH SHARMA,INDEPENDENT,lost,190
ROHTAK,ROHTAK(7),VINAY,INDEPENDENT,lost,159
ROHTAK,ROHTAK(7),LALIT KUMAR,INDEPENDENT,lost,131
Rae Bareli,Rae Bareli(36),RAHUL GANDHI,INDIAN NATIONAL CONGRESS,won,687649
Rae Bareli,Rae Bareli(36),DINESH PRATAP SINGH,BHARATIYA JANATA PARTY,lost,297619
Rae Bareli,Rae Bareli(36),THAKUR PRASAD YADAV,BAHUJAN SAMAJ PARTY,lost,21624
Rae Bareli,Rae Bareli(36),DILEEP SINGH,AKHIL BHARTIYA APNA DAL,lost,8678
Rae Bareli,Rae Bareli(36),NOTA,NONE OF THE ABOVE,nan,7872
Rae Bareli,Rae Bareli(36),HORILAL,INDEPENDENT,lost,5399
Rae Bareli,Rae Bareli(36),SUDARSHAN RAM,BHARTIYA PANCHSHEEL PARTY,lost,4345
Rae Bareli,Rae Bareli(36),HIND ROHITASH,MANAVTAWADI SAMAJ PARTY,lost,3859
Rae Bareli,Rae Bareli(36),MO MOBIN,APNA DAL (KAMERAWADI),lost,2174
Raichur,Raichur(6),G. KUMAR NAIK.,INDIAN NATIONAL CONGRESS,won,670966
Raichur,Raichur(6),RAJA AMARESHWARA NAIK.,BHARATIYA JANATA PARTY,lost,591185
Raichur,Raichur(6),NOTA,NONE OF THE ABOVE,nan,9850
Raichur,Raichur(6),S. NARASANNA GOUDA NAYAKA,BAHUJAN SAMAJ PARTY,lost,9289
Raichur,Raichur(6),BASAVA PRABHU. MEDA,KARNATAKA RASHTRA SAMITHI,lost,5181
Raichur,Raichur(6),AMARESH,INDEPENDENT,lost,4465
Raichur,Raichur(6),YALLAMMA DALAPATHI,INDEPENDENT,lost,3634
Raichur,Raichur(6),MEDHAR SHAMRAO,BHARTIYA JAN SAMRAT PARTY,lost,2640
Raichur,Raichur(6),RAMALINGAPPA,SOCIALIST UNITY CENTRE OF INDIA (COMMUNIST),lost,2409
Raigad,Raigad(32),TATKARE SUNIL DATTATREY,NATIONALIST CONGRESS PARTY,won,508352
Raigad,Raigad(32),ANANT GEETE,SHIV SENA (UDDHAV BALASAHEB THACKREY),lost,425568
Raigad,Raigad(32),NOTA,NONE OF THE ABOVE,nan,27270
Raigad,Raigad(32),KUMUDINI RAVINDRA CHAVAN,VANCHIT BAHUJAN AAGHADI,lost,19618
Raigad,Raigad(32),SHRINIVAS SATYANARAYAN MATTAPARTI,INDEPENDENT,lost,9394
Raigad,Raigad(32),AMIT SHRIPAL KAWADE,INDEPENDENT,lost,5634
Raigad,Raigad(32),ANANT BALOJI GITE,INDEPENDENT,lost,3515
Raigad,Raigad(32),NITIN JAGANNATH MAYEKAR,INDEPENDENT,lost,2560
Raigad,Raigad(32),CHAULE PANDURANG DAMODAR,INDEPENDENT,lost,2417
Raigad,Raigad(32),ANANT PADMA GITE,INDEPENDENT,lost,2040
Raigad,Raigad(32),COL PRAKASHRAO CHAVAN,BHARATHEEYA JAWAN KISAN PARTY,lost,1939
Raigad,Raigad(32),KOLI MANGESH PADMAKAR,INDEPENDENT,lost,1820
Raigad,Raigad(32),ADV AJAY UPADHYE,INDEPENDENT,lost,1795
Raigad,Raigad(32),ANJANI ASHWIN KELKAR,INDEPENDENT,lost,1350
Raiganj,Raiganj(5),KARTICK CHANDRA PAUL,BHARATIYA JANATA PARTY,won,560897
Raiganj,Raiganj(5),KALYANI KRISHNA,ALL INDIA TRINAMOOL CONGRESS,lost,492700
Raiganj,Raiganj(5),ALI IMRAN RAMZ,INDIAN NATIONAL CONGRESS,lost,263273
Raiganj,Raiganj(5),DWARIK NATH BARMAN,INDEPENDENT,lost,8264
Raiganj,Raiganj(5),MD NAZIR AKHTAR,INDEPENDENT,lost,6005
Raiganj,Raiganj(5),KALIDASH MURMU,INDEPENDENT,lost,5868
Raiganj,Raiganj(5),SWAPAN KUMAR DAS,BAHUJAN SAMAJ PARTY,lost,4117
Raiganj,Raiganj(5),RUPAK ROY,INDEPENDENT,lost,3358
Raiganj,Raiganj(5),FAKIRA MD,INDEPENDENT,lost,3355
Raiganj,Raiganj(5),DURGA MURMU,AMBEDKARITE PARTY OF INDIA,lost,3334
Raiganj,Raiganj(5),PALASH CHANDRA MAHATO,INDEPENDENT,lost,3114
Raiganj,Raiganj(5),ALI IMRAN,INDEPENDENT,lost,1946
Raiganj,Raiganj(5),NOTA,NONE OF THE ABOVE,nan,1940
Raiganj,Raiganj(5),MD ABRAHIM HOQUE,INDEPENDENT,lost,1763
Raiganj,Raiganj(5),SHAHIDUR RAHMAN,NORTH BENGAL PEOPLE’S PARTY,lost,1462
Raiganj,Raiganj(5),SHARANYA DUTTA,INDEPENDENT,lost,1330
Raiganj,Raiganj(5),SANATAN DUTTA,SOCIALIST UNITY CENTRE OF INDIA (COMMUNIST),lost,1271
Raiganj,Raiganj(5),TAPAN BARMAN,JAI PRAKASH JANATA DAL,lost,1251
Raiganj,Raiganj(5),ANWARUL HOQUE,INDEPENDENT,lost,1190
Raiganj,Raiganj(5),RAMESH CHANDRA SINHA,BHUMIPUTRA UNITED PARTY,lost,1051
Raiganj,Raiganj(5),AL MONOWARA BEGAM,INDIA MANUS PARTY,lost,982
Rajahmundry,Rajahmundry(8),DAGGUBATI PURANDHESHWARI,BHARATIYA JANATA PARTY,won,726515
Rajahmundry,Rajahmundry(8),DR. GUDURI SRINIVAS,YUVAJANA SRAMIKA RYTHU CONGRESS PARTY,lost,487376
Rajahmundry,Rajahmundry(8),GIDUGU RUDRARAJU,INDIAN NATIONAL CONGRESS,lost,32508
Rajahmundry,Rajahmundry(8),NOTA,NONE OF THE ABOVE,nan,24435
Rajahmundry,Rajahmundry(8),GANESWARA RAO PARAMATA,BAHUJAN SAMAJ PARTY,lost,20409
Rajahmundry,Rajahmundry(8),BATTULA BALARAMAKRISHNA,NAVARANG CONGRESS PARTY,lost,17008
Rajahmundry,Rajahmundry(8),SALOPANTULA RAGHAVENDRA RAO,INDEPENDENT,lost,3278
Rajahmundry,Rajahmundry(8),DR. MEDISI RATNARAO ALIAS VINAY,INDEPENDENT,lost,3115
Rajahmundry,Rajahmundry(8),MOHANARAO SINGULURI,JAI BHARAT NATIONAL PARTY,lost,2833
Rajahmundry,Rajahmundry(8),MEDA SRINIVASA RAO,RASHTRIYA PRAJA CONGRESS (SECULAR),lost,2429
Rajahmundry,Rajahmundry(8),BOMMANABOINA VSR MURTHY,INDEPENDENT,lost,2179
Rajahmundry,Rajahmundry(8),BHANU CHANDAR KURUVELLA,INDEPENDENT,lost,1958
Rajahmundry,Rajahmundry(8),JALLI BALA NAVEENA,INDEPENDENT,lost,1254
Rajampet,Rajampet(24),P V MIDHUN REDDY,YUVAJANA SRAMIKA RYTHU CONGRESS PARTY,won,644844
Rajampet,Rajampet(24),NALLARI KIRAN KUMAR REDDY,BHARATIYA JANATA PARTY,lost,568773
Rajampet,Rajampet(24),SHAIK BASHEED,INDIAN NATIONAL CONGRESS,lost,53300
Rajampet,Rajampet(24),ABBAVARAM UGENDRA,BAHUJAN SAMAJ PARTY,lost,12363
Rajampet,Rajampet(24),NOTA,NONE OF THE ABOVE,nan,11400
Rajampet,Rajampet(24),POOLA REDDY SEKHAR,INDEPENDENT,lost,6100
Rajampet,Rajampet(24),NAGARAJU JETTI,INDEPENDENT,lost,5999
Rajampet,Rajampet(24),PRADEEP PENAMADU,ALL INDIA FORWARD BLOC,lost,5672
Rajampet,Rajampet(24),CHOUDVARAM SUBBANARASAIAH,INDEPENDENT,lost,4735
Rajampet,Rajampet(24),PULI SREENIVASULU,INDEPENDENT,lost,4616
Rajampet,Rajampet(24),SREENIVASULU MARRIPATI,INDEPENDENT,lost,4443
Rajampet,Rajampet(24),AKBAR M BASHA,ANNA YSR CONGRESS PARTY,lost,2411
Rajampet,Rajampet(24),SANGARAJU NAGESWARA RAJU,INDEPENDENT,lost,1535
Rajampet,Rajampet(24),MADA RAJA,JAATHIA CHETHI VRUTHULA IKYA VEDIKA PARTY,lost,1415
Rajampet,Rajampet(24),BATTHALA RAMANAIAH,JAI BHARAT NATIONAL PARTY,lost,1366
Rajampet,Rajampet(24),DODDAPANENI RAJA NAIDU,INDEPENDENT,lost,1318
Rajampet,Rajampet(24),MAYANA MOHAMMED SALMAN KHAN,LIBERATION CONGRESS PARTY,lost,1071
Rajampet,Rajampet(24),KASTURI OBAIAH NAIDU,INDEPENDENT,lost,887
Rajampet,Rajampet(24),ASADI VENKATADRI,INDEPENDENT,lost,691
Rajkot,Rajkot(10),PARSHOTTAMBHAI RUPALA,BHARATIYA JANATA PARTY,won,857984
Rajkot,Rajkot(10),DHANANI PARESH,INDIAN NATIONAL CONGRESS,lost,373724
Rajkot,Rajkot(10),NOTA,NONE OF THE ABOVE,nan,15922
Rajkot,Rajkot(10),CHAMANBHAI NAGJIBHAI SAVSANI,BAHUJAN SAMAJ PARTY,lost,10465
Rajkot,Rajkot(10),AJAGIYA NIRALBHAI AMRUTLAL,INDEPENDENT,lost,3680
Rajkot,Rajkot(10),BHAVESHBHAI KANTILAL PIPALIYA,INDEPENDENT,lost,2856
Rajkot,Rajkot(10),BHAVESH UPENDRABHAI ACHARYA,INDEPENDENT,lost,2840
Rajkot,Rajkot(10),PRAKASH GOVINDBHAI SINDHAV,INDEPENDENT,lost,2389
Rajkot,Rajkot(10),ZALA NAYAN J.,INDEPENDENT,lost,2350
Rajkot,Rajkot(10),JIGNESHBHAI MAHAJAN,INDEPENDENT,lost,1332
Rajmahal,Rajmahal(1),VIJAY KUMAR HANSDAK,JHARKHAND MUKTI MORCHA,won,613371
Rajmahal,Rajmahal(1),TALA MARANDI,BHARATIYA JANATA PARTY,lost,435107
Rajmahal,Rajmahal(1),LOBIN HEMBRAM,INDEPENDENT,lost,42140
Rajmahal,Rajmahal(1),GOPIN SOREN,COMMUNIST PARTY OF INDIA (MARXIST),lost,37291
Rajmahal,Rajmahal(1),NOTA,NONE OF THE ABOVE,nan,18217
Rajmahal,Rajmahal(1),MAHESH PAHARIYA,INDEPENDENT,lost,14978
Rajmahal,Rajmahal(1),AJIT MARANDI,RASHTRIYA JANSAMBHAVNA PARTY,lost,11251
Rajmahal,Rajmahal(1),SEBASTION HEMBROM,INDEPENDENT,lost,9493
Rajmahal,Rajmahal(1),MARIYAM MARANDI,BAHUJAN SAMAJ PARTY,lost,8259
Rajmahal,Rajmahal(1),PAUL SOREN,ALL INDIA MAJLIS-E-ITTEHADUL MUSLIMEEN,lost,7902
Rajmahal,Rajmahal(1),DIPA TUDU,INDEPENDENT,lost,6856
Rajmahal,Rajmahal(1),KHALIFA KISKU,PEOPLES PARTY OF INDIA (DEMOCRATIC),lost,4107
Rajmahal,Rajmahal(1),VINOD KUMAR MANDAL,LOKHIT ADHIKAR PARTY,lost,3809
Rajmahal,Rajmahal(1),MUNSHI KISKU,NAVYUG PRAGATISHEEL MORCHA,lost,2779
Rajmahal,Rajmahal(1),LILI HANSDA,SAMATA PARTY,lost,2689
Rampur,Rampur(7),MOHIBBULLAH,SAMAJWADI PARTY,won,481503
Rampur,Rampur(7),GHANSHYAM SINGH LODHI,BHARATIYA JANATA PARTY,lost,394069
Rampur,Rampur(7),ZEESHAN KHAN,BAHUJAN SAMAJ PARTY,lost,79692
Rampur,Rampur(7),NOTA,NONE OF THE ABOVE,nan,5653
Rampur,Rampur(7),ARSHAD WARSI,MINORITIES DEMOCRATIC PARTY,lost,2927
Rampur,Rampur(7),MEHMOOD PRACHA,INDEPENDENT,lost,2759
Rampur,Rampur(7),SHIV PRASAD,INDEPENDENT,lost,1476
Ramtek,Ramtek (9),Shyamkumar (Babalu) Daulat Barve,INDIAN NATIONAL CONGRESS,won,613025
Ramtek,Ramtek (9),RAJU DEONATH PARVE,SHIV SENA,lost,536257
Ramtek,Ramtek (9),SANDIP SAHADEO MESHRAM,BAHUJAN SAMAJ PARTY,lost,26098
Ramtek,Ramtek (9),KISHORE UTTAMRAO GAJBHIYE,INDEPENDENT,lost,24383
Ramtek,Ramtek (9),NOTA,NONE OF THE ABOVE,nan,7827
Ramtek,Ramtek (9),AJAY BAKARAM CHAVAN,INDEPENDENT,lost,6026
Ramtek,Ramtek (9),SANVIDHAN G LOKHANDE,BALIRAJA PARTY,lost,5814
Ramtek,Ramtek (9),ROSHANI ATUL GAJBHIYE,GONDVANA GANTANTRA PARTY,lost,5137
Ramtek,Ramtek (9),GOWARDHAN DEORAO KUMBHARE,VIRO KE VIR INDIAN PARTY,lost,3766
Ramtek,Ramtek (9),ARVIND SHIVAJI TANDEKAR,INDEPENDENT,lost,3215
Ramtek,Ramtek (9),SANJAY VASANTRAO BORKAR,MAHARASHTRA VIKAS AGHADI,lost,1992
Ramtek,Ramtek (9),SHANKAR CHINTAMAN CHAHANDE,VANCHIT BAHUJAN AAGHADI,lost,1884
Ramtek,Ramtek (9),ADV BHIMRAO SHENDE,BAHUJAN REPUBLICAN SOCIALIST PARTY,lost,1818
Ramtek,Ramtek (9),GAIKWAD MANJUSHA SACHIN,AKHIL BHARTIYA PARIVAR PARTY,lost,1773
Ramtek,Ramtek (9),ASHISH BHAURAO SARODE,BHIM SENA,lost,1620
Ramtek,Ramtek (9),PRAMOD SHRIPAT KHOBRAGADE,AMBEDKARITE PARTY OF INDIA,lost,1340
Ramtek,Ramtek (9),UMESH RAJU KHADSE,RASHTRA SAMARPAN PARTY,lost,1229
Ramtek,Ramtek (9),SIDDHARTH GADIJI PATIL,PEOPLES PARTY OF INDIA (DEMOCRATIC),lost,977
Ramtek,Ramtek (9),PREMKUMAR DASHRATH GAJBHARE,INDEPENDENT,lost,925
Ramtek,Ramtek (9),RIDDHESHWAR ANANDRAO BELEY,REPUBLICAN PARTY OF INDIA (A),lost,913
Ramtek,Ramtek (9),BHOJRAJ TUKARAM SARODE,JAY VIDARBHA PARTY,lost,888
Ramtek,Ramtek (9),VILAS SHRIPAT KHADSE,INDEPENDENT,lost,860
Ramtek,Ramtek (9),SUBHASH LOKHANDE,INDEPENDENT,lost,850
Ramtek,Ramtek (9),KARTIK GENDLALJI DOKE,INDEPENDENT,lost,847
Ramtek,Ramtek (9),ADV ULHAS SHALIKRAM DUPARE,INDEPENDENT,lost,781
Ramtek,Ramtek (9),LAROKAR SURESH PUNDLIK,INDEPENDENT,lost,698
Ramtek,Ramtek (9),SUNIL UTTAMRAO SALVE,INDEPENDENT,lost,651
Ramtek,Ramtek (9),GOWARDHAN NAMDEO SOMDEVE,INDEPENDENT,lost,511
Ramtek,Ramtek (9),VILAS GANESH ZODAPE,INDEPENDENT,lost,407
Ranaghat,Ranaghat(13),JAGANNATH SARKAR,BHARATIYA JANATA PARTY,won,782396
Ranaghat,Ranaghat(13),MUKUT MANI ADHIKARI,ALL INDIA TRINAMOOL CONGRESS,lost,595497
Ranaghat,Ranaghat(13),ALAKESH DAS,COMMUNIST PARTY OF INDIA (MARXIST),lost,123810
Ranaghat,Ranaghat(13),NOTA,NONE OF THE ABOVE,nan,9893
Ranaghat,Ranaghat(13),BIPLAB BISWAS,BAHUJAN SAMAJ PARTY,lost,9392
Ranaghat,Ranaghat(13),PARESH HALDAR,SOCIALIST UNITY CENTRE OF INDIA (COMMUNIST),lost,8239
Ranaghat,Ranaghat(13),JAGANNATH SARKAR,INDEPENDENT,lost,5861
Ranaghat,Ranaghat(13),SHYAMAL KUMAR MALLICK,INDEPENDENT,lost,5544
Ranchi,Ranchi(8),SANJAY SETH,BHARATIYA JANATA PARTY,won,664732
Ranchi,Ranchi(8),YASHASWINI SAHAY,INDIAN NATIONAL CONGRESS,lost,544220
Ranchi,Ranchi(8),DEVENDRA NATH MAHTO,INDEPENDENT,lost,132647
Ranchi,Ranchi(8),SOMA SINGH,JAI MAHA BHARATH PARTY,lost,10341
Ranchi,Ranchi(8),NOTA,NONE OF THE ABOVE,nan,8153
Ranchi,Ranchi(8),NIPU SINGH,RASHTRIYA JANSANGHARSH SWARAJ PARTY,lost,7803
Ranchi,Ranchi(8),DHANANJAY BHAGAT “GANDHI“,MERA ADHIKAAR RASHTRIYA DAL,lost,6799
Ranchi,Ranchi(8),SHYAM BIHARI PRAJAPATI,BHAGIDARI PARTY(P),lost,6530
Ranchi,Ranchi(8),MANOJ KUMAR,BAHUJAN SAMAJ PARTY,lost,6427
Ranchi,Ranchi(8),RAMHARI GOPE,AMBEDKARITE PARTY OF INDIA,lost,6309
Ranchi,Ranchi(8),ANJANI PANDEY,INDEPENDENT,lost,5397
Ranchi,Ranchi(8),SARWESHWARI SAHU,EKAM SANATAN BHARAT DAL,lost,4802
Ranchi,Ranchi(8),HARINATH SAHU,LOKHIT ADHIKAR PARTY,lost,4136
Ranchi,Ranchi(8),HEMNTI DEVI,SAMATA PARTY,lost,4080
Ranchi,Ranchi(8),RANJANA GIRI,REPUBLICAN PARTY OF INDIA (A),lost,3208
Ranchi,Ranchi(8),BIRENDRA NATH MANJHI,ABUA JHARKHAND PARTY,lost,3155
Ranchi,Ranchi(8),DHARMENDRA TIWARY,BHARTIYA JANTANTRA MORCHA,lost,3094
Ranchi,Ranchi(8),PRAWEEN KACHHAP,SAMPOORNA BHARAT KRANTI PARTY,lost,2944
Ranchi,Ranchi(8),PRABEEN CHANDRA MAHATO,INDEPENDENT,lost,2859
Ranchi,Ranchi(8),SANTOSH KUMAR JAISWAL,INDEPENDENT,lost,2787
Ranchi,Ranchi(8),PANKAJ KUMAR RAVI,PEOPLES PARTY OF INDIA (DEMOCRATIC),lost,2763
Ranchi,Ranchi(8),BINOD ORAON,BAHUJAN MUKTI PARTY,lost,2589
Ranchi,Ranchi(8),MANORANJAN BHATTACHARYA,INDEPENDENT,lost,2539
Ranchi,Ranchi(8),AINUL ANSARI,INDEPENDENT,lost,2537
Ranchi,Ranchi(8),MINTU PASWAN,SOCIALIST UNITY CENTRE OF INDIA (COMMUNIST),lost,2164
Ranchi,Ranchi(8),KOLESHWAR MAHTO,INDEPENDENT,lost,1708
Ranchi,Ranchi(8),KAMESHWAR PRASAD SAW,INDEPENDENT,lost,1646
Ranchi,Ranchi(8),ARSHAD AYUB,INDEPENDENT,lost,1412
Ratnagiri- Sindhudurg,Ratnagiri- Sindhudurg(46),NARAYAN TATU RANE,BHARATIYA JANATA PARTY,won,448514
Ratnagiri- Sindhudurg,Ratnagiri- Sindhudurg(46),VINAYAK BHAURAO RAUT,SHIV SENA (UDDHAV BALASAHEB THACKREY),lost,400656
Ratnagiri- Sindhudurg,Ratnagiri- Sindhudurg(46),VINAYAK LAVU RAUT,INDEPENDENT,lost,15826
Ratnagiri- Sindhudurg,Ratnagiri- Sindhudurg(46),NOTA,NONE OF THE ABOVE,nan,11643
Ratnagiri- Sindhudurg,Ratnagiri- Sindhudurg(46),MARUTI RAMACHANDRA JOSHI,VANCHIT BAHUJAN AAGHADI,lost,10039
Ratnagiri- Sindhudurg,Ratnagiri- Sindhudurg(46),AAYARE RAJENDRA LAHU,BAHUJAN SAMAJ PARTY,lost,7856
Ratnagiri- Sindhudurg,Ratnagiri- Sindhudurg(46),SHAKIL SAWANT,INDEPENDENT,lost,6395
Ratnagiri- Sindhudurg,Ratnagiri- Sindhudurg(46),TAMBADE AMRUT ANANT (RAJAPURKAR),INDEPENDENT,lost,5582
Ratnagiri- Sindhudurg,Ratnagiri- Sindhudurg(46),ASHOK GANGARAM PAWAR,BAHUJAN MUKTI PARTY,lost,5280
Ratnagiri- Sindhudurg,Ratnagiri- Sindhudurg(46),SURESH GOVINDRAO SHINDE,SAINIK SAMAJ PARTY,lost,2247
Raver,Raver(4),KHADSE RAKSHA NIKHIL,BHARATIYA JANATA PARTY,won,630879
Raver,Raver(4),SHRIRAM DAYARAM PATIL,NATIONALIST CONGRESS PARTY – SHARADCHANDRA PAWAR,lost,358696
Raver,Raver(4),ER. SANJAY PANDIT BRAMHANE,VANCHIT BAHUJAN AAGHADI,lost,59120
Raver,Raver(4),EKNATH NAGO SALUNKE,INDEPENDENT,lost,43982
Raver,Raver(4),GULAB DAYARAM BHIL,BHARAT ADIVASI PARTY,lost,9644
Raver,Raver(4),MAMTA ALIAS MUMTAJ BHIKARI TADVI,INDEPENDENT,lost,7884
Raver,Raver(4),VIJAY RAMKRUSHNA KALE,BAHUJAN SAMAJ PARTY,lost,7577
Raver,Raver(4),VASANT SHANKAR KOLTE,INDEPENDENT,lost,6718
Raver,Raver(4),PRAVIN LAXMAN PATIL,INDEPENDENT,lost,6092
Raver,Raver(4),YUVRAJ DEVSING BARELA,INDEPENDENT,lost,5135
Raver,Raver(4),ASHOK BABURAO JADHAV,PEOPLES PARTY OF INDIA (DEMOCRATIC),lost,4690
Raver,Raver(4),SHRIRAM SITARAM PATIL,INDEPENDENT,lost,4269
Raver,Raver(4),NOTA,NONE OF THE ABOVE,nan,4100
Raver,Raver(4),JITENDRA PANDURANG PATIL,INDEPENDENT,lost,3587
Raver,Raver(4),SANJAY PRALHAD KANDELKAR,INDEPENDENT,lost,2961
Raver,Raver(4),SAGAR PRABHAKAR PATIL,INDEPENDENT,lost,2935
Raver,Raver(4),SANJAYKUMAR LAXMAN WANKHEDE,REPUBLICAN PARTY OF INDIA (SOCIAL),lost,2282
Raver,Raver(4),ANIL PITAMBAR WAGH (SIR),INDEPENDENT,lost,2278
Raver,Raver(4),PROF. DR. ASHISH SUBHASH JADHAV,INDEPENDENT,lost,1927
Raver,Raver(4),BHIVRAJ RAMDAS RAYSINGE,INDEPENDENT,lost,1809
Raver,Raver(4),KOMALBAI BAPURAO PATIL,INDEPENDENT,lost,1429
Raver,Raver(4),SHAIKH AABID SHAIKH BASHIR,INDEPENDENT,lost,1040
Raver,Raver(4),AMIT HARIBHAU KOLTE,INDEPENDENT,lost,981
Raver,Raver(4),DR. YOGENDRA VITTHAL KOLTE,INDEPENDENT,lost,902
Raver,Raver(4),SHRIRAM OMKAR PATIL,INDEPENDENT,lost,749
Robertsganj,Robertsganj(80),CHHOTELAL,SAMAJWADI PARTY,won,465848
Robertsganj,Robertsganj(80),RINKI SINGH,APNA DAL (SONEYLAL),lost,336614
Robertsganj,Robertsganj(80),DHANESHWAR,BAHUJAN SAMAJ PARTY,lost,118778
Robertsganj,Robertsganj(80),ASHOK KUMAR KANNAUJIYA,COMMUNIST PARTY OF INDIA,lost,23852
Robertsganj,Robertsganj(80),NOTA,NONE OF THE ABOVE,nan,19032
Robertsganj,Robertsganj(80),SUBHAGI,JANHIT SANKALP PARTY,lost,8194
Robertsganj,Robertsganj(80),ARVIND KUMAR BHARTI,RASHTRIYA SAMANTA DAL,lost,7592
Robertsganj,Robertsganj(80),SUKALU,INDEPENDENT,lost,6712
Robertsganj,Robertsganj(80),SHIVPUJAN,RASHTRIYA SAMAJ PAKSHA,lost,6444
Robertsganj,Robertsganj(80),SONU NIGAM,INDEPENDENT,lost,6144
Robertsganj,Robertsganj(80),CHANDRIKA PRASAD,JANTA KRANTI PARTY (RASHTRAVADI),lost,3741
Robertsganj,Robertsganj(80),PRABHUDAYAL,RASHTRIYA SAMAJ DAL (R),lost,3471
Robertsganj,Robertsganj(80),RAM SHIROMANI,SARDAR PATEL SIDDHANT PARTY,lost,3123
SAGAR,SAGAR(5),DR. LATA WANKHEDE,BHARATIYA JANATA PARTY,won,787979
SAGAR,SAGAR(5),CHANDRA BHUSAN SINGH BUNDELA 'GUDDU RAJA',INDIAN NATIONAL CONGRESS,lost,316757
SAGAR,SAGAR(5),BHAGWATI PRASAD JATAV,BAHUJAN SAMAJ PARTY,lost,16636
SAGAR,SAGAR(5),NOTA,NONE OF THE ABOVE,nan,7657
SAGAR,SAGAR(5),BHEEKAM SINGH KUSHWAHA,MAHANWADI PARTY,lost,5784
SAGAR,SAGAR(5),RAM BHJAN BANSAL,SAMATA PARTY,lost,3153
SAGAR,SAGAR(5),MOHAMAD AARIF MAKRANI,INDEPENDENT,lost,2888
SAGAR,SAGAR(5),SANGRAM SINGH YADAV,INDEPENDENT,lost,2824
SAGAR,SAGAR(5),DHARMENDRA BANPURIYA,INDEPENDENT,lost,1624
SAGAR,SAGAR(5),TOSHMANI PANTHI (KANNA),INDEPENDENT,lost,1299
SAGAR,SAGAR(5),SURESH BANSAL,BHARTIYA SHAKTI CHETNA PARTY,lost,1151
SAGAR,SAGAR(5),LAXMI KUSHWAHA,PICHHARA SAMAJ PARTY UNITED,lost,952
SAGAR,SAGAR(5),DR. RAMAVATAR SHARMA,SOCIALIST UNITY CENTRE OF INDIA (COMMUNIST),lost,928
SAGAR,SAGAR(5),AHIRWAR RAJKUMAR THEKEDAAR,INDEPENDENT,lost,917
SALEM,SALEM(15),SELVAGANAPATHI T M,DRAVIDA MUNNETRA KAZHAGAM,won,566085
SALEM,SALEM(15),VIGNESH P,ALL INDIA ANNA DRAVIDA MUNNETRA KAZHAGAM,lost,495728
SALEM,SALEM(15),ANNADURAI N,PATTALI MAKKAL KATCHI,lost,127139
SALEM,SALEM(15),DR MANOJKUMAR G,NAAM TAMILAR KATCHI,lost,76207
SALEM,SALEM(15),NOTA,NONE OF THE ABOVE,nan,14894
SALEM,SALEM(15),BHALAJI M,INDEPENDENT,lost,3441
SALEM,SALEM(15),MURALI S,BAHUJAN SAMAJ PARTY,lost,3372
SALEM,SALEM(15),PALANIVEL K,INDEPENDENT,lost,2856
SALEM,SALEM(15),JEGANNATHAN A,INDEPENDENT,lost,2411
SALEM,SALEM(15),RAJA S,INDEPENDENT,lost,1456
SALEM,SALEM(15),MUTHUSAMY S,INDEPENDENT,lost,1197
SALEM,SALEM(15),ER PRABAKARAN S,INDEPENDENT,lost,1155
SALEM,SALEM(15),SHANMUGAM G,INDEPENDENT,lost,1147
SALEM,SALEM(15),SANTHALINGAM C,INDEPENDENT,lost,1098
SALEM,SALEM(15),SUTHARSANAM S,ARAVOR MUNNETRA KAZHAGAM,lost,1036
SALEM,SALEM(15),AMBEDKAR C,AMBEDKARITE PARTY OF INDIA,lost,961
SALEM,SALEM(15),RAMACHANDRAN C,DHESIYA MAKKAL KAZHAGAM,lost,758
SALEM,SALEM(15),GOVINDHAN A,INDEPENDENT,lost,693
SALEM,SALEM(15),MANICKAM R,ULZAIPALI MAKKAL KATCHY,lost,537
SALEM,SALEM(15),AHAMED SHAHJAHAN M,INDEPENDENT,lost,466
SALEM,SALEM(15),INTHRAJITHKUPTHA G,INDEPENDENT,lost,432
SALEM,SALEM(15),RAMASUNDARAM D,INDEPENDENT,lost,422
SALEM,SALEM(15),KARUNAKARAN M,INDEPENDENT,lost,377
SALEM,SALEM(15),RAJA A,INDEPENDENT,lost,332
SALEM,SALEM(15),VIGNESH M,INDEPENDENT,lost,328
SALEM,SALEM(15),JOTHILINGAM M,INDEPENDENT,lost,316
SATNA,SATNA(9),GANESH SINGH,BHARATIYA JANATA PARTY,won,459728
SATNA,SATNA(9),DABBU SIDDHARTH SUKHLAL KUSHWAHA,INDIAN NATIONAL CONGRESS,lost,374779
SATNA,SATNA(9),NARAYAN TRIPATHI,BAHUJAN SAMAJ PARTY,lost,185618
SATNA,SATNA(9),DURGESH KUMAR VISHWAKARMA,INDEPENDENT,lost,5921
SATNA,SATNA(9),RAHUL DAHIYA,INDEPENDENT,lost,4277
SATNA,SATNA(9),CHHEDI LAL PRAJAPATI (PANDA BABA),INDEPENDENT,lost,4061
SATNA,SATNA(9),CHANDRABHAN KOL,INDEPENDENT,lost,3398
SATNA,SATNA(9),"SAFI ULLA ""DBBU BHAI""",INDEPENDENT,lost,2614
SATNA,SATNA(9),NOTA,NONE OF THE ABOVE,nan,2553
SATNA,SATNA(9),ADV. ASHOK SAKET,BAHUJAN DRAVIDA PARTY,lost,2399
SATNA,SATNA(9),AZEEZ AHMED QURAISHY,MANVIYA BHARAT PARTY,lost,2082
SATNA,SATNA(9),MASTER JI AJIT KUMAR JAYSWAL,PEOPLES PARTY OF INDIA (DEMOCRATIC),lost,1891
SATNA,SATNA(9),KALIM AHMAD BACHCHA,INDEPENDENT,lost,1630
SATNA,SATNA(9),SUKHLAL VERMA RATNESH,INDEPENDENT,lost,1617
SATNA,SATNA(9),ASHOK KUMAR GUPTA,BHARTIYA SHAKTI CHETNA PARTY,lost,1265
SATNA,SATNA(9),NANKU YADAV,AKHIL BHARATIYA HIND KRANTI PARTY,lost,1259
SATNA,SATNA(9),RISHABH SINGH,INDEPENDENT,lost,1073
SATNA,SATNA(9),ASHOK BAUDH,INDEPENDENT,lost,947
SATNA,SATNA(9),HARI SHANKAR TIWARI (LOHA WALA),BHARATIYA JAN MORCHA PARTY,lost,945
SATNA,SATNA(9),RANJANA MISHRA,NYAYDHARMSABHA,lost,915
SHAHDOL,SHAHDOL(12),SMT. HIMADRI SINGH,BHARATIYA JANATA PARTY,won,711143
SHAHDOL,SHAHDOL(12),PHUNDE LAL SINGH MARKO,INDIAN NATIONAL CONGRESS,lost,313803
SHAHDOL,SHAHDOL(12),ANIL SINGH DHURVEY,GONDVANA GANTANTRA PARTY,lost,35278
SHAHDOL,SHAHDOL(12),DHANI RAM KOL,BAHUJAN SAMAJ PARTY,lost,21854
SHAHDOL,SHAHDOL(12),SAMAR SHAH SINGH GOND,COMMUNIST PARTY OF INDIA,lost,19883
SHAHDOL,SHAHDOL(12),NOTA,NONE OF THE ABOVE,nan,19361
SHAHDOL,SHAHDOL(12),KESHKALI BAIGA,INDEPENDENT,lost,10071
SHAHDOL,SHAHDOL(12),GUNJAN SINGH,INDEPENDENT,lost,7479
SHAHDOL,SHAHDOL(12),RAVIKARAN SINGH DHURVE,BHARTIYA SHAKTI CHETNA PARTY,lost,4975
SHAHDOL,SHAHDOL(12),AMRIT LAL SINGH UIKEY,PEOPLES PARTY OF INDIA (DEMOCRATIC),lost,4722
SHAHDOL,SHAHDOL(12),DR. DURGA WATI BHARIA,CHHATTISGARH VIKAS GANGA RASHTRIYA PARTY,lost,3444
SHIMLA,SHIMLA(4),Suresh Kumar Kashyap,BHARATIYA JANATA PARTY,won,519748
SHIMLA,SHIMLA(4),Vinod Sultanpuri,INDIAN NATIONAL CONGRESS,lost,428297
SHIMLA,SHIMLA(4),Anil Kumar Manget,BAHUJAN SAMAJ PARTY,lost,6500
SHIMLA,SHIMLA(4),NOTA,NONE OF THE ABOVE,nan,5930
SHIMLA,SHIMLA(4),Suresh Kumar,RASHTRIYA DEVBHUMI PARTY,lost,4814
SHIMLA,SHIMLA(4),Madan Lal,AKHIL BHARTIYA PARIVAR PARTY,lost,4676
SIDHI,SIDHI(11),DR. RAJESH MISHRA,BHARATIYA JANATA PARTY,won,583559
SIDHI,SIDHI(11),KAMLESHWAR INDRAJIT KUMAR,INDIAN NATIONAL CONGRESS,lost,377143
SIDHI,SIDHI(11),AJAY PRATAP SINGH,GONDVANA GANTANTRA PARTY,lost,50962
SIDHI,SIDHI(11),PUJAN RAM SAKET (BABBU),BAHUJAN SAMAJ PARTY,lost,33656
SIDHI,SIDHI(11),LAXMAN SINGH BAIS,INDEPENDENT,lost,30662
SIDHI,SIDHI(11),SANJAY NAMDEO,COMMUNIST PARTY OF INDIA,lost,20290
SIDHI,SIDHI(11),BHAGWAN PRASAD TIWARI,INDEPENDENT,lost,7331
SIDHI,SIDHI(11),SUNIL TIWARI,INDEPENDENT,lost,5699
SIDHI,SIDHI(11),SHYAMLAL VAISH,BHARTIYA SHAKTI CHETNA PARTY,lost,5343
SIDHI,SIDHI(11),KAILASH PRASAD VERMA,INDEPENDENT,lost,5291
SIDHI,SIDHI(11),MAHENDRA BHAIYA,INDEPENDENT,lost,4658
SIDHI,SIDHI(11),NOTA,NONE OF THE ABOVE,nan,4216
SIDHI,SIDHI(11),DASHRATH PRASAD BAIS,INDEPENDENT,lost,4131
SIDHI,SIDHI(11),"NARAYAN DAS SHAH ""MULNIWASI""",PEOPLES PARTY OF INDIA (DEMOCRATIC),lost,3792
SIDHI,SIDHI(11),DADDI YADAV,INDEPENDENT,lost,3305
SIDHI,SIDHI(11),SMT. TARA DEVI SINGH,RASHTRIYA JANSANCHAR DAL,lost,2707
SIDHI,SIDHI(11),RAMSAHAY SAHU,AAPKA GANTANTRA PARTY,lost,2432
SIDHI,SIDHI(11),RAMVISHAL KOL,RASHTRIYA SAMAJ PAKSHA,lost,2087
SIKAR,SIKAR(5),AMRARAM,COMMUNIST PARTY OF INDIA (MARXIST),won,659300
SIKAR,SIKAR(5),SUMEDHANAND SARASWATI,BHARATIYA JANATA PARTY,lost,586404
SIKAR,SIKAR(5),SURESH PAREEK,INDEPENDENT,lost,10021
SIKAR,SIKAR(5),AMARCHAND,BAHUJAN SAMAJ PARTY,lost,8619
SIKAR,SIKAR(5),NOTA,NONE OF THE ABOVE,nan,7266
SIKAR,SIKAR(5),RAVINDRA SINGH SHEKHAWAT,INDEPENDENT,lost,6025
SIKAR,SIKAR(5),VISHNU KUMAR NATRAJ,INDEPENDENT,lost,5803
SIKAR,SIKAR(5),ASHOK SEHRA,AMBEDKARITE PARTY OF INDIA,lost,5382
SIKAR,SIKAR(5),DHIRENDRA VERMA,UMMEED PARTY OF INDIA,lost,2944
SIKAR,SIKAR(5),MAHESH KUMAR,INDEPENDENT,lost,2056
SIKAR,SIKAR(5),BENI PRASAD KAUSHIK (LATA),RASHTRIYA SAWARN DAL,lost,1731
SIKAR,SIKAR(5),RAMESH SHARMA,BHARTIYA PARTY,lost,1549
SIKAR,SIKAR(5),VIJENDER MAHARIA,BHARATIYA YUVA JAN EKTA PARTY,lost,1451
SIKAR,SIKAR(5),OM PRAKASH,INDEPENDENT,lost,1224
SIKAR,SIKAR(5),BIRBALSINGH,INDEPENDENT,lost,1081
SIRSA,SIRSA(3),SELJA,INDIAN NATIONAL CONGRESS,won,733823
SIRSA,SIRSA(3),ASHOK TANWAR,BHARATIYA JANATA PARTY,lost,465326
SIRSA,SIRSA(3),SANDEEP LOT VALMIKI,INDIAN NATIONAL LOK DAL,lost,92453
SIRSA,SIRSA(3),RAMESH KHATAK,JANNAYAK JANTA PARTY,lost,20080
SIRSA,SIRSA(3),LILU RAM ASAKHERA,BAHUJAN SAMAJ PARTY,lost,10151
SIRSA,SIRSA(3),RAHUL CHOUHAN,INDEPENDENT,lost,6160
SIRSA,SIRSA(3),KARNAIL SINGH ODHAN,INDEPENDENT,lost,4166
SIRSA,SIRSA(3),NOTA,NONE OF THE ABOVE,nan,4123
SIRSA,SIRSA(3),SATPAL LADWAL,INDEPENDENT,lost,3413
SIRSA,SIRSA(3),MISTRI DAULAT RAM ROLAN,PEOPLES PARTY OF INDIA (DEMOCRATIC),lost,3061
SIRSA,SIRSA(3),JOGINDER RAM,INDEPENDENT,lost,2142
SIRSA,SIRSA(3),RAN SINGH PANWAR,INDEPENDENT,lost,1550
SIRSA,SIRSA(3),RAJINDER KUMAR,BHARATIYA ASHA PARTY,lost,1242
SIRSA,SIRSA(3),BAGDAWAT RAM,INDEPENDENT,lost,1224
SIRSA,SIRSA(3),JASVIR SINGH,INDEPENDENT,lost,1136
SIRSA,SIRSA(3),NAVEEN KUMAR COMMANDO,INDEPENDENT,lost,1116
SIRSA,SIRSA(3),SUKHDEV SINGH SANDHU,INDEPENDENT,lost,999
SIRSA,SIRSA(3),DR. RAJESH MEHANDIA,BAHUJAN REPUBLICAN SOCIALIST PARTY,lost,931
SIRSA,SIRSA(3),DHARAMPAL VARTIA,LOKTANTRIK LOK RAJYAM PARTY,lost,919
SIRSA,SIRSA(3),SURENDER KUMAR PHULAN,INDEPENDENT,lost,617
SIVAGANGA,SIVAGANGA(31),KARTI P CHIDAMBARAM,INDIAN NATIONAL CONGRESS,won,427677
SIVAGANGA,SIVAGANGA(31),XAVIERDASS A,ALL INDIA ANNA DRAVIDA MUNNETRA KAZHAGAM,lost,222013
SIVAGANGA,SIVAGANGA(31),DHEVANATHAN YADAV T,BHARATIYA JANATA PARTY,lost,195788
SIVAGANGA,SIVAGANGA(31),EZHILARASI,NAAM TAMILAR KATCHI,lost,163412
SIVAGANGA,SIVAGANGA(31),DHANALAKSHMI M,INDEPENDENT,lost,8512
SIVAGANGA,SIVAGANGA(31),NOTA,NONE OF THE ABOVE,nan,8189
SIVAGANGA,SIVAGANGA(31),GOVINDHARAJU M.G,INDEPENDENT,lost,4241
SIVAGANGA,SIVAGANGA(31),NAGARAJAN KR,INDEPENDENT,lost,3696
SIVAGANGA,SIVAGANGA(31),PALANIYAPPAN R,INDEPENDENT,lost,3427
SIVAGANGA,SIVAGANGA(31),RANJITHKUMAR BALUSWAMY,BAHUJAN SAMAJ PARTY,lost,3171
SIVAGANGA,SIVAGANGA(31),BASKARAN S,INDEPENDENT,lost,2194
SIVAGANGA,SIVAGANGA(31),KALAISELVAM K,INDEPENDENT,lost,1663
SIVAGANGA,SIVAGANGA(31),MALAISAMY K,INDEPENDENT,lost,1527
SIVAGANGA,SIVAGANGA(31),SEKAR A,INDEPENDENT,lost,1292
SIVAGANGA,SIVAGANGA(31),SELVARAJ P,INDEPENDENT,lost,1111
SIVAGANGA,SIVAGANGA(31),THILLAIVASAGAM M,VIDIYALAI THEDUM INDHIYARGAL PARTY,lost,1073
SIVAGANGA,SIVAGANGA(31),ASHOK KUMAR K,INDEPENDENT,lost,1034
SIVAGANGA,SIVAGANGA(31),KARTHICK C,INDEPENDENT,lost,981
SIVAGANGA,SIVAGANGA(31),MUTHARASU PANDIYAN V,INDEPENDENT,lost,828
SIVAGANGA,SIVAGANGA(31),KALAIRAJA B,INDEPENDENT,lost,819
SIVAGANGA,SIVAGANGA(31),KARTHIKAIRAJAN P,INDEPENDENT,lost,771
SONIPAT,SONIPAT(6),SATPAL BRAHAMCHARI,INDIAN NATIONAL CONGRESS,won,548682
SONIPAT,SONIPAT(6),MOHAN LAL BADOLI,BHARATIYA JANATA PARTY,lost,526866
SONIPAT,SONIPAT(6),UMESH KUMAR,BAHUJAN SAMAJ PARTY,lost,12822
SONIPAT,SONIPAT(6),ANOOP SINGH,INDIAN NATIONAL LOK DAL,lost,11523
SONIPAT,SONIPAT(6),BHUPENDER SINGH MALIK,JANNAYAK JANTA PARTY,lost,7820
SONIPAT,SONIPAT(6),NOTA,NONE OF THE ABOVE,nan,2320
SONIPAT,SONIPAT(6),SANT DHARAMVEER CHOTIVALA,INDEPENDENT,lost,2154
SONIPAT,SONIPAT(6),NARESH KASHYAP,AAM AADMI PARIVARTAN PARTY,lost,1658
SONIPAT,SONIPAT(6),RAMESH,INDEPENDENT,lost,1651
SONIPAT,SONIPAT(6),SATPAL,INDEPENDENT,lost,1217
SONIPAT,SONIPAT(6),GAUBHAGAT SUMIT LATHER,INDEPENDENT,lost,882
SONIPAT,SONIPAT(6),DR. KAMLESH KUMAR SAINI,INDEPENDENT,lost,866
SONIPAT,SONIPAT(6),ROHTASH,INDEPENDENT,lost,777
SONIPAT,SONIPAT(6),BALBIR SINGH,SOCIALIST UNITY CENTRE OF INDIA (COMMUNIST),lost,768
SONIPAT,SONIPAT(6),ASHWANI,INDEPENDENT,lost,695
SONIPAT,SONIPAT(6),SANJAY DASS,INDEPENDENT,lost,572
SONIPAT,SONIPAT(6),JAGBEER,INDEPENDENT,lost,524
SONIPAT,SONIPAT(6),SUNIL KUMAR,RASHTRIYA GARIB DAL,lost,467
SONIPAT,SONIPAT(6),RADHEY SHYAM,PEOPLES PARTY OF INDIA (DEMOCRATIC),lost,441
SONIPAT,SONIPAT(6),RAKESH,SAMATA PARTY,lost,410
SONIPAT,SONIPAT(6),NIRMAL SINGH,INDEPENDENT,lost,318
SONIPAT,SONIPAT(6),SURENDER SINGH,INDEPENDENT,lost,296
SONIPAT,SONIPAT(6),RAKESH DHARIWAL,RASHTRIYA JATIGAT AARAKSHAN VIRODHI PARTY,lost,215
SRINAGAR,SRINAGAR(2),AGA SYED RUHULLAH MEHDI,JAMMU & KASHMIR NATIONAL CONFERENCE,won,356866
SRINAGAR,SRINAGAR(2),WAHEED UR REHMAN PARA,JAMMU & KASHMIR PEOPLES DEMOCRATIC PARTY,lost,168450
SRINAGAR,SRINAGAR(2),MOHAMMAD ASHRAF MIR,JAMMU AND KASHMIR APNI PARTY,lost,65954
SRINAGAR,SRINAGAR(2),AMIR AHMAD BHAT,DEMOCRATIC PROGRESSIVE AZAD PARTY,lost,15104
SRINAGAR,SRINAGAR(2),SHEEBAN ASHAI,INDEPENDENT,lost,13071
SRINAGAR,SRINAGAR(2),SAYIM MUSTAFA,INDEPENDENT,lost,8880
SRINAGAR,SRINAGAR(2),NOTA,NONE OF THE ABOVE,nan,5998
SRINAGAR,SRINAGAR(2),JIBRAN FIRDOUS DAR,INDEPENDENT,lost,5498
SRINAGAR,SRINAGAR(2),JAHANGIR AHMAD SHEIKH,INDEPENDENT,lost,4422
SRINAGAR,SRINAGAR(2),HAKIKAT SINGH,JAMMU & KASHMIR NATIONAL PANTHERS PARTY (BHIM),lost,3778
SRINAGAR,SRINAGAR(2),SAJAD AHMAD DAR,INDEPENDENT,lost,3764
SRINAGAR,SRINAGAR(2),RUBINA AKHTER,NATIONAL LOKTANTRIK PARTY,lost,2876
SRINAGAR,SRINAGAR(2),WASEEM HASSAN SHEIKH,INDEPENDENT,lost,2855
SRINAGAR,SRINAGAR(2),RIYAZ AHMAD BHAT,INDEPENDENT,lost,2792
SRINAGAR,SRINAGAR(2),FAYAZ AHMAD BUTT,INDEPENDENT,lost,2227
SRINAGAR,SRINAGAR(2),SHAHNAZ HUSSAIN SHAH,INDEPENDENT,lost,2203
SRINAGAR,SRINAGAR(2),MOHD YOUSUF BHAT,GANA SURAKSHA PARTY,lost,1898
SRINAGAR,SRINAGAR(2),WAHEEDA TABASUM SHAH,INDEPENDENT,lost,1606
SRINAGAR,SRINAGAR(2),NISAR AHMAD AHANGAR,INDEPENDENT,lost,1124
SRINAGAR,SRINAGAR(2),MIRZA SAJAD HUSSAIN BEIGH,INDEPENDENT,lost,1064
SRINAGAR,SRINAGAR(2),GHULAM MOHAMMAD WANI,INDEPENDENT,lost,1040
SRINAGAR,SRINAGAR(2),AMIN DAR,INDEPENDENT,lost,996
SRINAGAR,SRINAGAR(2),JAVEED AHMAD WANI,INDEPENDENT,lost,932
SRINAGAR,SRINAGAR(2),YOUNIS AHMAD MIR,BHARAT JODO PARTY,lost,925
SRINAGAR,SRINAGAR(2),DR QAZI ASHRAF,INDEPENDENT,lost,919
SRIPERUMBUDUR,SRIPERUMBUDUR(5),T R BAALU,DRAVIDA MUNNETRA KAZHAGAM,won,758611
SRIPERUMBUDUR,SRIPERUMBUDUR(5),G PREMKUMAR,ALL INDIA ANNA DRAVIDA MUNNETRA KAZHAGAM,lost,271582
SRIPERUMBUDUR,SRIPERUMBUDUR(5),V N VENUGOPAL,TAMIL MAANILA CONGRESS (MOOPANAR),lost,210110
SRIPERUMBUDUR,SRIPERUMBUDUR(5),V RAVICHANDRAN,NAAM TAMILAR KATCHI,lost,140233
SRIPERUMBUDUR,SRIPERUMBUDUR(5),NOTA,NONE OF THE ABOVE,nan,26450
SRIPERUMBUDUR,SRIPERUMBUDUR(5),K PRABAKARAN,BAHUJAN SAMAJ PARTY,lost,8189
SRIPERUMBUDUR,SRIPERUMBUDUR(5),M S ARUMUGAM,INDEPENDENT,lost,3699
SRIPERUMBUDUR,SRIPERUMBUDUR(5),V SUDHAVALLI,ARAVOR MUNNETRA KAZHAGAM,lost,3694
SRIPERUMBUDUR,SRIPERUMBUDUR(5),S AMBETHKUMAR,MAHATHMA MAKKAL MUNNETRA KAZHAKAM,lost,2220
SRIPERUMBUDUR,SRIPERUMBUDUR(5),M ASHOK KUMAR,INDEPENDENT,lost,1704
SRIPERUMBUDUR,SRIPERUMBUDUR(5),S SIVAKUMAR,VEERATH THIYAGI VISWANATHADOSS THOZHILALARKAL KATCHI,lost,1352
SRIPERUMBUDUR,SRIPERUMBUDUR(5),AYODHI LAKSHMANAN,INDEPENDENT,lost,1259
SRIPERUMBUDUR,SRIPERUMBUDUR(5),S CHITTIBABU,NAADAALUM MAKKAL KATCHI,lost,1241
SRIPERUMBUDUR,SRIPERUMBUDUR(5),C ARAVIND,DESIYA MAKKAL SAKTHI KATCHI,lost,970
SRIPERUMBUDUR,SRIPERUMBUDUR(5),GOPI DEEPAK,INDEPENDENT,lost,883
SRIPERUMBUDUR,SRIPERUMBUDUR(5),KARTHIK KUMAR P C,INDEPENDENT,lost,867
SRIPERUMBUDUR,SRIPERUMBUDUR(5),J MOHANRAJ,JEBAMANI JANATA,lost,822
SRIPERUMBUDUR,SRIPERUMBUDUR(5),DR S PRAVEEN,INDEPENDENT,lost,799
SRIPERUMBUDUR,SRIPERUMBUDUR(5),I MOHAMED YASEEN,THAKKAM KATCHI,lost,669
SRIPERUMBUDUR,SRIPERUMBUDUR(5),K PALANIYAPPAN,TAMIZHAGA MURPOKKU MAKKAL KATCHI,lost,617
SRIPERUMBUDUR,SRIPERUMBUDUR(5),S PRABHU,INDEPENDENT,lost,514
SRIPERUMBUDUR,SRIPERUMBUDUR(5),P BASKARAN,INDEPENDENT,lost,494
SRIPERUMBUDUR,SRIPERUMBUDUR(5),P HARIDAS,INDEPENDENT,lost,460
SRIPERUMBUDUR,SRIPERUMBUDUR(5),C A JAYARAMAN,INDEPENDENT,lost,447
SRIPERUMBUDUR,SRIPERUMBUDUR(5),G RAMKUMAR,INDEPENDENT,lost,426
SRIPERUMBUDUR,SRIPERUMBUDUR(5),N MANIKKAM,INDEPENDENT,lost,403
SRIPERUMBUDUR,SRIPERUMBUDUR(5),M PREMKUMAR,INDEPENDENT,lost,394
SRIPERUMBUDUR,SRIPERUMBUDUR(5),S MUNIKUMAR,SAMANIYA MAKKAL NALA KATCHI,lost,394
SRIPERUMBUDUR,SRIPERUMBUDUR(5),A JINNA MOHAMMED,INDEPENDENT,lost,388
SRIPERUMBUDUR,SRIPERUMBUDUR(5),M SARAVANAN,INDEPENDENT,lost,385
SRIPERUMBUDUR,SRIPERUMBUDUR(5),S SIVARAMAN,INDEPENDENT,lost,343
SRIPERUMBUDUR,SRIPERUMBUDUR(5),C PREMKUMAR,INDEPENDENT,lost,316
SURGUJA,SURGUJA(1),CHINTAMANI MAHARAJ,BHARATIYA JANATA PARTY,won,713200
SURGUJA,SURGUJA(1),SHASHI SINGH KORAM,INDIAN NATIONAL CONGRESS,lost,648378
SURGUJA,SURGUJA(1),NOTA,NONE OF THE ABOVE,nan,28121
SURGUJA,SURGUJA(1),DR. L. S. UDAY SINGH,GONDVANA GANTANTRA PARTY,lost,15651
SURGUJA,SURGUJA(1),SANJAY KUMAR,BAHUJAN SAMAJ PARTY,lost,15199
SURGUJA,SURGUJA(1),RAMADHAR SINGH,INDEPENDENT,lost,10861
SURGUJA,SURGUJA(1),PRINCE ABHISHEK KUJUR,INDEPENDENT,lost,6815
SURGUJA,SURGUJA(1),URMILA SINGH,INDEPENDENT,lost,5784
SURGUJA,SURGUJA(1),ARVIND KACHHAP,INDEPENDENT,lost,4184
SURGUJA,SURGUJA(1),KANTA MINJ,AKHIL BHARTIYA PARIVAR PARTY,lost,4016
SURGUJA,SURGUJA(1),JEROME MINJ,BHARAT ADIVASI PARTY,lost,3060
Sabarkantha,Sabarkantha(5),SHOBHANABEN MAHENDRASINH BARAIYA,BHARATIYA JANATA PARTY,won,677318
Sabarkantha,Sabarkantha(5),CHAUDHARI TUSHAR AMARSINH,INDIAN NATIONAL CONGRESS,lost,521636
Sabarkantha,Sabarkantha(5),NOTA,NONE OF THE ABOVE,nan,21076
Sabarkantha,Sabarkantha(5),PARMAR RAMESHCHANDRA NANJIBHAI,BAHUJAN SAMAJ PARTY,lost,9967
Sabarkantha,Sabarkantha(5),SOLANKI CHHAGANBHAI KEVLABHAI,INDEPENDENT,lost,7551
Sabarkantha,Sabarkantha(5),VIJAYSINH NAVALSINH CHAUHAN,INDEPENDENT,lost,6721
Sabarkantha,Sabarkantha(5),BHAVNABA NARENDRASINH PARMAR,INDEPENDENT,lost,5459
Sabarkantha,Sabarkantha(5),ANILKUMAR NIRANJANKUMAR MUNDADA,LOG PARTY,lost,5247
Sabarkantha,Sabarkantha(5),MUSTAKBHAI JAMALBHAI SANGHANI,INDEPENDENT,lost,3203
Sabarkantha,Sabarkantha(5),KATARA VARUNKUMAR KALYANSINH,GUNJ SATYA NI JANATA PARTY,lost,2773
Sabarkantha,Sabarkantha(5),RAKESHSINH MAHOBATSINH ZALA,BHARTIYA JAN PARISHAD,lost,1951
Sabarkantha,Sabarkantha(5),PANDOR KAUSHIKKUMAR SHANKARBHAI,INDEPENDENT,lost,1827
Sabarkantha,Sabarkantha(5),ASHOK L VAGHELA,INDEPENDENT,lost,1688
Sabarkantha,Sabarkantha(5),KANUBHAI KHIMJIBHAI GADHAVI,INDEPENDENT,lost,1505
Sabarkantha,Sabarkantha(5),THAKOR INDIRABEN JITENDRASINH,INSANIYAT PARTY,lost,1436
Saharanpur,Saharanpur(1),IMRAN MASOOD,INDIAN NATIONAL CONGRESS,won,547967
Saharanpur,Saharanpur(1),RAGHAV LAKHANPAL,BHARATIYA JANATA PARTY,lost,483425
Saharanpur,Saharanpur(1),MAJID ALI,BAHUJAN SAMAJ PARTY,lost,180353
Saharanpur,Saharanpur(1),MOHD INAM,AKHIL BHARTIYA PARIVAR PARTY,lost,5400
Saharanpur,Saharanpur(1),NOTA,NONE OF THE ABOVE,nan,4566
Saharanpur,Saharanpur(1),SHABNAM,INDEPENDENT,lost,2373
Saharanpur,Saharanpur(1),SHAHBAJ,INDEPENDENT,lost,1698
Saharanpur,Saharanpur(1),RASHID KHAN,INDEPENDENT,lost,1230
Saharanpur,Saharanpur(1),TASMEEM BANO,INDEPENDENT,lost,885
Saharanpur,Saharanpur(1),RAJKUMAR,INDEPENDENT,lost,813
Saharanpur,Saharanpur(1),KAMRAN,INDEPENDENT,lost,745
Salempur,Salempur(71),RAMASHANKAR RAJBHAR,SAMAJWADI PARTY,won,405472
Salempur,Salempur(71),RAVINDAR KUSHAWAHA,BHARATIYA JANATA PARTY,lost,401899
Salempur,Salempur(71),BHIM RAJBHAR,BAHUJAN SAMAJ PARTY,lost,80599
Salempur,Salempur(71),JAIBAHADUR ALIAS JAIBAHADUR CHAUHAN,JANTA KRANTI PARTY (RASHTRAVADI),lost,8263
Salempur,Salempur(71),NOTA,NONE OF THE ABOVE,nan,7549
Salempur,Salempur(71),SHREENARAYAN MISHRA,AKHIL BHARTIYA SARVJAN HIT PARTY,lost,3892
Salempur,Salempur(71),SADDAM HUSSAIN,INDEPENDENT,lost,3215
Salempur,Salempur(71),SHRIKRISHNA,INDEPENDENT,lost,2532
Salempur,Salempur(71),AMRESH THAKUR,INDEPENDENT,lost,2156
Salempur,Salempur(71),SURYA PRAKASH GAUTAM,SARDAR PATEL SIDDHANT PARTY,lost,1785
Samastipur,Samastipur(23),SHAMBHAVI,LOK JANSHAKTI PARTY(RAM VILAS),won,579786
Samastipur,Samastipur(23),SUNNY HAZARI,INDIAN NATIONAL CONGRESS,lost,392535
Samastipur,Samastipur(23),NOTA,NONE OF THE ABOVE,nan,32668
Samastipur,Samastipur(23),SHASHI BHUSHAN DAS,INDEPENDENT,lost,25957
Samastipur,Samastipur(23),RAVI RAUSHAN KUMAR,INDEPENDENT,lost,16155
Samastipur,Samastipur(23),RAM LAKHAN MAHTO,BAHUJAN SAMAJ PARTY,lost,12732
Samastipur,Samastipur(23),PINKU PASWAN,RASHTRIYA JANSAMBHAVNA PARTY,lost,12437
Samastipur,Samastipur(23),MUKESH CHAUPAL,INDEPENDENT,lost,5579
Samastipur,Samastipur(23),JIBACHH KUMAR HAJARI,INDEPENDENT,lost,4694
Samastipur,Samastipur(23),RATAN BIHARI,DESH JANHIT PARTY,lost,3419
Samastipur,Samastipur(23),VIDYA NAND RAM,WAZIB ADHIKAR PARTY,lost,3112
Samastipur,Samastipur(23),AMRITA KUMARI,INDEPENDENT,lost,2852
Samastipur,Samastipur(23),LAL BABU MAHTO,SATHI AUR AAPKA FAISALA PARTY,lost,2666
Sambalpur,Sambalpur(3),DHARMENDRA PRADHAN,BHARATIYA JANATA PARTY,won,592162
Sambalpur,Sambalpur(3),PRANAB PRAKASH DAS,BIJU JANATA DAL,lost,472326
Sambalpur,Sambalpur(3),NAGENDRA KUMAR PRADHAN,INDIAN NATIONAL CONGRESS,lost,89113
Sambalpur,Sambalpur(3),NOTA,NONE OF THE ABOVE,nan,12483
Sambalpur,Sambalpur(3),SADANAND RANBIDA,BAHUJAN SAMAJ PARTY,lost,4795
Sambalpur,Sambalpur(3),SRIRAM PANDEY,INDEPENDENT,lost,4702
Sambalpur,Sambalpur(3),SHUSHIL KUMAR BABU,INDEPENDENT,lost,4303
Sambalpur,Sambalpur(3),GNYANENDRA BEHERA,INDEPENDENT,lost,3334
Sambalpur,Sambalpur(3),NABAKISHORE PRADHAN,SOCIALIST UNITY CENTRE OF INDIA (COMMUNIST),lost,3157
Sambalpur,Sambalpur(3),ATMA RAM SUPKAR,INDEPENDENT,lost,2059
Sambalpur,Sambalpur(3),PURUSHOTTAM PATRA,KOSAL JANATA DAL,lost,1735
Sambalpur,Sambalpur(3),RAKESH BAG,BHARATIYA NYAY-ADHIKAR RAKSHA PARTY,lost,1708
Sambalpur,Sambalpur(3),SUBASH MOHAPATRA,NATIONAL JAN DAL,lost,1693
Sambalpur,Sambalpur(3),LAXMAN KUMAR BHOI,PASCHIMANCHAL VIKAS PARTY,lost,1682
Sambalpur,Sambalpur(3),KHAGESWAR BEHERA,RASHTRIYA MANAV PARTY,lost,1495
Sambhal,Sambhal(8),ZIA UR REHMAN,SAMAJWADI PARTY,won,571161
Sambhal,Sambhal(8),PARMESHWAR LAL SAINI,BHARATIYA JANATA PARTY,lost,449667
Sambhal,Sambhal(8),CHAUDHARY SAULAT ALI,BAHUJAN SAMAJ PARTY,lost,152460
Sambhal,Sambhal(8),NOTA,NONE OF THE ABOVE,nan,7217
Sambhal,Sambhal(8),WASEEM SO MOH SHAMIM,INDEPENDENT,lost,3864
Sambhal,Sambhal(8),MOHD WASEEM SO MOHD FAREED,INDEPENDENT,lost,2077
Sambhal,Sambhal(8),JAYGAMUL ISLAM,JANTA SHASHAN PARTY,lost,1942
Sambhal,Sambhal(8),ANUJ VARSHNEY,INDEPENDENT,lost,1677
Sambhal,Sambhal(8),MAHANDRA SINGH,INDEPENDENT,lost,1294
Sambhal,Sambhal(8),SANTOSH,KISAN KRANTI DAL,lost,1204
Sambhal,Sambhal(8),DR RASHID,PEACE PARTY,lost,1060
Sambhal,Sambhal(8),TAUFIK AHAMAD,INDEPENDENT,lost,723
Sambhal,Sambhal(8),PAVAN KUMAR,LOG PARTY,lost,637
Sangli,Sangli(44),VISHAL (DADA) PRAKASHBAPU PATIL,INDEPENDENT,won,571666
Sangli,Sangli(44),SANJAY (KAKA) PATIL,BHARATIYA JANATA PARTY,lost,471613
Sangli,Sangli(44),CHANDRAHAR SUBHASH PATIL,SHIV SENA (UDDHAV BALASAHEB THACKREY),lost,60860
Sangli,Sangli(44),ALLAUDDIN HAYATCHAND KAZI,INDEPENDENT,lost,9282
Sangli,Sangli(44),PRAKASH SHIVAJIRAO SHENDGE,INDEPENDENT,lost,8251
Sangli,Sangli(44),NOTA,NONE OF THE ABOVE,nan,6565
Sangli,Sangli(44),PANDURANG RAOSAHEB BHOSALE,BHARATHEEYA JAWAN KISAN PARTY,lost,5565
Sangli,Sangli(44),TIPUSULATAN SIKANDAR PATAVEGAR,BAHUJAN SAMAJ PARTY,lost,5560
Sangli,Sangli(44),MAHESH YASHWANT KHARADE,SWABHIMANI PAKSHA,lost,5521
Sangli,Sangli(44),RAVINDRA CHANDAR SOLANKAR,INDEPENDENT,lost,3658
Sangli,Sangli(44),ANAND SHANKAR NALAGE,BALIRAJA PARTY,lost,3540
Sangli,Sangli(44),SHASHIKANT GAUTAM DESHMUKH,INDEPENDENT,lost,3155
Sangli,Sangli(44),SATISH LALITA KRISHNA KADAM,HINDUSTAN JANTA PARTY,lost,2859
Sangli,Sangli(44),SUWARNATAI SUDHAKAR GAYAKWAD,INDEPENDENT,lost,1937
Sangli,Sangli(44),DATTATRAY PANDIT PATIL,INDEPENDENT,lost,1469
Sangli,Sangli(44),TOUHID ILAHI MOMIN,INDEPENDENT,lost,1460
Sangli,Sangli(44),AJIT DHANAJI KHANDARE,INDEPENDENT,lost,1398
Sangli,Sangli(44),BANDAGAR NANASO BALASO,INDEPENDENT,lost,1300
Sangli,Sangli(44),JALINDAR MACHINDRA THOMAKE,INDEPENDENT,lost,1260
Sangli,Sangli(44),SANGRAM RAJARAM MORE,INDEPENDENT,lost,1011
Sangli,Sangli(44),DR AKASH VHATKAR,INDEPENDENT,lost,814
Sangrur,Sangrur(12),GURMEET SINGH MEET HAYER,AAM AADMI PARTY,won,364085
Sangrur,Sangrur(12),SUKHPAL SINGH KHAIRA,INDIAN NATIONAL CONGRESS,lost,191525
Sangrur,Sangrur(12),SIMRANJIT SINGH MANN,SHIROMANI AKALI DAL (AMRITSAR)(SIMRANJIT SINGH MANN),lost,187246
Sangrur,Sangrur(12),ARVIND KHANNA,BHARATIYA JANATA PARTY,lost,128253
Sangrur,Sangrur(12),IQBAL SINGH JHUNDAN,SHIROMANI AKALI DAL,lost,62488
Sangrur,Sangrur(12),MAKHAN SINGH,BAHUJAN SAMAJ PARTY,lost,37731
Sangrur,Sangrur(12),PARDEEP KUMAR,APNI EKTA PARTY,lost,5139
Sangrur,Sangrur(12),NOTA,NONE OF THE ABOVE,nan,3820
Sangrur,Sangrur(12),HARBHAJAN SINGH,AAZAD SAMAJ PARTY (KANSHI RAM),lost,3431
Sangrur,Sangrur(12),SUKHWINDER SINGH,INDEPENDENT,lost,3225
Sangrur,Sangrur(12),BALWINDER SINGH SEKHON,INDEPENDENT,lost,2572
Sangrur,Sangrur(12),BALWINDER SINGH,INDEPENDENT,lost,2288
Sangrur,Sangrur(12),JASWANT SINGH,INDEPENDENT,lost,2224
Sangrur,Sangrur(12),PAPPU KUMAR,INDEPENDENT,lost,1827
Sangrur,Sangrur(12),KRISHAN DEV,PUNJAB NATIONAL PARTY,lost,1815
Sangrur,Sangrur(12),AMANPREET SINGH,INDEPENDENT,lost,1693
Sangrur,Sangrur(12),RANGI KHAN,AAM JANTA PARTY (INDIA),lost,1581
Sangrur,Sangrur(12),JILE SINGH,BHARTIYA JAN SAMMAN PARTY,lost,1548
Sangrur,Sangrur(12),KAMAL KUMAR VERMA (BHASAUR),"ADARSH JANTA PARTY,",lost,1376
Sangrur,Sangrur(12),CHANNVEER SINGH,INDEPENDENT,lost,1283
Sangrur,Sangrur(12),JAGTAR SINGH,NATIONALIST JUSTICE PARTY,lost,1225
Sangrur,Sangrur(12),VIJAY SYAL,INDEPENDENT,lost,1145
Sangrur,Sangrur(12),HARPREET KAUR,INDIA GREENS PARTY,lost,1105
Sangrur,Sangrur(12),RAJA SINGH,INDEPENDENT,lost,1040
Sant Kabir Nagar,Sant Kabir Nagar(62),LAXMIKANT PAPPU NISHAD,SAMAJWADI PARTY,won,498695
Sant Kabir Nagar,Sant Kabir Nagar(62),PRAVIN KUMAR NISHAD,BHARATIYA JANATA PARTY,lost,406525
Sant Kabir Nagar,Sant Kabir Nagar(62),NADEEM ASHRAF,BAHUJAN SAMAJ PARTY,lost,150812
Sant Kabir Nagar,Sant Kabir Nagar(62),NOTA,NONE OF THE ABOVE,nan,9227
Sant Kabir Nagar,Sant Kabir Nagar(62),DHEERAJ SRIVASTAV,PRAGATISHEEL SAMAJ PARTY,lost,5140
Sant Kabir Nagar,Sant Kabir Nagar(62),RAM KRISHNA DWIVEDI,INDEPENDENT,lost,4509
Sant Kabir Nagar,Sant Kabir Nagar(62),SATYVANT PRATAP SINGH,INDEPENDENT,lost,4358
Sant Kabir Nagar,Sant Kabir Nagar(62),KULDEEP,SARDAR PATEL SIDDHANT PARTY,lost,3595
Sant Kabir Nagar,Sant Kabir Nagar(62),MITRASEN,INDEPENDENT,lost,2544
Sant Kabir Nagar,Sant Kabir Nagar(62),RAJENDRA YADAV URF COLONEL SAHAB,SARVJAN AWAZ PARTY,lost,2239
Sant Kabir Nagar,Sant Kabir Nagar(62),ANAND KUMAR GAUTAM,INDEPENDENT,lost,1850
Sant Kabir Nagar,Sant Kabir Nagar(62),SUBHASH CHANDRA DUBEY,NAKI BHARATIYA EKTA PARTY,lost,1708
Saran,Saran(20),RAJIV PRATAP RUDY,BHARATIYA JANATA PARTY,won,471752
Saran,Saran(20),ROHINI ACHARYA,RASHTRIYA JANATA DAL,lost,458091
Saran,Saran(20),LAXAMAN PRAO YADAV,INDEPENDENT,lost,22043
Saran,Saran(20),SHAK NAUSHAD,INDEPENDENT,lost,16103
Saran,Saran(20),AVINASH KUMAR,BAHUJAN SAMAJ PARTY,lost,14770
Saran,Saran(20),NOTA,NONE OF THE ABOVE,nan,11417
Saran,Saran(20),RAGHWENDRA PRATAP SINGH,INDEPENDENT,lost,5167
Saran,Saran(20),GAJENDRA PRASAD CHAURSIYA,JANHIT KISAN PARTY,lost,5030
Saran,Saran(20),SHATRUDHAN TIWARY,BHARTIYA SARTHAK PARTY,lost,3687
Saran,Saran(20),MOHAMAD SALIM,INDEPENDENT,lost,3151
Saran,Saran(20),ARTI KUMARI,INDEPENDENT,lost,3023
Saran,Saran(20),PRABHAT KUMAR,INDEPENDENT,lost,2306
Saran,Saran(20),BARUN KUMAR DAS,GANA SURAKSHA PARTY,lost,1775
Saran,Saran(20),GYANI KUMAR SHARMA,BHARATIYA EKTA DAL,lost,1704
Saran,Saran(20),RAJESH KUSHWAHA,BHARTIYA LOK CHETNA PARTY,lost,1489
Sasaram,Sasaram(34),MANOJ KUMAR,INDIAN NATIONAL CONGRESS,won,513004
Sasaram,Sasaram(34),SHIVESH KUMAR,BHARATIYA JANATA PARTY,lost,493847
Sasaram,Sasaram(34),SANTOSH KUMAR,BAHUJAN SAMAJ PARTY,lost,45598
Sasaram,Sasaram(34),NOTA,NONE OF THE ABOVE,nan,17219
Sasaram,Sasaram(34),SHIV SHANKAR RAM,INDEPENDENT,lost,8019
Sasaram,Sasaram(34),SANTOSH KUMAR KHARWAR,BHARTIYA GANDHIWADI PARTY,lost,4822
Sasaram,Sasaram(34),BANARSI DAS,PEOPLES PARTY OF INDIA (DEMOCRATIC),lost,4498
Sasaram,Sasaram(34),AMIT KUMAR AMBEDKAR,BAHUJAN MUKTI PARTY,lost,2834
Sasaram,Sasaram(34),PUNAM DEVI,JANTANTRA AWAJ PARTY,lost,2654
Sasaram,Sasaram(34),UJARAN MUSAHAR,JAN JANWADI PARTY,lost,2620
Sasaram,Sasaram(34),NANDLAL RAM,RASHTRIYA SAMAJ PAKSHA,lost,1960
Satara,Satara(45),SHRIMANT CHH UDAYANRAJE PRATAPSINHAMAHARAJ BHONSLE,BHARATIYA JANATA PARTY,won,571134
Satara,Satara(45),SHASHIKANT JAYVANTRAO SHINDE,NATIONALIST CONGRESS PARTY – SHARADCHANDRA PAWAR,lost,538363
Satara,Satara(45),GADE SANJAY KONDIBA,INDEPENDENT,lost,37062
Satara,Satara(45),KADAM PRASHANT RAGHUNATH,VANCHIT BAHUJAN AAGHADI,lost,11912
Satara,Satara(45),ANAND RAMESH THORWADE,BAHUJAN SAMAJ PARTY,lost,6485
Satara,Satara(45),NOTA,NONE OF THE ABOVE,nan,5522
Satara,Satara(45),KORDE SURESHRAO DINKAR,INDEPENDENT,lost,4712
Satara,Satara(45),MARUTI DHONDIRAM JANKAR,INDEPENDENT,lost,3951
Satara,Satara(45),SEEMA SUNIL POTDAR,INDEPENDENT,lost,3458
Satara,Satara(45),VISHWAJIT PATIL UNDALKAR,INDEPENDENT,lost,3438
Satara,Satara(45),NIVRUTTI KERU SHINDE,INDEPENDENT,lost,2674
Satara,Satara(45),SAYAJI GANPAT WAGHMARE,BAHUJAN REPUBLICAN SOCIALIST PARTY,lost,2501
Satara,Satara(45),SACHIN SUBHASH MAHAJAN,INDEPENDENT,lost,2015
Satara,Satara(45),DR ABHIJEET WAMANRAO AWADE BICHUKALE,INDEPENDENT,lost,1395
Satara,Satara(45),TUSHAR VIJAY MOTLING,BAHUJAN MUKTI PARTY,lost,1301
Satara,Satara(45),PRATIBHA SHELAR,INDEPENDENT,lost,1123
Satara,Satara(45),BAGAL SADASHIV SAHEBRAO,INDEPENDENT,lost,958
Secunderabad,Secunderabad(8),G. KISHAN REDDY,BHARATIYA JANATA PARTY,won,473012
Secunderabad,Secunderabad(8),DANAM NAGENDER,INDIAN NATIONAL CONGRESS,lost,423068
Secunderabad,Secunderabad(8),PADMA RAO . T,BHARAT RASHTRA SAMITHI,lost,129586
Secunderabad,Secunderabad(8),NOTA,NONE OF THE ABOVE,nan,5166
Secunderabad,Secunderabad(8),DR. BASWANANDAM DANDEPU,BAHUJAN SAMAJ PARTY,lost,2268
Secunderabad,Secunderabad(8),SARARAPU SRISAILAM,TELANGANA RAJYA SAMITHI,lost,1727
Secunderabad,Secunderabad(8),SAPAVAT SUMAN,INDEPENDENT,lost,996
Secunderabad,Secunderabad(8),R.S.J. THOMAS,JAI SWARAJ PARTY,lost,974
Secunderabad,Secunderabad(8),RAASALA VINOD KUMAR,DHARMA SAMAJ PARTY,lost,826
Secunderabad,Secunderabad(8),KOLISETTY SHIVA KUMAR,YUGA THULASI PARTY,lost,679
Secunderabad,Secunderabad(8),MACHCHERLA VENKATA REDDY,INDEPENDENT,lost,673
Secunderabad,Secunderabad(8),MOHAMMED AKRAM ALI KHAN,INDEPENDENT,lost,597
Secunderabad,Secunderabad(8),MOHAMMED RAFIUDDIN KALEEM,ALL INDIA MAJLIS-E-INQUILAB-E-MILLAT,lost,484
Secunderabad,Secunderabad(8),LUNAVATH HARI RAM,INDEPENDENT,lost,474
Secunderabad,Secunderabad(8),BOGGULA SUNIITHHA,INDEPENDENT,lost,418
Secunderabad,Secunderabad(8),MOHAMMED AYUB ALI,ANNA YSR CONGRESS PARTY,lost,410
Secunderabad,Secunderabad(8),MOHAMMED FASI UDDIN,INDEPENDENT,lost,342
Secunderabad,Secunderabad(8),PULIMAMIDI VENKATESH GUPTA,INDEPENDENT,lost,340
Secunderabad,Secunderabad(8),IBRAHIM KHAN,INDEPENDENT,lost,320
Secunderabad,Secunderabad(8),ANDRAPU SUDARSHAN,INDEPENDENT,lost,315
Secunderabad,Secunderabad(8),JUNAID ANAM SIDDIQUI,INDEPENDENT,lost,295
Secunderabad,Secunderabad(8),KRANTHI KUMAR BANDELA,INDIAN NATIONAL YUVA JANA PARTY,lost,285
Secunderabad,Secunderabad(8),DR. R. GANGADHAR,SOCIALIST UNITY CENTRE OF INDIA (COMMUNIST),lost,281
Secunderabad,Secunderabad(8),UTTAM PRAVEEN KUMAR,INDEPENDENT,lost,274
Secunderabad,Secunderabad(8),GOWLIKAR SONY,SOCIAL JUSTICE PARTY OF INDIA,lost,272
Secunderabad,Secunderabad(8),BATHULA RAVI,INDEPENDENT,lost,252
Secunderabad,Secunderabad(8),P C LINGANNA,INDEPENDENT,lost,243
Secunderabad,Secunderabad(8),MOHAMMED IBRAHIM AHMED,INDEPENDENT,lost,242
Secunderabad,Secunderabad(8),SANGALA FLORY,INDEPENDENT,lost,223
Secunderabad,Secunderabad(8),GANESH BHARGAVI GUNDE,JAI BHARAT NATIONAL PARTY,lost,223
Secunderabad,Secunderabad(8),MOHAMMED ABDUL AZEEM,INDEPENDENT,lost,221
Secunderabad,Secunderabad(8),V. K. VIJAYA LAKSHMI,INDEPENDENT,lost,216
Secunderabad,Secunderabad(8),CHEEKATI BHUPAL GOUD,ALL INDIA BACKWARD PEOPLE SUNAMI PARTY,lost,210
Secunderabad,Secunderabad(8),BOMMAKANTI SOWMYA,PYRAMID PARTY OF INDIA,lost,205
Secunderabad,Secunderabad(8),KRUPAVARAM GANDU,INDEPENDENT,lost,161
Secunderabad,Secunderabad(8),PAMPARI NARENDER,INDEPENDENT,lost,143
Secunderabad,Secunderabad(8),B . SUNITHA RANI,SOCIALIST PARTY (INDIA),lost,133
Secunderabad,Secunderabad(8),SYED KHADER,INDEPENDENT,lost,133
Secunderabad,Secunderabad(8),PAGIDIPALLI SHYAMSON,VIDUTHALAI CHIRUTHAIGAL KATCHI,lost,130
Secunderabad,Secunderabad(8),CHALIKA CHANDRA SEKHAR,INDEPENDENT,lost,129
Secunderabad,Secunderabad(8),REDDYMALLA PARVATHI,INDEPENDENT,lost,127
Secunderabad,Secunderabad(8),VELAMARTHI. RAVI KIRAN,INDEPENDENT,lost,124
Secunderabad,Secunderabad(8),K. MURALI KRISHNA,INDEPENDENT,lost,120
Secunderabad,Secunderabad(8),DEVENDAR KONNE,INDEPENDENT,lost,117
Secunderabad,Secunderabad(8),KONDOJU MOHAN,INDEPENDENT,lost,114
Secunderabad,Secunderabad(8),MD KHALEEL UZ ZAMA,INDEPENDENT,lost,111
Shahjahanpur,Shahjahanpur(27),ARUN KUMAR SAGAR,BHARATIYA JANATA PARTY,won,592718
Shahjahanpur,Shahjahanpur(27),JYOTSNA GOND,SAMAJWADI PARTY,lost,537339
Shahjahanpur,Shahjahanpur(27),DOD RAM VERMA,BAHUJAN SAMAJ PARTY,lost,91710
Shahjahanpur,Shahjahanpur(27),NOTA,NONE OF THE ABOVE,nan,8490
Shahjahanpur,Shahjahanpur(27),KIRAN,RASHTRIYA SANATAN PARTY,lost,6588
Shahjahanpur,Shahjahanpur(27),SHIV KUMAR,INDEPENDENT,lost,2805
Shahjahanpur,Shahjahanpur(27),MEENA KASYAP,INDEPENDENT,lost,2061
Shahjahanpur,Shahjahanpur(27),PRADEEP KUMAR,INDEPENDENT,lost,2005
Shahjahanpur,Shahjahanpur(27),PREMCHANDRA HARIJAN,SARDAR PATEL SIDDHANT PARTY,lost,1687
Shahjahanpur,Shahjahanpur(27),DHARM PAL,INDEPENDENT,lost,1423
Shahjahanpur,Shahjahanpur(27),RAMESH CHANDRA VERMA,MANAV KRANTI PARTY,lost,1076
Sheohar,Sheohar(4),LOVELY ANAND,JANATA DAL (UNITED),won,476612
Sheohar,Sheohar(4),RITU JAISWAL,RASHTRIYA JANATA DAL,lost,447469
Sheohar,Sheohar(4),NOTA,NONE OF THE ABOVE,nan,30168
Sheohar,Sheohar(4),AKHILESHWAR SHRIVAISHANV,INDEPENDENT,lost,29094
Sheohar,Sheohar(4),KANHAIYA KUMAR,INDEPENDENT,lost,20592
Sheohar,Sheohar(4),RANA RANJIT,ALL INDIA MAJLIS-E-ITTEHADUL MUSLIMEEN,lost,11979
Sheohar,Sheohar(4),SUDHIR KUMAR SINGH,VIRO KE VIR INDIAN PARTY,lost,9102
Sheohar,Sheohar(4),VIJENDRA THAKUR,BAHUJAN SAMAJ PARTY,lost,8888
Sheohar,Sheohar(4),UPENDRA SAHANI,RASHTRIYA JANSAMBHAVNA PARTY,lost,6338
Sheohar,Sheohar(4),MAMTA KUMARI,SAMATA PARTY,lost,5435
Sheohar,Sheohar(4),MOHAMMAD MAHTAB ALAM,SAMAJ SHAKTI PARTY,lost,4871
Sheohar,Sheohar(4),JAGDISH PRASAD,BAJJIKANCHAL VIKAS PARTY,lost,2955
Sheohar,Sheohar(4),DILIP KUMAR MISHRA,PRABAL BHARAT PARTY,lost,2099
Shillong,Shillong(1),DR. RICKY ANDREW J. SYNGKON,VOICE OF THE PEOPLE PARTY,won,571078
Shillong,Shillong(1),VINCENT H. PALA,INDIAN NATIONAL CONGRESS,lost,199168
Shillong,Shillong(1),DR. MAZEL AMPAREEN LYNGDOH,NATIONAL PEOPLE'S PARTY,lost,186488
Shillong,Shillong(1),ROBERTJUNE KHARJAHRIN,UNITED DEMOCRATIC PARTY,lost,44563
Shillong,Shillong(1),PROF. LAKHON KMA,INDEPENDENT,lost,18582
Shillong,Shillong(1),NOTA,NONE OF THE ABOVE,nan,11008
Shillong,Shillong(1),PETER SHALLAM,INDEPENDENT,lost,7024
Shimoga,Shimoga(14),B.Y.RAGHAVENDRA,BHARATIYA JANATA PARTY,won,778721
Shimoga,Shimoga(14),GEETHA SHIVARAJKUMAR,INDIAN NATIONAL CONGRESS,lost,535006
Shimoga,Shimoga(14),K. S. ESHWARAPPA,INDEPENDENT,lost,30050
Shimoga,Shimoga(14),BANDI,INDEPENDENT,lost,7266
Shimoga,Shimoga(14),RAVIKUMARA N.,INDEPENDENT,lost,4552
Shimoga,Shimoga(14),NOTA,NONE OF THE ABOVE,nan,4332
Shimoga,Shimoga(14),POOJA N. ANNAIAH,INDEPENDENT,lost,3457
Shimoga,Shimoga(14),A.D. SHIVAPPA,BAHUJAN SAMAJ PARTY,lost,2779
Shimoga,Shimoga(14),N. V. NAVEEN KUMAR,INDEPENDENT,lost,1993
Shimoga,Shimoga(14),ARUNA KANAHALLI,UTTAMA PRAJAAKEEYA PARTY,lost,1478
Shimoga,Shimoga(14),E.H. NAYAK,INDEPENDENT,lost,954
Shimoga,Shimoga(14),JOHN BENNY,INDEPENDENT,lost,867
Shimoga,Shimoga(14),GANESH. B (BELLI),INDEPENDENT,lost,747
Shimoga,Shimoga(14),D.S. ESHWARAPPA,INDEPENDENT,lost,695
Shimoga,Shimoga(14),KUNAJE MANJUNATHA GOWDA,INDEPENDENT,lost,683
Shimoga,Shimoga(14),S.K PRABHU,KARNATAKA RASHTRA SAMITHI,lost,617
Shimoga,Shimoga(14),SHIVARUDRAIAH SWAMY,INDEPENDENT,lost,599
Shimoga,Shimoga(14),IMTIYAZ A. ATTAR,INDEPENDENT,lost,442
Shimoga,Shimoga(14),MOHAMMED YUSUF KHAN,YOUNG STAR EMPOWERMENT PARTY,lost,404
Shimoga,Shimoga(14),G. JAYADEVA,INDEPENDENT,lost,368
Shimoga,Shimoga(14),CHANDRASHEKAR. H C,INDEPENDENT,lost,357
Shimoga,Shimoga(14),P. SRIPATHI. BHAT,INDEPENDENT,lost,344
Shimoga,Shimoga(14),SANDESH SHETTY. A,INDEPENDENT,lost,293
Shimoga,Shimoga(14),H SURESH POOJARI,INDEPENDENT,lost,220
Shirdi,Shirdi (38),BHAUSAHEB RAJARAM WAKCHAURE,SHIV SENA (UDDHAV BALASAHEB THACKREY),won,476900
Shirdi,Shirdi (38),LOKHANDE SADASHIV KISAN,SHIV SENA,lost,426371
Shirdi,Shirdi (38),UTKARSHA PREMANAND RUPWATE,VANCHIT BAHUJAN AAGHADI,lost,90929
Shirdi,Shirdi (38),BHAUSAHEB RAMNATH WAKCHAURE,INDEPENDENT,lost,14006
Shirdi,Shirdi (38),RAMCHANDRA NAMDEV JADHAV,BAHUJAN SAMAJ PARTY,lost,7040
Shirdi,Shirdi (38),RAVINDRA KALLAYYA SWAMY,INDEPENDENT,lost,5537
Shirdi,Shirdi (38),NOTA,NONE OF THE ABOVE,nan,5380
Shirdi,Shirdi (38),ABHIJEET ASHOKRAO POTE,INDEPENDENT,lost,4776
Shirdi,Shirdi (38),BHARAT SAMBHAJI BHOSLE,SAMATA PARTY,lost,3403
Shirdi,Shirdi (38),SATISH BHIVA PAWAR,INDEPENDENT,lost,2771
Shirdi,Shirdi (38),GANGADHAR RAJARAM KADAM,INDEPENDENT,lost,2757
Shirdi,Shirdi (38),BAGUL GORAKSHA TANHAJI,INDEPENDENT,lost,2660
Shirdi,Shirdi (38),PRASHANT VASANT NIKAM,INDEPENDENT,lost,2545
Shirdi,Shirdi (38),ADV NITIN DADAHARI POL,BAHUJAN BHARAT PARTY,lost,2532
Shirdi,Shirdi (38),RAJENDRA RATNAKAR WAGHMARE,RASHTRIYA JANKRANTI PARTY,lost,2505
Shirdi,Shirdi (38),ADV SIDHARTH DEEPAK BODHAK,INDEPENDENT,lost,2204
Shirdi,Shirdi (38),CHANDRAKANT SAMBHAJI DONDE,INDEPENDENT,lost,2080
Shirdi,Shirdi (38),ASHOK RAMCHANDRA ALHAT,INDEPENDENT,lost,1798
Shirdi,Shirdi (38),KHAJEKAR VIJAYRAO GOVINDRAO,INDEPENDENT,lost,1557
Shirdi,Shirdi (38),KHARAT NACHIKET RAGHUNATH,INDEPENDENT,lost,1150
Shirdi,Shirdi (38),SANJAY POPAT BHALERAO,INDEPENDENT,lost,963
Shirur,Shirur(36),DR. AMOL RAMSING KOLHE,NATIONALIST CONGRESS PARTY – SHARADCHANDRA PAWAR,won,698692
Shirur,Shirur(36),ADHALRAO SHIVAJI DATTATREY,NATIONALIST CONGRESS PARTY,lost,557741
Shirur,Shirur(36),MANOHAR MAHADU WADEKAR,INDEPENDENT,lost,28330
Shirur,Shirur(36),DR. ANWAR SHAIKH,VANCHIT BAHUJAN AAGHADI,lost,17462
Shirur,Shirur(36),RAHUL RAGHUNATH OWHAL,BAHUJAN SAMAJ PARTY,lost,10295
Shirur,Shirur(36),NOTA,NONE OF THE ABOVE,nan,9661
Shirur,Shirur(36),CHANDGUDE VINOD VASANT,INDEPENDENT,lost,8078
Shirur,Shirur(36),GORAKSH KASABE,INDEPENDENT,lost,4915
Shirur,Shirur(36),ADV. DR. LAXMAN RAMBHAU DAMSE,BHARAT ADIVASI PARTY,lost,4136
Shirur,Shirur(36),GAIKWAD NILOBA CHANGADEO,INDEPENDENT,lost,3571
Shirur,Shirur(36),UMESH MAHADEV MHETRE,INDEPENDENT,lost,3499
Shirur,Shirur(36),ADV.SWAPNIL BHAUSAHEB SHELAR,INDEPENDENT,lost,2667
Shirur,Shirur(36),AMOL VILAS PACHUNDKAR,INDEPENDENT,lost,2388
Shirur,Shirur(36),ASLAM ISAK BAGWAN,LOK SENA PARTY,lost,2350
Shirur,Shirur(36),KAMBLE TRIMBAK NARAYAN,BALIRAJA PARTY,lost,2227
Shirur,Shirur(36),SUBASH KASHINATH SARODE,INDEPENDENT,lost,2161
Shirur,Shirur(36),CHAAYA SANJAY JAGDALE-SOLANKE,INDEPENDENT,lost,1830
Shirur,Shirur(36),SUSHIL DNYANDEV KANSE,INDEPENDENT,lost,1732
Shirur,Shirur(36),NARAYAN PRABHAKAR ANKUSHE,BHARATHEEYA JAWAN KISAN PARTY,lost,1284
Shirur,Shirur(36),BHOR VIKAS ROHIDAS,INDEPENDENT,lost,1147
Shirur,Shirur(36),DADA ALIAS VIKAS SURESH KASBE,INDEPENDENT,lost,1106
Shirur,Shirur(36),SURAJ CHANDRAKANT GAIKWAD,INDEPENDENT,lost,938
Shirur,Shirur(36),SWAPNIL DHANAJI LONDHE,BHIM SENA,lost,914
Shirur,Shirur(36),AMAR MACHINDRA BORHADE,INDEPENDENT,lost,888
Shirur,Shirur(36),TUKARAM NAMDEO DAPHAL,SAINIK SAMAJ PARTY,lost,882
Shirur,Shirur(36),RAVINDRA MOTIRAM SIRSAM,INDEPENDENT,lost,870
Shirur,Shirur(36),PANDURANG BHAGWAN WAGHOLE,INDEPENDENT,lost,819
Shirur,Shirur(36),SANJAY LAXMAN PADWAL,BHARTIYA NAVJAWAN SENA (PAKSHA),lost,784
Shirur,Shirur(36),HARIDAS CHANDAR BHISE,BHARATIYA LOKVIKAS PARTY,lost,723
Shirur,Shirur(36),SALIM BABA SAYYAD,INDEPENDENT,lost,671
Shirur,Shirur(36),PRAKASH SUKHADEO JAMDHADE,INDEPENDENT,lost,603
Shirur,Shirur(36),WAKHARE PRADIP PANDURANG,INDEPENDENT,lost,574
Shirur,Shirur(36),RAHUL ARJUN HORE,INDEPENDENT,lost,526
Shrawasti,Shrawasti(58),RAM SHIROMANI VERMA,SAMAJWADI PARTY,won,511055
Shrawasti,Shrawasti(58),SAKET MISRA,BHARATIYA JANATA PARTY,lost,434382
Shrawasti,Shrawasti(58),MUINUDDIN AHAMAD KHAN URF HAZI DADDAN KHAN,BAHUJAN SAMAJ PARTY,lost,56251
Shrawasti,Shrawasti(58),AHMAD JIYA KHAN,PEACE PARTY,lost,15630
Shrawasti,Shrawasti(58),NOTA,NONE OF THE ABOVE,nan,9872
Shrawasti,Shrawasti(58),SHANTI DEVI,INDEPENDENT,lost,4011
Shrawasti,Shrawasti(58),SUJEET KUMAR,INDEPENDENT,lost,3946
Shrawasti,Shrawasti(58),YUGAL KISHOR SHUKLA,AAM JANTA PARTY (INDIA),lost,2673
Shrawasti,Shrawasti(58),KRISHNA KUMAR MAURYA,SAMYAK PARTY,lost,2267
Shrawasti,Shrawasti(58),MALIK RAM,INDEPENDENT,lost,2113
Shrawasti,Shrawasti(58),ANIL KUMAR TIWARI,INDEPENDENT,lost,1514
Shrawasti,Shrawasti(58),HANUMAN PRASAD MISHRA,KISAN MAZDOOR SANGHARSH PARTY,lost,1495
Shrawasti,Shrawasti(58),KUMARI GEETA GAUTAM,RASHTRIYA JANTA PARTY,lost,1319
Sikkim,Sikkim(1),INDRA HANG SUBBA,SIKKIM KRANTIKARI MORCHA,won,164396
Sikkim,Sikkim(1),BHARAT BASNETT,CITIZEN ACTION PARTY-SIKKIM,lost,83566
Sikkim,Sikkim(1),PREM DAS RAI,SIKKIM DEMOCRATIC FRONT,lost,77171
Sikkim,Sikkim(1),LATEN TSHERING SHERPA,INDEPENDENT,lost,21263
Sikkim,Sikkim(1),DINESH CHANDRA NEPAL,BHARATIYA JANATA PARTY,lost,19035
Sikkim,Sikkim(1),KHARGA BHADUR RAI,SIKKIM REPUBLICAN PARTY,lost,4799
Sikkim,Sikkim(1),SAMBHU CHETTRI,INDEPENDENT,lost,4690
Sikkim,Sikkim(1),NOTA,NONE OF THE ABOVE,nan,2527
Sikkim,Sikkim(1),GOPAL CHETTRI,INDIAN NATIONAL CONGRESS,lost,2241
Sikkim,Sikkim(1),NAWIN KIRAN PRADHAN,INDEPENDENT,lost,1166
Sikkim,Sikkim(1),BEENA RAI,INDEPENDENT,lost,1125
Sikkim,Sikkim(1),RAVI CHANDRA RAI,INDEPENDENT,lost,1123
Sikkim,Sikkim(1),SHYAMAL PAL,INDEPENDENT,lost,740
Sikkim,Sikkim(1),MADHUKAR DHAKAL,INDEPENDENT,lost,532
Sikkim,Sikkim(1),RUDRA MANI PRADHAN,INDEPENDENT,lost,519
Silchar,Silchar (8),PARIMAL SUKLABAIDYA,BHARATIYA JANATA PARTY,won,652405
Silchar,Silchar (8),SURYA KANTA SARKAR,INDIAN NATIONAL CONGRESS,lost,388094
Silchar,Silchar (8),RADHESHYAM BISWAS,ALL INDIA TRINAMOOL CONGRESS,lost,20493
Silchar,Silchar (8),NOTA,NONE OF THE ABOVE,nan,12700
Silchar,Silchar (8),RAJU DAS,INDEPENDENT,lost,4597
Silchar,Silchar (8),PROBASH CHANDRA SARKAR,SOCIALIST UNITY CENTRE OF INDIA (COMMUNIST),lost,4534
Silchar,Silchar (8),ANANTA MOHAN ROY,INDEPENDENT,lost,3143
Silchar,Silchar (8),RAJIB DAS,BAHUJAN MAHA PARTY,lost,1867
Silchar,Silchar (8),BARINDRA KUMAR DAS,BANGALI NABANIRMAN SENA,lost,1593
Singhbhum,Singhbhum(10),JOBA MAJHI,JHARKHAND MUKTI MORCHA,won,520164
Singhbhum,Singhbhum(10),GEETA KORA,BHARATIYA JANATA PARTY,lost,351762
Singhbhum,Singhbhum(10),DAMODAR SINGH HANSDA,INDEPENDENT,lost,44292
Singhbhum,Singhbhum(10),NOTA,NONE OF THE ABOVE,nan,23982
Singhbhum,Singhbhum(10),MADHAV CHANDRA KUNKAL,INDEPENDENT,lost,19834
Singhbhum,Singhbhum(10),SANGRAM MARDI,INDEPENDENT,lost,16111
Singhbhum,Singhbhum(10),PARDESHI LAL MUNDA,BAHUJAN SAMAJ PARTY,lost,8742
Singhbhum,Singhbhum(10),DURGA LAL MURMU,INDEPENDENT,lost,4924
Singhbhum,Singhbhum(10),CHITRASEN SINKU,JHARKHAND PARTY,lost,3210
Singhbhum,Singhbhum(10),BISHWA VIJAY MARDI,AMBEDKARITE PARTY OF INDIA,lost,3070
Singhbhum,Singhbhum(10),ASHA KUMARI RUNDA,INDEPENDENT,lost,2754
Singhbhum,Singhbhum(10),KRISHNA MARDI,JHARKHAND MUKTI MORCHA (ULGULAN),lost,2615
Singhbhum,Singhbhum(10),SUDHA RANI BESRA,PEOPLES PARTY OF INDIA (DEMOCRATIC),lost,2409
Singhbhum,Singhbhum(10),BIR SINGH DEOGAM,RIGHT TO RECALL PARTY,lost,1927
Singhbhum,Singhbhum(10),PANMANI SINGH,SOCIALIST UNITY CENTRE OF INDIA (COMMUNIST),lost,1801
Sitamarhi,Sitamarhi(5),DEVESH CHANDRA THAKUR,JANATA DAL (UNITED),won,515719
Sitamarhi,Sitamarhi(5),ARJUN RAY,RASHTRIYA JANATA DAL,lost,464363
Sitamarhi,Sitamarhi(5),NOTA,NONE OF THE ABOVE,nan,32133
Sitamarhi,Sitamarhi(5),SAIQUA NAWAZ AZMAT,INDEPENDENT,lost,28912
Sitamarhi,Sitamarhi(5),SHYAM NANDAN KISHOR PRASAD,INDEPENDENT,lost,11188
Sitamarhi,Sitamarhi(5),BHOLA SINGH,BAHUJAN SAMAJ PARTY,lost,8810
Sitamarhi,Sitamarhi(5),UPENDRA SAHANI,RASHTRIYA JANSAMBHAVNA PARTY,lost,8454
Sitamarhi,Sitamarhi(5),CHANDRIKA PRASAD,INDEPENDENT,lost,7114
Sitamarhi,Sitamarhi(5),VINOD SAH,INDEPENDENT,lost,4481
Sitamarhi,Sitamarhi(5),KRISHNA KISHORE,INDEPENDENT,lost,3280
Sitamarhi,Sitamarhi(5),MUSHAHID RAZA,DESH JANHIT PARTY,lost,2192
Sitamarhi,Sitamarhi(5),UMESH KUMAR YADAV,INDEPENDENT,lost,2128
Sitamarhi,Sitamarhi(5),RAJENDRA MAHTO,KARPOORI JANTA DAL,lost,1981
Sitamarhi,Sitamarhi(5),ANAND KUMAR,INDEPENDENT,lost,1796
Sitamarhi,Sitamarhi(5),ABDUL SAMAD,INDEPENDENT,lost,1441
Sitapur,Sitapur(30),RAKESH RATHOR,INDIAN NATIONAL CONGRESS,won,531138
Sitapur,Sitapur(30),RAJESH VERMA,BHARATIYA JANATA PARTY,lost,441497
Sitapur,Sitapur(30),MAHENDRA SINGH YADAV,BAHUJAN SAMAJ PARTY,lost,99364
Sitapur,Sitapur(30),MO. KASHIF ANSARI,APNA DAL (KAMERAWADI),lost,7586
Sitapur,Sitapur(30),NOTA,NONE OF THE ABOVE,nan,6958
Sitapur,Sitapur(30),LEKHRAJ LODHI,AAZAD SAMAJ PARTY (KANSHI RAM),lost,6734
Sitapur,Sitapur(30),VIDYAWATI GAUTAM,INDEPENDENT,lost,4194
Sitapur,Sitapur(30),CHANDRA SHEKHAR VERMA,RASHTRIYA SHOSHIT SAMAJ PARTY,lost,2429
Sitapur,Sitapur(30),RAM ADHAR VERMA,SARDAR PATEL SIDDHANT PARTY,lost,2115
Siwan,Siwan(18),VIJAYLAKSHMI DEVI,JANATA DAL (UNITED),won,386508
Siwan,Siwan(18),HENA SHAHAB,INDEPENDENT,lost,293651
Siwan,Siwan(18),AWADH BIHARI CHOUDHARY,RASHTRIYA JANATA DAL,lost,198823
Siwan,Siwan(18),NOTA,NONE OF THE ABOVE,nan,26964
Siwan,Siwan(18),SATYENDRA KUSHWAHA,INDEPENDENT,lost,21565
Siwan,Siwan(18),JEEWAN KUMAR,INDEPENDENT,lost,18590
Siwan,Siwan(18),DILIP KU SINGH,BAHUJAN SAMAJ PARTY,lost,12112
Siwan,Siwan(18),SANJAY KUMAR SAH,BHARTIYA LOK NAYAK PARTY,lost,8879
Siwan,Siwan(18),DR. RAVINDRA NATH SHUKLA,INDEPENDENT,lost,8693
Siwan,Siwan(18),DEVKANT MISHRA,INDEPENDENT,lost,6181
Siwan,Siwan(18),PRAMOD KUMAR,INDEPENDENT,lost,5668
Siwan,Siwan(18),PRAKASH MANI TIWARI,INDEPENDENT,lost,4509
Siwan,Siwan(18),MAHENDRA SINGH ALIAS MAHENDRA RAI,INDEPENDENT,lost,3922
Siwan,Siwan(18),DILIP KUMAR SINGH,INDEPENDENT,lost,1953
Solapur,Solapur(42),PRANITI SUSHILKUMAR SHINDE,INDIAN NATIONAL CONGRESS,won,620225
Solapur,Solapur(42),RAM VITTHAL SATPUTE,BHARATIYA JANATA PARTY,lost,546028
Solapur,Solapur(42),AATISH MOHAN BANSODE,INDEPENDENT,lost,10507
Solapur,Solapur(42),BABLU SIDRAM GAIKWAD,BAHUJAN SAMAJ PARTY,lost,5268
Solapur,Solapur(42),SHRIVIDYADURGADEVI MAULAPPA KURANE,INDEPENDENT,lost,3493
Solapur,Solapur(42),RAMESH BHIMRAO SHIKHARE,INDEPENDENT,lost,3146
Solapur,Solapur(42),NOTA,NONE OF THE ABOVE,nan,2725
Solapur,Solapur(42),PROF DR ARJUN GENA OHOL,BAHUJAN MUKTI PARTY,lost,2654
Solapur,Solapur(42),BHANTENAAGAMURTI MOULAPPA KURANE,INDEPENDENT,lost,1554
Solapur,Solapur(42),SUNILKUMAR TUKARAM SHINDE,INDEPENDENT,lost,1480
Solapur,Solapur(42),YUGANDHAR CHANDRAKANT THOKALE,PEOPLES PARTY OF INDIA (DEMOCRATIC),lost,1125
Solapur,Solapur(42),PARMESHWAR PANDURANG GEJAGE,INDEPENDENT,lost,886
Solapur,Solapur(42),ADV VIKRAM UTTAM KASABE,INDEPENDENT,lost,846
Solapur,Solapur(42),UGHADE VIJAYKUMAR BHAGWAN,INDEPENDENT,lost,833
Solapur,Solapur(42),KUMAR CHANDRAKANT LONDHE,BALIRAJA PARTY,lost,679
Solapur,Solapur(42),KRISHNA NAGNATH BHISE,INDEPENDENT,lost,562
Solapur,Solapur(42),ANNA SUKHADEV MASKE,INDEPENDENT,lost,501
Solapur,Solapur(42),MAHASIDDHA TUKARAM GAYAKWAD,INDEPENDENT,lost,409
Solapur,Solapur(42),SUDARSHAN RAYCHAND KHANDARE,INDEPENDENT,lost,401
Solapur,Solapur(42),SONAVANE SHIVAJI CHANDRAKANT,INDEPENDENT,lost,394
Solapur,Solapur(42),SACHIN SHAHU MASKE,INDEPENDENT,lost,389
Solapur,Solapur(42),PROF. DR. SUBHASH KHANDERAO GAIKWAD,INDEPENDENT,lost,380
Sonitpur,Sonitpur(11),RANJIT DUTTA,BHARATIYA JANATA PARTY,won,775788
Sonitpur,Sonitpur(11),PREMLAL GANJU,INDIAN NATIONAL CONGRESS,lost,414380
Sonitpur,Sonitpur(11),RISHIRAJ KAUNDINYA,AAM AADMI PARTY,lost,33048
Sonitpur,Sonitpur(11),RAJU DEURI,BODOLAND PEOPLES FRONT,lost,19892
Sonitpur,Sonitpur(11),NOTA,NONE OF THE ABOVE,nan,18748
Sonitpur,Sonitpur(11),PRADIP BHANDARI,INDEPENDENT,lost,8205
Sonitpur,Sonitpur(11),KAMESWAR SWARGIARY,VOTERS PARTY INTERNATIONAL,lost,7382
Sonitpur,Sonitpur(11),RINKU ROY,GANA SURAKSHA PARTY,lost,6823
Sonitpur,Sonitpur(11),ALAM ALI,BAHUJAN MAHA PARTY,lost,4202
South Delhi,South Delhi(7),RAMVIR SINGH BIDHURI,BHARATIYA JANATA PARTY,won,692832
South Delhi,South Delhi(7),SAHI RAM,AAM AADMI PARTY,lost,568499
South Delhi,South Delhi(7),ABDUL BASIT,BAHUJAN SAMAJ PARTY,lost,9861
South Delhi,South Delhi(7),NOTA,NONE OF THE ABOVE,nan,5961
South Delhi,South Delhi(7),RAM GOPAL,HARYANA JANSENA PARTY,lost,3958
South Delhi,South Delhi(7),CHANDRASHEKHAR SINGH KUSHWAHA,INDEPENDENT,lost,1889
South Delhi,South Delhi(7),DEEPAK KAPILA,INDEPENDENT,lost,1500
South Delhi,South Delhi(7),OMAPRAKASH,SAMAJ VIKAS KRANTI PARTY,lost,1365
South Delhi,South Delhi(7),JAGDISH KUMAR VERMA,INDEPENDENT,lost,1296
South Delhi,South Delhi(7),LAKHAN SINGH,NAVARANG CONGRESS PARTY,lost,970
South Delhi,South Delhi(7),POONAM SRIVASTAVA,INDEPENDENT,lost,958
South Delhi,South Delhi(7),ARUN KUMAR,INDEPENDENT,lost,842
South Delhi,South Delhi(7),RINKI SANYAL,BHARATIYA SAMPURAN KRANTIKARI PARTY,lost,763
South Delhi,South Delhi(7),KAMLESH KUMAR JHA,INDEPENDENT,lost,714
South Delhi,South Delhi(7),SURJEET SINGH,DELHI JANTA PARTY,lost,638
South Delhi,South Delhi(7),BHIM SINGH,AMBEDKARITE PARTY OF INDIA,lost,602
South Delhi,South Delhi(7),SURINDER KUMAR,BHARATHEEYA JAWAN KISAN PARTY,lost,592
South Delhi,South Delhi(7),GAUTAM ANAND,ALL INDIA FORWARD BLOC,lost,540
South Delhi,South Delhi(7),SHANKAR DEY,INDEPENDENT,lost,522
South Delhi,South Delhi(7),BIHARI LAL JALANDHARI,INDIA GREENS PARTY,lost,514
South Delhi,South Delhi(7),NAVEEN KUMAR,HAMARA SAHI VIKALP PARTY,lost,476
South Delhi,South Delhi(7),VIRENDER,INDEPENDENT,lost,381
South Delhi,South Delhi(7),RAJAN SINGH,INDEPENDENT,lost,325
South Goa,South Goa(2),CAPTAIN VIRIATO FERNANDES,INDIAN NATIONAL CONGRESS,won,217836
South Goa,South Goa(2),PALLAVI SHRINIVAS DEMPO,BHARATIYA JANATA PARTY,lost,204301
South Goa,South Goa(2),RUBERT PEREIRA,REVOLUTIONARY GOANS PARTY,lost,18885
South Goa,South Goa(2),NOTA,NONE OF THE ABOVE,nan,4837
South Goa,South Goa(2),DR SWETA GAONKAR,BAHUJAN SAMAJ PARTY,lost,1581
South Goa,South Goa(2),DEEPKUMAR D MAPARI,INDEPENDENT,lost,1317
South Goa,South Goa(2),DR KALIDAS VAINGANKAR,INDEPENDENT,lost,720
South Goa,South Goa(2),ALEXY FERNANDES,INDEPENDENT,lost,542
South Goa,South Goa(2),HARISHCHANDRA SUDHAKAR NAIK,CORRUPTION ABOLITION PARTY,lost,501
Srerampur,Srerampur(27),KALYAN BANERJEE,ALL INDIA TRINAMOOL CONGRESS,won,673970
Srerampur,Srerampur(27),KABIR SHANKAR BOSE,BHARATIYA JANATA PARTY,lost,499140
Srerampur,Srerampur(27),DIPSITA DHAR,COMMUNIST PARTY OF INDIA (MARXIST),lost,239146
Srerampur,Srerampur(27),SAHARIAR MULLICK (BAPI),ALL INDIA SECULAR FRONT,lost,25677
Srerampur,Srerampur(27),NOTA,NONE OF THE ABOVE,nan,15034
Srerampur,Srerampur(27),SUNDAR PATRA,INDEPENDENT,lost,9902
Srerampur,Srerampur(27),SASANKA CHAKRABORTY,INDEPENDENT,lost,3938
Srerampur,Srerampur(27),SUPRIYA BISWAS,BAHUJAN SAMAJ PARTY,lost,3589
Srerampur,Srerampur(27),KALYAN PAUL,INDEPENDENT,lost,1758
Srerampur,Srerampur(27),PRADYUT CHOWDHURI,SOCIALIST UNITY CENTRE OF INDIA (COMMUNIST),lost,1680
Srerampur,Srerampur(27),KALYAN SAMANTA,INDEPENDENT,lost,1440
Srerampur,Srerampur(27),SARKAR MANGAL,BAHUJAN MAHA PARTY,lost,1258
Srikakulam,Srikakulam(2),KINJARAPU RAMMOHAN NAIDU,TELUGU DESAM,won,754328
Srikakulam,Srikakulam(2),TILAK PERADA,YUVAJANA SRAMIKA RYTHU CONGRESS PARTY,lost,426427
Srikakulam,Srikakulam(2),NOTA,NONE OF THE ABOVE,nan,24605
Srikakulam,Srikakulam(2),PEDADA PARAMESWARA RAO,INDIAN NATIONAL CONGRESS,lost,7172
Srikakulam,Srikakulam(2),SANAPALA SRAVAN KUMAR,INDEPENDENT,lost,5958
Srikakulam,Srikakulam(2),NAIDUGARI RAJASEKHAR,BAHUJAN SAMAJ PARTY,lost,4742
Srikakulam,Srikakulam(2),VABA YOGESWARA RAO,INDEPENDENT,lost,3598
Srikakulam,Srikakulam(2),BETHA VIVEKANANDA MAHARAJ,INDEPENDENT,lost,2536
Srikakulam,Srikakulam(2),YEDDU LAKSHMINARAYANA,INDEPENDENT,lost,1605
Srikakulam,Srikakulam(2),BORUBADRA CHANDRAKALA,BHARATHA CHAITANYA YUVAJANA PARTY,lost,1357
Srikakulam,Srikakulam(2),IPPILI SEETHARAJU,JAI BHARAT NATIONAL PARTY,lost,1130
Srikakulam,Srikakulam(2),KAYA DURGARAO,NAVARANG CONGRESS PARTY,lost,818
Srikakulam,Srikakulam(2),CHELLURI DANIYAL,INDEPENDENT,lost,816
Srikakulam,Srikakulam(2),BOMMALI TIRUPATI RAO,PYRAMID PARTY OF INDIA,lost,594
Sultanpur,Sultanpur(38),RAMBHUAL NISHAD,SAMAJWADI PARTY,won,444330
Sultanpur,Sultanpur(38),MANEKA SANJAY GANDHI,BHARATIYA JANATA PARTY,lost,401156
Sultanpur,Sultanpur(38),UDRAJ VERMA,BAHUJAN SAMAJ PARTY,lost,163025
Sultanpur,Sultanpur(38),NOTA,NONE OF THE ABOVE,nan,8513
Sultanpur,Sultanpur(38),ABDUL MABOOD,APNA DESH PARTY,lost,4297
Sultanpur,Sultanpur(38),MOHAMMAD ASIF,INDEPENDENT,lost,3387
Sultanpur,Sultanpur(38),UDAYRAJ VERMA,INDEPENDENT,lost,2909
Sultanpur,Sultanpur(38),GIRISH LAL,AZAD PARTY,lost,2311
Sultanpur,Sultanpur(38),DR SHIV SHANKAR INDIAN,MOST BACKWARD CLASSES OF INDIA,lost,2090
Sultanpur,Sultanpur(38),JAY PRAKASH,SARDAR PATEL SIDDHANT PARTY,lost,1369
Sundargarh,Sundargarh(2),JUAL ORAM,BHARATIYA JANATA PARTY,won,494282
Sundargarh,Sundargarh(2),DILIP KUMAR TIRKEY,BIJU JANATA DAL,lost,355474
Sundargarh,Sundargarh(2),JANARDAN DEHURY,INDIAN NATIONAL CONGRESS,lost,261986
Sundargarh,Sundargarh(2),NOTA,NONE OF THE ABOVE,nan,17801
Sundargarh,Sundargarh(2),JUSTIN LUGUN,SOCIALIST UNITY CENTRE OF INDIA (COMMUNIST),lost,9141
Sundargarh,Sundargarh(2),JAGABANDHU ORAM,INDEPENDENT,lost,6027
Sundargarh,Sundargarh(2),SUMANTA KUMAR SORENG,NATIONAL APNI PARTY,lost,4052
Sundargarh,Sundargarh(2),SANTOSH JURA,NABA BHARATA NIRMANA SEVA PARTY,lost,3981
Sundargarh,Sundargarh(2),PARUA EKKA,JHARKHAND PARTY,lost,3033
Supaul,Supaul(8),DILESHWAR KAMAIT,JANATA DAL (UNITED),won,595038
Supaul,Supaul(8),CHANDRAHAS CHAUPAL,RASHTRIYA JANATA DAL,lost,425235
Supaul,Supaul(8),BAIDYA NATH MEHTA,INDEPENDENT,lost,51652
Supaul,Supaul(8),YOG NARAYAN SINGH,INDEPENDENT,lost,27454
Supaul,Supaul(8),NOTA,NONE OF THE ABOVE,nan,18612
Supaul,Supaul(8),VINDESHWARI PRASAD,INDEPENDENT,lost,18457
Supaul,Supaul(8),KIRAN DEVI,BAHUJAN SAMAJ PARTY,lost,18079
Supaul,Supaul(8),MOHD KALIM KHAN,RASHTRIYA JANSAMBHAVNA PARTY,lost,14078
Supaul,Supaul(8),UMESH PRASAD SAH,JAI HIND PARTY,lost,13014
Supaul,Supaul(8),RAJ KUMAR YADAV,VIRO KE VIR INDIAN PARTY,lost,10806
Supaul,Supaul(8),RAMESH KUMAR ANAND,"PROUTIST BLOC, INDIA",lost,9451
Supaul,Supaul(8),ABDUL MATIN,INDEPENDENT,lost,7194
Supaul,Supaul(8),BAMBAM KUMAR,INDEPENDENT,lost,7006
Supaul,Supaul(8),NITISH KUMAR,INDEPENDENT,lost,5915
Supaul,Supaul(8),AJAY KUMAR SAH,INDEPENDENT,lost,5351
Supaul,Supaul(8),SHIV HARI AGRAWAL,BHARAT NIRMAN PARTY,lost,3772
Surat,Surat(24),MUKESHKUMAR CHANDRAKAANT DALAL,BHARATIYA JANATA PARTY,won,0
Surendranagar,Surendranagar(9),CHANDUBHAI CHHAGANBHAI SHIHORA,BHARATIYA JANATA PARTY,won,669749
Surendranagar,Surendranagar(9),RUTVIKBHAI LAVJIBHAI MAKWANA,INDIAN NATIONAL CONGRESS,lost,408132
Surendranagar,Surendranagar(9),NOTA,NONE OF THE ABOVE,nan,13299
Surendranagar,Surendranagar(9),DABHI ASHOKBHAI SUKHABHAI,BAHUJAN SAMAJ PARTY,lost,12036
Surendranagar,Surendranagar(9),VINODBHAI BABUBHAI SATROTIYA,INDEPENDENT,lost,5946
Surendranagar,Surendranagar(9),KOLI RAMESHBHAI VIRSANGBHAI VAGHELA,INDEPENDENT,lost,5189
Surendranagar,Surendranagar(9),CHAVDA NILESHBHAI MANSUKHBHAI,RASHTRA NIRMAN PARTY,lost,4129
Surendranagar,Surendranagar(9),ZALA DEVRAJBHAI BABUBHAI,INDEPENDENT,lost,2463
Surendranagar,Surendranagar(9),J.K.PATEL,INDEPENDENT,lost,2367
Surendranagar,Surendranagar(9),DEVENDRA MOHANDAS MAHANT,GUNJ SATYA NI JANATA PARTY,lost,2051
Surendranagar,Surendranagar(9),GEDIYA KRUSHANAVADAN HARIPRASADBHAI,INDEPENDENT,lost,1459
Surendranagar,Surendranagar(9),DILIPBHAI PARSHOTTAMBHAI MAKWANA,NEW INDIA UNITED PARTY,lost,1257
Surendranagar,Surendranagar(9),ANANDBHAI PACHANBHAI RATHOD,INDEPENDENT,lost,1249
Surendranagar,Surendranagar(9),ASHOK PALAJIBHAI RATHOD,INDEPENDENT,lost,1091
Surendranagar,Surendranagar(9),PATEL MADHUSUDAN BALDEVBHAI,MISSION ALL INDIA INDEPENDENT JUSTICE PARTY,lost,960
TENKASI,TENKASI(37),DR RANI SRI KUMAR,DRAVIDA MUNNETRA KAZHAGAM,won,425679
TENKASI,TENKASI(37),DR K KRISHNASAMY,ALL INDIA ANNA DRAVIDA MUNNETRA KAZHAGAM,lost,229480
TENKASI,TENKASI(37),B JOHN PANDIAN,BHARATIYA JANATA PARTY,lost,208825
TENKASI,TENKASI(37),ESAI MATHIVANAN,NAAM TAMILAR KATCHI,lost,130335
TENKASI,TENKASI(37),NOTA,NONE OF THE ABOVE,nan,17165
TENKASI,TENKASI(37),KARPAGAVALLI P,INDEPENDENT,lost,6314
TENKASI,TENKASI(37),T MAHESHKUMAR,BAHUJAN SAMAJ PARTY,lost,3554
TENKASI,TENKASI(37),RAMASAMY P,VIRO KE VIR INDIAN PARTY,lost,3412
TENKASI,TENKASI(37),M MANMATHAN,INDEPENDENT,lost,3278
TENKASI,TENKASI(37),A SEETHA,BAHUJAN DRAVIDA PARTY,lost,2476
TENKASI,TENKASI(37),KRISHNASAMY,INDEPENDENT,lost,1833
TENKASI,TENKASI(37),M UMAMAHESWARI,DESIYA MAKKAL SAKTHI KATCHI,lost,1655
TENKASI,TENKASI(37),A MUTHAIAH,INDEPENDENT,lost,1457
TENKASI,TENKASI(37),P KRISHNASAMY,INDEPENDENT,lost,1350
TENKASI,TENKASI(37),ARUMUGASWAMI M,INDEPENDENT,lost,1313
TENKASI,TENKASI(37),RAJA SEKAR,INDEPENDENT,lost,993
THANJAVUR,THANJAVUR(30),MURASOLI S,DRAVIDA MUNNETRA KAZHAGAM,won,502245
THANJAVUR,THANJAVUR(30),SIVANESAN P,DESIYA MURPOKKU DRAVIDA KAZHAGAM,lost,182662
THANJAVUR,THANJAVUR(30),MURUGANANTHAM M,BHARATIYA JANATA PARTY,lost,170613
THANJAVUR,THANJAVUR(30),HUMAYUN KABIR,NAAM TAMILAR KATCHI,lost,120293
THANJAVUR,THANJAVUR(30),RENGASAMY C,INDEPENDENT,lost,18191
THANJAVUR,THANJAVUR(30),NOTA,NONE OF THE ABOVE,nan,12833
THANJAVUR,THANJAVUR(30),SARAVANAN M,INDEPENDENT,lost,6795
THANJAVUR,THANJAVUR(30),SENTHIL KUMAR N,INDEPENDENT,lost,4158
THANJAVUR,THANJAVUR(30),EZHILARASAN S,INDEPENDENT,lost,3851
THANJAVUR,THANJAVUR(30),JAYABAL A,BAHUJAN SAMAJ PARTY,lost,2410
THANJAVUR,THANJAVUR(30),SANTHOSH M,INDEPENDENT,lost,1992
THANJAVUR,THANJAVUR(30),ER ARJUN S,INDEPENDENT,lost,1446
THANJAVUR,THANJAVUR(30),KARIKALA CHOLAN S,INDEPENDENT,lost,1217
THENI,THENI(33),THANGA TAMILSELVAN,DRAVIDA MUNNETRA KAZHAGAM,won,571493
THENI,THENI(33),TTV DHINAKARAN,AMMA MAKKAL MUNNETTRA KAZAGAM,lost,292668
THENI,THENI(33),NARAYANASAMY V T,ALL INDIA ANNA DRAVIDA MUNNETRA KAZHAGAM,lost,155587
THENI,THENI(33),MADHAN,NAAM TAMILAR KATCHI,lost,76834
THENI,THENI(33),NOTA,NONE OF THE ABOVE,nan,11336
THENI,THENI(33),PRAKASH P,INDEPENDENT,lost,6298
THENI,THENI(33),PANDIKUMAR S,INDEPENDENT,lost,3967
THENI,THENI(33),AJEETHKUMAR S,INDEPENDENT,lost,3006
THENI,THENI(33),PARAMASIVAN S,INDEPENDENT,lost,2866
THENI,THENI(33),PARTHIBAN G,INDEPENDENT,lost,2277
THENI,THENI(33),JEEVA M,BAHUJAN SAMAJ PARTY,lost,2222
THENI,THENI(33),CHARCHIL DURAI P,HUMANITY FOR PEACE PARTY,lost,1935
THENI,THENI(33),PREMA S,INDEPENDENT,lost,1232
THENI,THENI(33),MANIKANDAN R,INDEPENDENT,lost,1201
THENI,THENI(33),REVATHI K,INDEPENDENT,lost,1128
THENI,THENI(33),MUDIYARASU,ALL INDIA YOUTH DEVELOPMENT PARTY,lost,1094
THENI,THENI(33),THIAGARAJAN O V,INDEPENDENT,lost,932
THENI,THENI(33),VASANTHA SARAVANAN,INDEPENDENT,lost,805
THENI,THENI(33),VIJAYAN K,INDEPENDENT,lost,667
THENI,THENI(33),SETHUPATHI G,INDEPENDENT,lost,617
THENI,THENI(33),JOHNGILBERTRAJ,INDEPENDENT,lost,603
THENI,THENI(33),AATHIMUTHUKUMAR M,INDEPENDENT,lost,592
THENI,THENI(33),MUTHUKUMAR,INDEPENDENT,lost,543
THENI,THENI(33),HARIKRISHNAKUMAR R,INDEPENDENT,lost,486
THENI,THENI(33),SATHEESH KUMAR A,INDEPENDENT,lost,453
THENI,THENI(33),KUMAR,INDEPENDENT,lost,377
THOOTHUKKUDI,THOOTHUKKUDI(36),KANIMOZHI KARUNANIDHI,DRAVIDA MUNNETRA KAZHAGAM,won,540729
THOOTHUKKUDI,THOOTHUKKUDI(36),SIVASAMY VELUMANI R,ALL INDIA ANNA DRAVIDA MUNNETRA KAZHAGAM,lost,147991
THOOTHUKKUDI,THOOTHUKKUDI(36),VIJAYASEELAN SDR,TAMIL MAANILA CONGRESS (MOOPANAR),lost,122380
THOOTHUKKUDI,THOOTHUKKUDI(36),ROWENA RUTH JANE J,NAAM TAMILAR KATCHI,lost,120300
THOOTHUKKUDI,THOOTHUKKUDI(36),NOTA,NONE OF THE ABOVE,nan,9806
THOOTHUKKUDI,THOOTHUKKUDI(36),RAJHA N P,NAAM INDIAR PARTY,lost,6640
THOOTHUKKUDI,THOOTHUKKUDI(36),ARUNADEVI R,INDEPENDENT,lost,6072
THOOTHUKKUDI,THOOTHUKKUDI(36),CHITHIRAI JEGAN S,INDEPENDENT,lost,3640
THOOTHUKKUDI,THOOTHUKKUDI(36),SIVANESWARAN J,INDEPENDENT,lost,3376
THOOTHUKKUDI,THOOTHUKKUDI(36),SAMUEL T,INDEPENDENT,lost,2245
THOOTHUKKUDI,THOOTHUKKUDI(36),MANIKKARAJ A,BAHUJAN SAMAJ PARTY,lost,2195
THOOTHUKKUDI,THOOTHUKKUDI(36),AASIRIYAR SHANMUGA SUNDARAM K,INDEPENDENT,lost,1839
THOOTHUKKUDI,THOOTHUKKUDI(36),KALEERMURUGAPAVENTHAN R,MAKKAL NALVAAZHVUK KATCHI,lost,1792
THOOTHUKKUDI,THOOTHUKKUDI(36),PONKUMARAN T P S,INDEPENDENT,lost,897
THOOTHUKKUDI,THOOTHUKKUDI(36),JEYAKUMAR C,INDEPENDENT,lost,829
THOOTHUKKUDI,THOOTHUKKUDI(36),GANDHIMALLAR S M,INDEPENDENT,lost,805
THOOTHUKKUDI,THOOTHUKKUDI(36),BISHOP DR GODFREY NOBLE,AANAITHINTHIYA JANANAYAKA PATHUKAPPU KAZHAGAM,lost,769
THOOTHUKKUDI,THOOTHUKKUDI(36),PERUMALKUMAR P,PUTHIYA MAKKAL TAMIL DESAM KATCHI,lost,739
THOOTHUKKUDI,THOOTHUKKUDI(36),ESAKKIMUTHU V,INDEPENDENT,lost,710
THOOTHUKKUDI,THOOTHUKKUDI(36),KANNAN G,INDEPENDENT,lost,689
THOOTHUKKUDI,THOOTHUKKUDI(36),DAVID JEBASEELAN J,INDEPENDENT,lost,663
THOOTHUKKUDI,THOOTHUKKUDI(36),SUDALAIMUTHU P,INDEPENDENT,lost,578
THOOTHUKKUDI,THOOTHUKKUDI(36),KRISHNAN S,INDEPENDENT,lost,480
THOOTHUKKUDI,THOOTHUKKUDI(36),RADHAKRISHNAN V G,INDEPENDENT,lost,461
THOOTHUKKUDI,THOOTHUKKUDI(36),JAMES P,INDEPENDENT,lost,444
THOOTHUKKUDI,THOOTHUKKUDI(36),PONRAJ K,INDEPENDENT,lost,429
THOOTHUKKUDI,THOOTHUKKUDI(36),PRASANNA KUMAR M,INDEPENDENT,lost,396
THOOTHUKKUDI,THOOTHUKKUDI(36),SELVAMUTHUKUMAR M,INDEPENDENT,lost,341
THOOTHUKKUDI,THOOTHUKKUDI(36),SENTHIL KUMAR S,INDEPENDENT,lost,291
TIKAMGARH,TIKAMGARH(6),DR. VIRENDRA KUMAR,BHARATIYA JANATA PARTY,won,715050
TIKAMGARH,TIKAMGARH(6),KHUMAN URF PANKAJ AHIRWAR,INDIAN NATIONAL CONGRESS,lost,311738
TIKAMGARH,TIKAMGARH(6),AHIRWAR DALLURAM,BAHUJAN SAMAJ PARTY,lost,32673
TIKAMGARH,TIKAMGARH(6),NOTA,NONE OF THE ABOVE,nan,12831
TIKAMGARH,TIKAMGARH(6),AHIRWAR PANKAJ,RASHTRIYA SAMAJ PAKSHA,lost,10158
TIKAMGARH,TIKAMGARH(6),SARJU PRASAD,INDEPENDENT,lost,5997
TIKAMGARH,TIKAMGARH(6),N.R. PRAJAPATI,ADARSH NYAY RAKSHAK PARTY,lost,5484
TIKAMGARH,TIKAMGARH(6),BABULAL KHANGAR,INDEPENDENT,lost,4459
TIRUCHIRAPPALLI,TIRUCHIRAPPALLI(24),DURAI VAIKO,MARUMALARCHI DRAVIDA MUNNETRA KAZHAGAM,won,542213
TIRUCHIRAPPALLI,TIRUCHIRAPPALLI(24),KARUPPAIAH. P,ALL INDIA ANNA DRAVIDA MUNNETRA KAZHAGAM,lost,229119
TIRUCHIRAPPALLI,TIRUCHIRAPPALLI(24),RAJESSH. T,NAAM TAMILAR KATCHI,lost,107458
TIRUCHIRAPPALLI,TIRUCHIRAPPALLI(24),SENTHILNATHAN. P,AMMA MAKKAL MUNNETTRA KAZAGAM,lost,100747
TIRUCHIRAPPALLI,TIRUCHIRAPPALLI(24),SELVARAJ. S,INDEPENDENT,lost,14796
TIRUCHIRAPPALLI,TIRUCHIRAPPALLI(24),NOTA,NONE OF THE ABOVE,nan,13849
TIRUCHIRAPPALLI,TIRUCHIRAPPALLI(24),DAMODARAN. S,INDEPENDENT,lost,5166
TIRUCHIRAPPALLI,TIRUCHIRAPPALLI(24),ALLIMUTHU. M,BAHUJAN SAMAJ PARTY,lost,4431
TIRUCHIRAPPALLI,TIRUCHIRAPPALLI(24),RAJENDRAN. S,INDEPENDENT,lost,3499
TIRUCHIRAPPALLI,TIRUCHIRAPPALLI(24),JEEVANANTHAM. M,INDEPENDENT,lost,2952
TIRUCHIRAPPALLI,TIRUCHIRAPPALLI(24),SAKTHIVEL,ANNA PURATCHI THALAIVAR AMMA DRAVIDA MUNNETRA KAZHAGAM,lost,2646
TIRUCHIRAPPALLI,TIRUCHIRAPPALLI(24),BACKIYARAJ VELLAISAMY,NAADAALUM MAKKAL KATCHI,lost,2283
TIRUCHIRAPPALLI,TIRUCHIRAPPALLI(24),KARUPPIAH. S,INDEPENDENT,lost,2171
TIRUCHIRAPPALLI,TIRUCHIRAPPALLI(24),SATHIS KUMAR. S,INDEPENDENT,lost,2052
TIRUCHIRAPPALLI,TIRUCHIRAPPALLI(24),KAVITHA. S,INDEPENDENT,lost,1736
TIRUCHIRAPPALLI,TIRUCHIRAPPALLI(24),NAGARAJAN. M,INDEPENDENT,lost,1664
TIRUCHIRAPPALLI,TIRUCHIRAPPALLI(24),GOVINDARASU. P,INDEPENDENT,lost,1566
TIRUCHIRAPPALLI,TIRUCHIRAPPALLI(24),ANBIN AMUDHAN. R,INDEPENDENT,lost,1498
TIRUCHIRAPPALLI,TIRUCHIRAPPALLI(24),DURAIRAJ. A,INDEPENDENT,lost,1463
TIRUCHIRAPPALLI,TIRUCHIRAPPALLI(24),SASIKUMAR. P,INDEPENDENT,lost,1352
TIRUCHIRAPPALLI,TIRUCHIRAPPALLI(24),PANNEERSELVAM. P,INDEPENDENT,lost,1263
TIRUCHIRAPPALLI,TIRUCHIRAPPALLI(24),DURAI. S,INDEPENDENT,lost,1202
TIRUCHIRAPPALLI,TIRUCHIRAPPALLI(24),ANAND SELVARAJ,INDEPENDENT,lost,1178
TIRUCHIRAPPALLI,TIRUCHIRAPPALLI(24),SANKAR. R,INDEPENDENT,lost,1166
TIRUCHIRAPPALLI,TIRUCHIRAPPALLI(24),AMBIVENKATESAN,INDEPENDENT,lost,978
TIRUCHIRAPPALLI,TIRUCHIRAPPALLI(24),DURAI. T,INDEPENDENT,lost,880
TIRUCHIRAPPALLI,TIRUCHIRAPPALLI(24),SATHYAMURTHY. T,INDEPENDENT,lost,834
TIRUCHIRAPPALLI,TIRUCHIRAPPALLI(24),VIJAYAKUMAR. P,INDEPENDENT,lost,802
TIRUCHIRAPPALLI,TIRUCHIRAPPALLI(24),ROJA RAMANI. S,ANNA MGR DRAVIDA MAKKAL KALGAM,lost,777
TIRUCHIRAPPALLI,TIRUCHIRAPPALLI(24),PERIYASAMY. V,INDEPENDENT,lost,774
TIRUCHIRAPPALLI,TIRUCHIRAPPALLI(24),AKILA. M,INDEPENDENT,lost,747
TIRUCHIRAPPALLI,TIRUCHIRAPPALLI(24),RAJENDRAN. P,INDEPENDENT,lost,675
TIRUCHIRAPPALLI,TIRUCHIRAPPALLI(24),MANIKANDARAJ. S,INDEPENDENT,lost,608
TIRUCHIRAPPALLI,TIRUCHIRAPPALLI(24),MURUGESAN. P,INDEPENDENT,lost,497
TIRUCHIRAPPALLI,TIRUCHIRAPPALLI(24),JOSEPH. L,SAMANIYA MAKKAL NALA KATCHI,lost,491
TIRUCHIRAPPALLI,TIRUCHIRAPPALLI(24),MUTHURAJA. T,INDEPENDENT,lost,431
TIRUNELVELI,TIRUNELVELI(38),ROBERT BRUCE C,INDIAN NATIONAL CONGRESS,won,502296
TIRUNELVELI,TIRUNELVELI(38),NAINAR NAGENTHRAN,BHARATIYA JANATA PARTY,lost,336676
TIRUNELVELI,TIRUNELVELI(38),JANSI RANI M,ALL INDIA ANNA DRAVIDA MUNNETRA KAZHAGAM,lost,89601
TIRUNELVELI,TIRUNELVELI(38),SATHYA,NAAM TAMILAR KATCHI,lost,87686
TIRUNELVELI,TIRUNELVELI(38),POTTAL SUNDARA MUNISWARAN,INDEPENDENT,lost,19852
TIRUNELVELI,TIRUNELVELI(38),NOTA,NONE OF THE ABOVE,nan,7396
TIRUNELVELI,TIRUNELVELI(38),ATHISAYAM V,INDEPENDENT,lost,3781
TIRUNELVELI,TIRUNELVELI(38),BALASUBRAMANIAN,BAHUJAN SAMAJ PARTY,lost,2067
TIRUNELVELI,TIRUNELVELI(38),CHINNA MAHARAJA K,INDEPENDENT,lost,1895
TIRUNELVELI,TIRUNELVELI(38),DAVID M,INDEPENDENT,lost,1836
TIRUNELVELI,TIRUNELVELI(38),SAMUEL LAWRENCE PONNIAH,INDEPENDENT,lost,1497
TIRUNELVELI,TIRUNELVELI(38),BISHOP DR GODFREY WASHINGTON NOBLE,AANAITHINTHIYA JANANAYAKA PATHUKAPPU KAZHAGAM,lost,1475
TIRUNELVELI,TIRUNELVELI(38),LENIN K,INDEPENDENT,lost,1450
TIRUNELVELI,TIRUNELVELI(38),CHANDRAN M,VEERATH THIYAGI VISWANATHADOSS THOZHILALARKAL KATCHI,lost,1413
TIRUNELVELI,TIRUNELVELI(38),SELVA KUMAR S,BAHUJAN DRAVIDA PARTY,lost,1346
TIRUNELVELI,TIRUNELVELI(38),KUMAR V,PUTHIYA MAKKAL TAMIL DESAM KATCHI,lost,1072
TIRUNELVELI,TIRUNELVELI(38),MUTHURAMAN A,ARAVOR MUNNETRA KAZHAGAM,lost,1048
TIRUNELVELI,TIRUNELVELI(38),THALAPATHY MURUGAN M,INDEPENDENT,lost,917
TIRUNELVELI,TIRUNELVELI(38),SIVARAM K,INDEPENDENT,lost,875
TIRUNELVELI,TIRUNELVELI(38),RAMAKRISHNAN N,NAM INDIA NAAM INDIYAR KATCHI,lost,790
TIRUNELVELI,TIRUNELVELI(38),SURESH,INDEPENDENT,lost,788
TIRUNELVELI,TIRUNELVELI(38),DR RAJENDRA RETNAM K,INDEPENDENT,lost,689
TIRUNELVELI,TIRUNELVELI(38),SEVAL KANNAN B ADVOCATE,INDEPENDENT,lost,636
TIRUNELVELI,TIRUNELVELI(38),RAGHAVAN C M,INDEPENDENT,lost,366
TIRUPPUR,TIRUPPUR(18),"SUBBARAYAN, K.",COMMUNIST PARTY OF INDIA,won,472739
TIRUPPUR,TIRUPPUR(18),"ARUNACHALAM, P.",ALL INDIA ANNA DRAVIDA MUNNETRA KAZHAGAM,lost,346811
TIRUPPUR,TIRUPPUR(18),"MURUGANANDAM, A.P.",BHARATIYA JANATA PARTY,lost,185322
TIRUPPUR,TIRUPPUR(18),"SEETHALAKSHMI, M.K.",NAAM TAMILAR KATCHI,lost,95726
TIRUPPUR,TIRUPPUR(18),NOTA,NONE OF THE ABOVE,nan,17737
TIRUPPUR,TIRUPPUR(18),"VELUSAMY, A.",INDEPENDENT,lost,7125
TIRUPPUR,TIRUPPUR(18),"PALANI, V.",BAHUJAN SAMAJ PARTY,lost,6054
TIRUPPUR,TIRUPPUR(18),"SATHISHKUMAR, N.",INDEPENDENT,lost,2336
TIRUPPUR,TIRUPPUR(18),"JANARTHANAM, P.",TAMILAGA MAKKAL THANNURIMAI KATCHI,lost,1868
TIRUPPUR,TIRUPPUR(18),"KANNAN, M.",INDEPENDENT,lost,1765
TIRUPPUR,TIRUPPUR(18),"SENGUTTUVAN, M.R.",INDEPENDENT,lost,1567
TIRUPPUR,TIRUPPUR(18),"SUBRAMANI, N.",INDEPENDENT,lost,1350
TIRUPPUR,TIRUPPUR(18),"MALARVIZHI, G.",RASHTRIYA SAMAJ PAKSHA,lost,1325
TIRUPPUR,TIRUPPUR(18),"KARTHIKEYAN, P.",INDEPENDENT,lost,824
TIRUVALLUR,TIRUVALLUR(1),Sasikanth Senthil,INDIAN NATIONAL CONGRESS,won,796956
TIRUVALLUR,TIRUVALLUR(1),"Balaganapathy, V. Pon",BHARATIYA JANATA PARTY,lost,224801
TIRUVALLUR,TIRUVALLUR(1),"Nallathambi, K.",DESIYA MURPOKKU DRAVIDA KAZHAGAM,lost,223904
TIRUVALLUR,TIRUVALLUR(1),"Jagadesh Chander, M.",NAAM TAMILAR KATCHI,lost,120838
TIRUVALLUR,TIRUVALLUR(1),NOTA,NONE OF THE ABOVE,nan,18978
TIRUVALLUR,TIRUVALLUR(1),"Tamizhmadhi, D.",BAHUJAN SAMAJ PARTY,lost,13810
TIRUVALLUR,TIRUVALLUR(1),"Ashok Priyadarshan, S.",DESIYA MAKKAL SAKTHI KATCHI,lost,2946
TIRUVALLUR,TIRUVALLUR(1),Malathi,NAADAALUM MAKKAL KATCHI,lost,2853
TIRUVALLUR,TIRUVALLUR(1),"Mani, E.",INDEPENDENT,lost,2752
TIRUVALLUR,TIRUVALLUR(1),"Devandhran, M.",ANNA MGR DRAVIDA MAKKAL KALGAM,lost,2008
TIRUVALLUR,TIRUVALLUR(1),"Manimaran, V.",INDEPENDENT,lost,1922
TIRUVALLUR,TIRUVALLUR(1),"Balakrishnan, K.",INDEPENDENT,lost,1690
TIRUVALLUR,TIRUVALLUR(1),"Bharathidasan, S.S.",INDEPENDENT,lost,1631
TIRUVALLUR,TIRUVALLUR(1),"Shakthivel, A.J.",INDEPENDENT,lost,1613
TIRUVALLUR,TIRUVALLUR(1),"Sivasankaran, V.",INDEPENDENT,lost,1110
TIRUVANNAMALAI,TIRUVANNAMALAI(11),"ANNADURAI, C.N.",DRAVIDA MUNNETRA KAZHAGAM,won,547379
TIRUVANNAMALAI,TIRUVANNAMALAI(11),KALIYAPERUMAL M,ALL INDIA ANNA DRAVIDA MUNNETRA KAZHAGAM,lost,313448
TIRUVANNAMALAI,TIRUVANNAMALAI(11),"ASUVATHAMAN, A.",BHARATIYA JANATA PARTY,lost,156650
TIRUVANNAMALAI,TIRUVANNAMALAI(11),"RAMESHBABU, R.",NAAM TAMILAR KATCHI,lost,83869
TIRUVANNAMALAI,TIRUVANNAMALAI(11),NOTA,NONE OF THE ABOVE,nan,11957
TIRUVANNAMALAI,TIRUVANNAMALAI(11),"KALIAPERUMAL, M.",INDEPENDENT,lost,5713
TIRUVANNAMALAI,TIRUVANNAMALAI(11),"BENNYRAJAN, C.J.",BHARATIYA PRAJA AIKYATA PARTY,lost,4810
TIRUVANNAMALAI,TIRUVANNAMALAI(11),"KALIYAPERUMAL, A.",INDEPENDENT,lost,3407
TIRUVANNAMALAI,TIRUVANNAMALAI(11),"MOHANRAJA, V.M.",BAHUJAN SAMAJ PARTY,lost,2637
TIRUVANNAMALAI,TIRUVANNAMALAI(11),CAPTAIN GOWTHAM,INDEPENDENT,lost,1842
TIRUVANNAMALAI,TIRUVANNAMALAI(11),"UDHAYAKUMAR, P.S.",INDEPENDENT,lost,1251
TIRUVANNAMALAI,TIRUVANNAMALAI(11),"ANNADURAI, S.",INDEPENDENT,lost,1172
TIRUVANNAMALAI,TIRUVANNAMALAI(11),"KOTHANDABANI, B.",INDEPENDENT,lost,965
TIRUVANNAMALAI,TIRUVANNAMALAI(11),"SELVAM , K.",VEERATH THIYAGI VISWANATHADOSS THOZHILALARKAL KATCHI,lost,954
TIRUVANNAMALAI,TIRUVANNAMALAI(11),"KALASTHIRI, S.",ALL INDIA UZHAVARGAL UZHAIPPALARGAL KATCHI,lost,950
TIRUVANNAMALAI,TIRUVANNAMALAI(11),"VIJAYAKUMAR, S.",INDEPENDENT,lost,934
TIRUVANNAMALAI,TIRUVANNAMALAI(11),"JAGANNATHAN, R.",INDEPENDENT,lost,864
TIRUVANNAMALAI,TIRUVANNAMALAI(11),"SENTHAMIL SELVAN, M.",INDEPENDENT,lost,856
TIRUVANNAMALAI,TIRUVANNAMALAI(11),"AGNI SELVARASU, J.",NAADAALUM MAKKAL KATCHI,lost,777
TIRUVANNAMALAI,TIRUVANNAMALAI(11),"SATHIYAMOORTHY, S.",MAKKAL NALA KAZHAGAM,lost,736
TIRUVANNAMALAI,TIRUVANNAMALAI(11),"SUB MAJOR SETTU, M.",VIRO KE VIR INDIAN PARTY,lost,658
TIRUVANNAMALAI,TIRUVANNAMALAI(11),"ANNADURAI, S.",INDEPENDENT,lost,648
TIRUVANNAMALAI,TIRUVANNAMALAI(11),"SANKAR, S.",INDEPENDENT,lost,578
TIRUVANNAMALAI,TIRUVANNAMALAI(11),"ANNADURAI, A.",INDEPENDENT,lost,516
TIRUVANNAMALAI,TIRUVANNAMALAI(11),"NALLASIVAM, M.",INDEPENDENT,lost,429
TIRUVANNAMALAI,TIRUVANNAMALAI(11),"POONGODY, A.",INDEPENDENT,lost,417
TIRUVANNAMALAI,TIRUVANNAMALAI(11),"PALANI , T.N.",INDEPENDENT,lost,414
TIRUVANNAMALAI,TIRUVANNAMALAI(11),"VIMAL, V.",INDEPENDENT,lost,342
TIRUVANNAMALAI,TIRUVANNAMALAI(11),"THANGARAJ, P.",INDEPENDENT,lost,295
TIRUVANNAMALAI,TIRUVANNAMALAI(11),"RAMESH , T.P.",INDEPENDENT,lost,281
TIRUVANNAMALAI,TIRUVANNAMALAI(11),"NAKKEERAN , A.",INDEPENDENT,lost,265
TIRUVANNAMALAI,TIRUVANNAMALAI(11),DEEPAMMAL SUNDARI,INDEPENDENT,lost,259
TONK-SAWAI MADHOPUR,TONK-SAWAI MADHOPUR (12),HARISH CHANDRA MEENA,INDIAN NATIONAL CONGRESS,won,623763
TONK-SAWAI MADHOPUR,TONK-SAWAI MADHOPUR (12),SUKHBIR SINGH JAUNAPURIA,BHARATIYA JANATA PARTY,lost,558814
TONK-SAWAI MADHOPUR,TONK-SAWAI MADHOPUR (12),PRAHALAD MALI,BAHUJAN SAMAJ PARTY,lost,13144
TONK-SAWAI MADHOPUR,TONK-SAWAI MADHOPUR (12),NOTA,NONE OF THE ABOVE,nan,8177
TONK-SAWAI MADHOPUR,TONK-SAWAI MADHOPUR (12),GANESH MEENA,INDIAN PEOPLES GREEN PARTY,lost,7433
TONK-SAWAI MADHOPUR,TONK-SAWAI MADHOPUR (12),MAKHAN LAL MEENA,INDEPENDENT,lost,3324
TONK-SAWAI MADHOPUR,TONK-SAWAI MADHOPUR (12),JASRAM MEENA,INDEPENDENT,lost,3045
TONK-SAWAI MADHOPUR,TONK-SAWAI MADHOPUR (12),VIJENDRA,AAZAD SAMAJ PARTY (KANSHI RAM),lost,2697
TONK-SAWAI MADHOPUR,TONK-SAWAI MADHOPUR (12),GIRRAJ PRASAD MEENA,INDEPENDENT,lost,2521
TONK-SAWAI MADHOPUR,TONK-SAWAI MADHOPUR (12),JAGDISH PRASAD MEENA,BHARAT ADIVASI PARTY,lost,1373
TONK-SAWAI MADHOPUR,TONK-SAWAI MADHOPUR (12),DULI CHAND SAINI,RAJASTHAN RAJ PARTY,lost,1264
TONK-SAWAI MADHOPUR,TONK-SAWAI MADHOPUR (12),JAGDISH PRASAD SHARMA,BHEEM TRIBAL CONGRESS,lost,1029
Tamluk,Tamluk(30),ABHIJIT GANGOPADHYAY,BHARATIYA JANATA PARTY,won,765584
Tamluk,Tamluk(30),DEBANGSHU BHATTACHARYA,ALL INDIA TRINAMOOL CONGRESS,lost,687851
Tamluk,Tamluk(30),SAYAN BANERJEE,COMMUNIST PARTY OF INDIA (MARXIST),lost,85389
Tamluk,Tamluk(30),MOHIUDDIN AHMED MAHI,ALL INDIA SECULAR FRONT,lost,12339
Tamluk,Tamluk(30),NOTA,NONE OF THE ABOVE,nan,8265
Tamluk,Tamluk(30),SURYANEEL DAS,INDEPENDENT,lost,6014
Tamluk,Tamluk(30),NARAYAN CHANDRA NAYAK,SOCIALIST UNITY CENTRE OF INDIA (COMMUNIST),lost,5682
Tamluk,Tamluk(30),SABITRI BISHAI,BAHUJAN SAMAJ PARTY,lost,3754
Tamluk,Tamluk(30),DEBAPRASAD JANA,INDEPENDENT,lost,1467
Tamluk,Tamluk(30),KALIPADA DAS,INDEPENDENT,lost,974
Tehri Garhwal,Tehri Garhwal(1),MALA RAJYA LAKSHMI SHAH,BHARATIYA JANATA PARTY,won,462603
Tehri Garhwal,Tehri Garhwal(1),JOT SINGH GUNSOLA,INDIAN NATIONAL CONGRESS,lost,190110
Tehri Garhwal,Tehri Garhwal(1),BOBY PANWAR,INDEPENDENT,lost,168081
Tehri Garhwal,Tehri Garhwal(1),NAVNEET SINGH GOSAIN,RASHTRIYA UTTARAKHAND PARTY,lost,10026
Tehri Garhwal,Tehri Garhwal(1),NOTA,NONE OF THE ABOVE,nan,7458
Tehri Garhwal,Tehri Garhwal(1),NEMCHAND,BAHUJAN SAMAJ PARTY,lost,6908
Tehri Garhwal,Tehri Garhwal(1),BRIJ BHUSHAN KARANWAL,BHARTIYA RASHTRIYA EKTA DAL,lost,3570
Tehri Garhwal,Tehri Garhwal(1),SARDAR KHAN PAPPU,INDEPENDENT,lost,3275
Tehri Garhwal,Tehri Garhwal(1),VEPIN KUMAR AGGARWAL,INDEPENDENT,lost,3216
Tehri Garhwal,Tehri Garhwal(1),RAMPAL SINGH,PEOPLES PARTY OF INDIA (DEMOCRATIC),lost,2362
Tehri Garhwal,Tehri Garhwal(1),SUDESH TOMAR,INDEPENDENT,lost,2268
Tehri Garhwal,Tehri Garhwal(1),PREM DUTT SEMWAL,INDEPENDENT,lost,2164
Thane,Thane(25),NARESH GANPAT MHASKE,SHIV SENA,won,734231
Thane,Thane(25),RAJAN BABURAO VICHARE,SHIV SENA (UDDHAV BALASAHEB THACKREY),lost,517220
Thane,Thane(25),NOTA,NONE OF THE ABOVE,nan,17901
Thane,Thane(25),SANTOSH BHIKAJI BHALERAO,BAHUJAN SAMAJ PARTY,lost,10662
Thane,Thane(25),ADV. GURUDEV NARSINGH SURYAWANSHI,INDEPENDENT,lost,3494
Thane,Thane(25),MUKESH KAILASNATH TIWARI,BHIM SENA,lost,2522
Thane,Thane(25),JHA SUBHASH CHANDRA,SARDAR VALLABHBHAI PATEL PARTY,lost,2358
Thane,Thane(25),DR. PIYUSH K. SAXENA,INDEPENDENT,lost,2293
Thane,Thane(25),CHANDRAKANT VITTHAL SONAWANE,INDEPENDENT,lost,2249
Thane,Thane(25),VIJAY DNYANOBA GHATE,REPUBLICAN BAHUJAN SENA,lost,1887
Thane,Thane(25),IRFAN IBRAHIM SHAIKH,INDEPENDENT,lost,1875
Thane,Thane(25),PRAMOD ANANDRAO DHUMAL,INDEPENDENT,lost,1786
Thane,Thane(25),BHANWARLAL KHETMAL MEHTA,HINDU SAMAJ PARTY,lost,1488
Thane,Thane(25),UTTAM KISANRAO TIRPUDE,PEOPLES PARTY OF INDIA (DEMOCRATIC),lost,1354
Thane,Thane(25),ARCHANA DINKAR GAIKWAD,INDEPENDENT,lost,1180
Thane,Thane(25),SALIMA MUKTAR VASANI,BAHUJAN MAHA PARTY,lost,912
Thane,Thane(25),RAJIV KONDIBA BHOSALE,INDEPENDENT,lost,886
Thane,Thane(25),RAHUL JAGBIRSINGH MEHAROLIYA,BAHUJAN REPUBLICAN SOCIALIST PARTY,lost,818
Thane,Thane(25),RAJENDRA RAMCHANDRA SANKHE,BHARATHEEYA JAWAN KISAN PARTY,lost,767
Thane,Thane(25),KHAJASAB RASULSAB MULLA,INDEPENDENT,lost,648
Thane,Thane(25),SANJAY MANOHAR MORE,INDEPENDENT,lost,643
Thane,Thane(25),MALLIKARJUN SAYBANNA PUJARI,INDEPENDENT,lost,599
Thane,Thane(25),SAWALE DATTATRAY SITARAM,INDEPENDENT,lost,531
Thane,Thane(25),SURENDRAKUMAR K. JAIN,INDEPENDENT,lost,440
Thane,Thane(25),SIDDHANT CHHABAN SHIRSAT,INDEPENDENT,lost,324
Thirupathi,Thirupathi(SC)(23),GURUMOORTHY MADDILA,YUVAJANA SRAMIKA RYTHU CONGRESS PARTY,won,632228
Thirupathi,Thirupathi(SC)(23),VARA PRASAD RAO VELAGAPALLI,BHARATIYA JANATA PARTY,lost,617659
Thirupathi,Thirupathi(SC)(23),CHINTA MOHAN,INDIAN NATIONAL CONGRESS,lost,65523
Thirupathi,Thirupathi(SC)(23),NOTA,NONE OF THE ABOVE,nan,16118
Thirupathi,Thirupathi(SC)(23),PENUMURU. GURAPPA,BAHUJAN SAMAJ PARTY,lost,10506
Thirupathi,Thirupathi(SC)(23),KATTAMANCHI. PRABHAKAR,INDEPENDENT,lost,5802
Thirupathi,Thirupathi(SC)(23),M UMADEVI,JANATA CONGRESS,lost,5425
Thirupathi,Thirupathi(SC)(23),ALLAM.RAJA,INDEPENDENT,lost,4970
Thirupathi,Thirupathi(SC)(23),VIJAY KUMAR G.SRKR,LIBERATION CONGRESS PARTY,lost,4302
Thirupathi,Thirupathi(SC)(23),ANJAIAH.P,REPUBLICAN PARTY OF INDIA (A),lost,3666
Thirupathi,Thirupathi(SC)(23),V.C. NAVEEN GUPTA,INDEPENDENT,lost,1731
Thirupathi,Thirupathi(SC)(23),A. VARAPRASAD,JATIYA JANA SENA PARTY,lost,1698
Thirupathi,Thirupathi(SC)(23),SYAMDHAN KURAPATI,AIHRA NATIONAL PARTY,lost,1568
Thirupathi,Thirupathi(SC)(23),C. PUNYAMURTHY,UNITED REPUBLICAN PARTY OF INDIA,lost,1515
Thirupathi,Thirupathi(SC)(23),KARRA SIVA,PYRAMID PARTY OF INDIA,lost,1510
Thirupathi,Thirupathi(SC)(23),VELURU. THEJOVATHI,SAMAJWADI PARTY,lost,1389
Thirupathi,Thirupathi(SC)(23),C. DAVID,INDIAN BELIEVERS PARTY (IBP),lost,1239
Thirupathi,Thirupathi(SC)(23),K. JEEVARATHNAM,INDEPENDENT,lost,1204
Thirupathi,Thirupathi(SC)(23),DASARI. GOWTHAM,INDEPENDENT,lost,1087
Thirupathi,Thirupathi(SC)(23),VIJAYA KUMAR.G,INDEPENDENT,lost,801
Thirupathi,Thirupathi(SC)(23),A. MADHU,JAI HINDUSTAN PARTY,lost,711
Thirupathi,Thirupathi(SC)(23),B. BHARANI BAS,AMBEDKAR NATIONAL CONGRESS,lost,688
Thirupathi,Thirupathi(SC)(23),Y. MAHESH,INDEPENDENT,lost,622
Thirupathi,Thirupathi(SC)(23),PRASAD PATIBANDLA,INDEPENDENT,lost,608
Thiruvananthapuram,Thiruvananthapuram(20),SHASHI THAROOR,INDIAN NATIONAL CONGRESS,won,358155
Thiruvananthapuram,Thiruvananthapuram(20),RAJEEV CHANDRASEKHAR,BHARATIYA JANATA PARTY,lost,342078
Thiruvananthapuram,Thiruvananthapuram(20),PANNIAN RAVINDRAN,COMMUNIST PARTY OF INDIA,lost,247648
Thiruvananthapuram,Thiruvananthapuram(20),NOTA,NONE OF THE ABOVE,nan,6753
Thiruvananthapuram,Thiruvananthapuram(20),ADV RAJENDRAN,BAHUJAN SAMAJ PARTY,lost,2352
Thiruvananthapuram,Thiruvananthapuram(20),ADV SHINE LAL M P,INDEPENDENT,lost,1483
Thiruvananthapuram,Thiruvananthapuram(20),J J RUSSELL,INDEPENDENT,lost,1365
Thiruvananthapuram,Thiruvananthapuram(20),S MINI,SOCIALIST UNITY CENTRE OF INDIA (COMMUNIST),lost,1109
Thiruvananthapuram,Thiruvananthapuram(20),M S SUBI,INDEPENDENT,lost,599
Thiruvananthapuram,Thiruvananthapuram(20),NANDAVANAM SUSEELAN,INDEPENDENT,lost,420
Thiruvananthapuram,Thiruvananthapuram(20),CHALAI MOHANAN,INDEPENDENT,lost,400
Thiruvananthapuram,Thiruvananthapuram(20),SHAJU PALIYODU,INDEPENDENT,lost,388
Thiruvananthapuram,Thiruvananthapuram(20),SASI KONGAPALLY,INDEPENDENT,lost,233
Thrissur,Thrissur(10),SURESH GOPI,BHARATIYA JANATA PARTY,won,412338
Thrissur,Thrissur(10),ADV V S SUNILKUMAR,COMMUNIST PARTY OF INDIA,lost,337652
Thrissur,Thrissur(10),K MURALEEDHARAN,INDIAN NATIONAL CONGRESS,lost,328124
Thrissur,Thrissur(10),NOTA,NONE OF THE ABOVE,nan,6072
Thrissur,Thrissur(10),ADV P K NARAYANAN,BAHUJAN SAMAJ PARTY,lost,2019
Thrissur,Thrissur(10),SUNILKUMAR SON OF PRABHAKARAN,INDEPENDENT,lost,1952
Thrissur,Thrissur(10),DIVAKARAN PALLATH,NEW LABOUR PARTY,lost,819
Thrissur,Thrissur(10),PRATHAPAN,INDEPENDENT,lost,709
Thrissur,Thrissur(10),M S JAFARGHAN,INDEPENDENT,lost,698
Thrissur,Thrissur(10),JOSHI VILLADOM,INDEPENDENT,lost,493
Tripura East,Tripura East(2),KRITI DEVI DEBBARMAN,BHARATIYA JANATA PARTY,won,777447
Tripura East,Tripura East(2),RAJENDRA REANG,COMMUNIST PARTY OF INDIA (MARXIST),lost,290628
Tripura East,Tripura East(2),NOTA,NONE OF THE ABOVE,nan,18303
Tripura East,Tripura East(2),ARCHANA URANG,INDEPENDENT,lost,10922
Tripura East,Tripura East(2),DARSHAN KUMAR REANG,INDEPENDENT,lost,9269
Tripura East,Tripura East(2),SANTOJOY TRIPURA,INDEPENDENT,lost,6862
Tripura East,Tripura East(2),SHIB CHANDRA DEBBARMA,INDEPENDENT,lost,6719
Tripura East,Tripura East(2),SATRUGHNA JAMATIA,INDEPENDENT,lost,5967
Tripura East,Tripura East(2),KRISHNA MOHAN JAMATIA,INDEPENDENT,lost,4217
Tripura East,Tripura East(2),KALPA MOHAN TRIPURA,INDEPENDENT,lost,4011
Tripura West,Tripura West(1),BIPLAB KUMAR DEB,BHARATIYA JANATA PARTY,won,881341
Tripura West,Tripura West(1),ASISH KUMAR SAHA,INDIAN NATIONAL CONGRESS,lost,269763
Tripura West,Tripura West(1),NOTA,NONE OF THE ABOVE,nan,14612
Tripura West,Tripura West(1),RAMENDRA REANG,INDEPENDENT,lost,8932
Tripura West,Tripura West(1),ARUN KUMAR BHAUMIK,SOCIALIST UNITY CENTRE OF INDIA (COMMUNIST),lost,8784
Tripura West,Tripura West(1),GOURI SANKAR NANDI,INDEPENDENT,lost,8114
Tripura West,Tripura West(1),MILAN PADA MURASING,INDEPENDENT,lost,6652
Tripura West,Tripura West(1),BALARAM DEBBARMA,INDEPENDENT,lost,4479
Tripura West,Tripura West(1),BRAJALAL DEBNATH,INDEPENDENT,lost,3683
Tripura West,Tripura West(1),ARNAB ROY,REPUBLICAN PARTY OF INDIA (A),lost,3449
Tumkur,Tumkur(19),V. SOMANNA,BHARATIYA JANATA PARTY,won,720946
Tumkur,Tumkur(19),S.P. MUDDAHANUMEGOWDA,INDIAN NATIONAL CONGRESS,lost,545352
Tumkur,Tumkur(19),J.K. SAMI,INDEPENDENT,lost,6775
Tumkur,Tumkur(19),NOTA,NONE OF THE ABOVE,nan,6460
Tumkur,Tumkur(19),RAJASIMHA J. N.,BAHUJAN SAMAJ PARTY,lost,5554
Tumkur,Tumkur(19),S.N. SWAMY,SOCIALIST UNITY CENTRE OF INDIA (COMMUNIST),lost,4591
Tumkur,Tumkur(19),RANGANATHA. R.S,INDEPENDENT,lost,3132
Tumkur,Tumkur(19),MALLIKARJUNAIAH,INDEPENDENT,lost,1880
Tumkur,Tumkur(19),SIDDARAMEGOWDA T. B,INDEPENDENT,lost,1646
Tumkur,Tumkur(19),PRADEEP KUMAR DODDAMUDDEGOWDA,KARNATAKA RASHTRA SAMITHI,lost,1618
Tumkur,Tumkur(19),H.L. MOHAN KUMAR,INDEPENDENT,lost,893
Tumkur,Tumkur(19),PRAKASH. R.A. JAIN,INDEPENDENT,lost,863
Tumkur,Tumkur(19),NEELAKANTESHA. H S,INDEPENDENT,lost,719
Tumkur,Tumkur(19),R. PUSHPA,INDEPENDENT,lost,629
Tumkur,Tumkur(19),R. NARAYANAPPA,INDEPENDENT,lost,507
Tumkur,Tumkur(19),B. DEVARAJ,INDEPENDENT,lost,499
Tumkur,Tumkur(19),DR. H.B.M. HIREMATH,KANNADA PAKSHA,lost,477
Tumkur,Tumkur(19),KAPANIGOWDA.,INDEPENDENT,lost,471
Tumkur,Tumkur(19),BASAVARAJU. H.R,NATIONAL MAHA SABHA PARTY,lost,439
Tura,Tura(2),SALENG A SANGMA,INDIAN NATIONAL CONGRESS,won,383919
Tura,Tura(2),AGATHA K SANGMA,NATIONAL PEOPLE'S PARTY,lost,228678
Tura,Tura(2),ZENITH M SANGMA,ALL INDIA TRINAMOOL CONGRESS,lost,48709
Tura,Tura(2),LABENN CH MARAK,INDEPENDENT,lost,6910
Tura,Tura(2),NOTA,NONE OF THE ABOVE,nan,5840
UDAIPUR,UDAIPUR (19),MANNA LAL RAWAT,BHARATIYA JANATA PARTY,won,738286
UDAIPUR,UDAIPUR (19),TARACHAND MEENA,INDIAN NATIONAL CONGRESS,lost,476678
UDAIPUR,UDAIPUR (19),PRAKASH CHAND,BHARAT ADIVASI PARTY,lost,217138
UDAIPUR,UDAIPUR (19),NOTA,NONE OF THE ABOVE,nan,22948
UDAIPUR,UDAIPUR (19),DALPAT RAM GARASIA,BAHUJAN SAMAJ PARTY,lost,14460
UDAIPUR,UDAIPUR (19),DR. SAVITA KUMARI AHARI,INDEPENDENT,lost,8162
UDAIPUR,UDAIPUR (19),PRABHULAL MEENA,INDEPENDENT,lost,7996
UDAIPUR,UDAIPUR (19),RAJENDRA KUMAR MEENA,INDIAN PEOPLES GREEN PARTY,lost,6777
UDAIPUR,UDAIPUR (19),KANJI LAL DAMOR,INDEPENDENT,lost,5931
UDHAMPUR,UDHAMPUR(4),DR JITENDRA SINGH,BHARATIYA JANATA PARTY,won,571076
UDHAMPUR,UDHAMPUR(4),CH LAL SINGH,INDIAN NATIONAL CONGRESS,lost,446703
UDHAMPUR,UDHAMPUR(4),GHULAM MOHD SAROORI,INDEPENDENT,lost,39599
UDHAMPUR,UDHAMPUR(4),NOTA,NONE OF THE ABOVE,nan,12938
UDHAMPUR,UDHAMPUR(4),MEHRAJ DIN,INDEPENDENT,lost,9082
UDHAMPUR,UDHAMPUR(4),AMIT KUMAR,BAHUJAN SAMAJ PARTY,lost,8642
UDHAMPUR,UDHAMPUR(4),MOHD ALI GUJJAR,INDEPENDENT,lost,7158
UDHAMPUR,UDHAMPUR(4),MANOJ KUMAR,EKAM SANATAN BHARAT DAL,lost,6834
UDHAMPUR,UDHAMPUR(4),BALWAN SINGH,JAMMU & KASHMIR NATIONAL PANTHERS PARTY (BHIM),lost,3292
UDHAMPUR,UDHAMPUR(4),SWARN VEER SINGH JARAL,INDEPENDENT,lost,3088
UDHAMPUR,UDHAMPUR(4),DR PANKAJ SHARMA,INDEPENDENT,lost,2247
UDHAMPUR,UDHAMPUR(4),RAJESH MANCHANDA,INDEPENDENT,lost,1605
UDHAMPUR,UDHAMPUR(4),SACHIN GUPTA,INDEPENDENT,lost,1463
UJJAIN,UJJAIN(22),ANIL FIROJIYA,BHARATIYA JANATA PARTY,won,836104
UJJAIN,UJJAIN(22),MAHESH PARMAR,INDIAN NATIONAL CONGRESS,lost,460244
UJJAIN,UJJAIN(22),ADVOCATE PRAKASH CHOUHAN,BAHUJAN SAMAJ PARTY,lost,9518
UJJAIN,UJJAIN(22),NOTA,NONE OF THE ABOVE,nan,9332
UJJAIN,UJJAIN(22),DR. HEMANT PARMAR,BHIM SENA,lost,4976
UJJAIN,UJJAIN(22),SURESH BAGARI,INDEPENDENT,lost,2791
UJJAIN,UJJAIN(22),MAHESH PARMAR,INDEPENDENT,lost,2476
UJJAIN,UJJAIN(22),GANGA MALVIYA,INDEPENDENT,lost,1295
UJJAIN,UJJAIN(22),ANIL,INDEPENDENT,lost,981
UJJAIN,UJJAIN(22),ISHWARLAL VARSHI,INDEPENDENT,lost,863
Udupi Chikmagalur,Udupi Chikmagalur(15),KOTA SRINIVAS POOJARY,BHARATIYA JANATA PARTY,won,732234
Udupi Chikmagalur,Udupi Chikmagalur(15),K. JAYAPRAKASH HEGDE,INDIAN NATIONAL CONGRESS,lost,473059
Udupi Chikmagalur,Udupi Chikmagalur(15),NOTA,NONE OF THE ABOVE,nan,11269
Udupi Chikmagalur,Udupi Chikmagalur(15),K.T. RADHAKRISHNA,BAHUJAN SAMAJ PARTY,lost,5417
Udupi Chikmagalur,Udupi Chikmagalur(15),SUDHEER KANCHAN MARAKALA,INDEPENDENT,lost,2286
Udupi Chikmagalur,Udupi Chikmagalur(15),SACHIN B.K,UTTAMA PRAJAAKEEYA PARTY,lost,1333
Udupi Chikmagalur,Udupi Chikmagalur(15),M. K. DAYANANDA,PROUTIST SARVA SAMAJ,lost,1069
Udupi Chikmagalur,Udupi Chikmagalur(15),VIJAY KUMAR M. G,INDEPENDENT,lost,956
Udupi Chikmagalur,Udupi Chikmagalur(15),SUPREETH KUMAR POOJARY KATEEL,JANAHITHA PAKSHA,lost,690
Udupi Chikmagalur,Udupi Chikmagalur(15),SHABAREESH,KARUNADA SEVAKARA PARTY,lost,565
Udupi Chikmagalur,Udupi Chikmagalur(15),L. RANGANATH GOWDA,KARNATAKA RASHTRA SAMITHI,lost,540
Ujiarpur,Ujiarpur(22),NITYANAND RAI,BHARATIYA JANATA PARTY,won,515965
Ujiarpur,Ujiarpur(22),ALOK KUMAR MEHTA,RASHTRIYA JANATA DAL,lost,455863
Ujiarpur,Ujiarpur(22),NOTA,NONE OF THE ABOVE,nan,23269
Ujiarpur,Ujiarpur(22),SANJAY PASWAN,INDEPENDENT,lost,16963
Ujiarpur,Ujiarpur(22),MOHAN KUMAR MAURYA,BAHUJAN SAMAJ PARTY,lost,7101
Ujiarpur,Ujiarpur(22),RAKESH KUMAR,INDEPENDENT,lost,5957
Ujiarpur,Ujiarpur(22),SANTHOSH RAI,RASHTRIYA JANSAMBHAVNA PARTY,lost,4426
Ujiarpur,Ujiarpur(22),NARENDRA GIRI,INDEPENDENT,lost,3151
Ujiarpur,Ujiarpur(22),KISHOR KUMAR,INDEPENDENT,lost,2209
Ujiarpur,Ujiarpur(22),AMARESH RAY,INDEPENDENT,lost,2143
Ujiarpur,Ujiarpur(22),ANSHU KUMAR,SUBHASHWADI BHARTIYA SAMAJWADI PARTY (SUBHAS PARTY),lost,1756
Ujiarpur,Ujiarpur(22),RAMPUKAR RAY,SOCIALIST UNITY CENTRE OF INDIA (COMMUNIST),lost,1306
Ujiarpur,Ujiarpur(22),NIKKI JHA,JAGROOK JANTA PARTY,lost,1020
Ujiarpur,Ujiarpur(22),MANOJ KUMAR,JANTA RAJ VIKAS PARTY,lost,939
Uluberia,Uluberia(26),SAJDA AHMED,ALL INDIA TRINAMOOL CONGRESS,won,724622
Uluberia,Uluberia(26),ARUNUDAY PAULCHOWDHURY,BHARATIYA JANATA PARTY,lost,505949
Uluberia,Uluberia(26),AZAHAR MOLLICK,INDIAN NATIONAL CONGRESS,lost,78589
Uluberia,Uluberia(26),MOFIKUL ISLAM,ALL INDIA SECULAR FRONT,lost,38991
Uluberia,Uluberia(26),NOTA,NONE OF THE ABOVE,nan,11318
Uluberia,Uluberia(26),ARIT KARAK,INDEPENDENT,lost,7292
Uluberia,Uluberia(26),AMAL KUMAR DEYATI,BHARATIYA NYAY-ADHIKAR RAKSHA PARTY,lost,5451
Uluberia,Uluberia(26),RAMESH KHANRA,INDEPENDENT,lost,5104
Uluberia,Uluberia(26),BIMALESH KUMAR HELA,BAHUJAN SAMAJ PARTY,lost,4875
Uluberia,Uluberia(26),SK. SAPIYAR ALI,INDEPENDENT,lost,2924
Uluberia,Uluberia(26),NIKHIL BERA,SOCIALIST UNITY CENTRE OF INDIA (COMMUNIST),lost,2107
Uluberia,Uluberia(26),AMAL KUMAR BARMAN,INDEPENDENT,lost,2000
Uluberia,Uluberia(26),RAMPRASAD GHORAI,INDIAN UNITY CENTRE,lost,1572
Unnao,Unnao(33),SWAMI SACHCHIDANAND HARI SAKSHI,BHARATIYA JANATA PARTY,won,616133
Unnao,Unnao(33),ANNU TANDON,SAMAJWADI PARTY,lost,580315
Unnao,Unnao(33),ASHOK KUMAR PANDEY,BAHUJAN SAMAJ PARTY,lost,72527
Unnao,Unnao(33),NOTA,NONE OF THE ABOVE,nan,9453
Unnao,Unnao(33),SAIF KHAN,PARCHAM PARTY OF INDIA,lost,8404
Unnao,Unnao(33),UMESH,INDEPENDENT,lost,5635
Unnao,Unnao(33),SHIV PRAKASH SINGH,INDEPENDENT,lost,4118
Unnao,Unnao(33),SAIYYAD SARFARAZ GANDHI,INDEPENDENT,lost,3023
Unnao,Unnao(33),HIMANSHU SHARMA,BHARTIYA SHAKTI CHETNA PARTY,lost,2663
Uttara Kannada,Uttara Kannada(12),VISHWESHWAR HEGDE KAGERI,BHARATIYA JANATA PARTY,won,782495
Uttara Kannada,Uttara Kannada(12),DR. ANJALI NIMBALKAR,INDIAN NATIONAL CONGRESS,lost,445067
Uttara Kannada,Uttara Kannada(12),NOTA,NONE OF THE ABOVE,nan,10176
Uttara Kannada,Uttara Kannada(12),RAJSHEKHAR. SHANKAR. HINDALAGI.,INDEPENDENT,lost,5397
Uttara Kannada,Uttara Kannada(12),GANAPATI HEGDE,SOCIALIST UNITY CENTRE OF INDIA (COMMUNIST),lost,4472
Uttara Kannada,Uttara Kannada(12),NIRANJAN UDAYSINH SIRDESAI,INDEPENDENT,lost,4169
Uttara Kannada,Uttara Kannada(12),NAGARAJ. ANANT. SHIRALI.,INDEPENDENT,lost,2882
Uttara Kannada,Uttara Kannada(12),CHIDANAND HANUMANTHAPPA HARIJAN,INDEPENDENT,lost,1721
Uttara Kannada,Uttara Kannada(12),PRAJAAKEEYA SUNIL,UTTAMA PRAJAAKEEYA PARTY,lost,1566
Uttara Kannada,Uttara Kannada(12),VINAYAK NAIK,KARNATAKA RASHTRA SAMITHI,lost,1263
Uttara Kannada,Uttara Kannada(12),K. P. PATIL,INDEPENDENT,lost,956
Uttara Kannada,Uttara Kannada(12),KRISHNA BALEGAR,INDEPENDENT,lost,920
Uttara Kannada,Uttara Kannada(12),ARAVIND GOWDA,INDEPENDENT,lost,904
Uttara Kannada,Uttara Kannada(12),AVINASH. NARAYAN. PATIL.,INDEPENDENT,lost,773
VELLORE,VELLORE(8),DM KATHIR ANAND,DRAVIDA MUNNETRA KAZHAGAM,won,568692
VELLORE,VELLORE(8),AC SHANMUGAM,BHARATIYA JANATA PARTY,lost,352990
VELLORE,VELLORE(8),DR S PASUPATHI,ALL INDIA ANNA DRAVIDA MUNNETRA KAZHAGAM,lost,117682
VELLORE,VELLORE(8),D MAHESH ANAND,NAAM TAMILAR KATCHI,lost,53284
VELLORE,VELLORE(8),NOTA,NONE OF THE ABOVE,nan,8736
VELLORE,VELLORE(8),A NATARAJAN,BHARATIYA PRAJA AIKYATA PARTY,lost,4005
VELLORE,VELLORE(8),SHANMUGAVELU,INDEPENDENT,lost,3576
VELLORE,VELLORE(8),MANSOOR ALI KHAN,INDEPENDENT,lost,2804
VELLORE,VELLORE(8),SYED ALI D,INDEPENDENT,lost,2124
VELLORE,VELLORE(8),P SHANMUGAM,INDEPENDENT,lost,2039
VELLORE,VELLORE(8),NAGARAJ P,INDEPENDENT,lost,1959
VELLORE,VELLORE(8),K JAYAMANI,BAHUJAN SAMAJ PARTY,lost,1702
VELLORE,VELLORE(8),D SARAVANAN,INDEPENDENT,lost,1497
VELLORE,VELLORE(8),MP SHANMUGAM,INDEPENDENT,lost,868
VELLORE,VELLORE(8),N SIVAKUMAR,INDEPENDENT,lost,701
VELLORE,VELLORE(8),AFROSE,INDEPENDENT,lost,673
VELLORE,VELLORE(8),A BEEMARAO MILINTHAR,UNITED REPUBLICAN PARTY OF INDIA,lost,670
VELLORE,VELLORE(8),DR S JAYARAJ,INDEPENDENT,lost,661
VELLORE,VELLORE(8),K SHANMUGAM,INDEPENDENT,lost,616
VELLORE,VELLORE(8),V KALIAPERUMAL,GANASANGAM PARTY OF INDIA,lost,600
VELLORE,VELLORE(8),G SHANMUGAM,INDEPENDENT,lost,572
VELLORE,VELLORE(8),PP JAYAPRAKASH,INDEPENDENT,lost,461
VELLORE,VELLORE(8),PASUPATHI,INDEPENDENT,lost,415
VELLORE,VELLORE(8),S WILLIAM SATHYARAJ,TAMIL MANILA MURPOKKU DRAVIDA KAZHAGAM,lost,377
VELLORE,VELLORE(8),M BABU,INDEPENDENT,lost,306
VELLORE,VELLORE(8),B JAGAN,INDEPENDENT,lost,285
VELLORE,VELLORE(8),AHMED RAASHID PALLIMIRA,INDEPENDENT,lost,273
VELLORE,VELLORE(8),SHANMUGASUNDARAM,INDEPENDENT,lost,251
VELLORE,VELLORE(8),C MADHAVAN,INDEPENDENT,lost,202
VELLORE,VELLORE(8),T JOHNSON,INDEPENDENT,lost,174
VELLORE,VELLORE(8),E RAJKUMAR,INDEPENDENT,lost,133
VELLORE,VELLORE(8),C RAMACHANDHIRAN,INDEPENDENT,lost,130
VIDISHA,VIDISHA(18),SHIVRAJ SINGH CHOUHAN,BHARATIYA JANATA PARTY,won,1116460
VIDISHA,VIDISHA(18),PRATAPBHANU SHARMA,INDIAN NATIONAL CONGRESS,lost,295052
VIDISHA,VIDISHA(18),KISHAN LAL LADIYA,BAHUJAN SAMAJ PARTY,lost,10816
VIDISHA,VIDISHA(18),NOTA,NONE OF THE ABOVE,nan,9280
VIDISHA,VIDISHA(18),KAMLESH KUMAR GOUR,JAI PRAKASH JANATA DAL,lost,8178
VIDISHA,VIDISHA(18),DHOOLSINGH DHAMMA,INDEPENDENT,lost,3424
VIDISHA,VIDISHA(18),SATYENDRA SINGH SISODIYA,INDEPENDENT,lost,2925
VIDISHA,VIDISHA(18),DHARMVIR BHARTI,AKHIL BHARTIYA PARIVAR PARTY,lost,2819
VIDISHA,VIDISHA(18),ABDUL RASHID,INDEPENDENT,lost,1682
VIDISHA,VIDISHA(18),BHAI MUNSHILAL SILAWAT,PUBLIC POLITICAL PARTY,lost,1117
VIDISHA,VIDISHA(18),ABDUL JABBAR,INDEPENDENT,lost,1082
VIDISHA,VIDISHA(18),SEEMA SHARMA,SAPAKS PARTY,lost,1073
VIDISHA,VIDISHA(18),DHARMENDRA SINGH PANWAR (GOLU BHAIYA),RIGHT TO RECALL PARTY,lost,1026
VIDISHA,VIDISHA(18),BHEEKAM SINGH KUSHWAHA,MAHANWADI PARTY,lost,724
VILUPPURAM,VILUPPURAM(13),RAVIKUMAR. D,VIDUTHALAI CHIRUTHAIGAL KATCHI,won,477033
VILUPPURAM,VILUPPURAM(13),BHAGYARAJ. J,ALL INDIA ANNA DRAVIDA MUNNETRA KAZHAGAM,lost,406330
VILUPPURAM,VILUPPURAM(13),MURALI SANKAR. S,PATTALI MAKKAL KATCHI,lost,181882
VILUPPURAM,VILUPPURAM(13),KALANCHIYAM. M,NAAM TAMILAR KATCHI,lost,57242
VILUPPURAM,VILUPPURAM(13),NOTA,NONE OF THE ABOVE,nan,8966
VILUPPURAM,VILUPPURAM(13),KARUNCHIRUTHAI KALIYAMURTHY. K,BAHUJAN SAMAJ PARTY,lost,3920
VILUPPURAM,VILUPPURAM(13),ARUMUGAM. M,UNITED REPUBLICAN PARTY OF INDIA,lost,3504
VILUPPURAM,VILUPPURAM(13),DHARMA. K,INDEPENDENT,lost,2382
VILUPPURAM,VILUPPURAM(13),VIVEKANANDHAN. E,INDEPENDENT,lost,1953
VILUPPURAM,VILUPPURAM(13),ARASAN. K,INDEPENDENT,lost,1842
VILUPPURAM,VILUPPURAM(13),VIGNESVARAN. R,INDEPENDENT,lost,1656
VILUPPURAM,VILUPPURAM(13),SURESH. S,INDEPENDENT,lost,1397
VILUPPURAM,VILUPPURAM(13),PERIYAN. A,INDEPENDENT,lost,1049
VILUPPURAM,VILUPPURAM(13),GUNASEKARAN. K,INDEPENDENT,lost,963
VILUPPURAM,VILUPPURAM(13),VIJAYAN. A,INDEPENDENT,lost,861
VILUPPURAM,VILUPPURAM(13),NAGARAJ. A,INDEPENDENT,lost,674
VILUPPURAM,VILUPPURAM(13),SURESH. K,INDEPENDENT,lost,598
VILUPPURAM,VILUPPURAM(13),SATHIYARAJ. N,INDEPENDENT,lost,415
VIRUDHUNAGAR,VIRUDHUNAGAR(34),MANICKAM TAGORE B,INDIAN NATIONAL CONGRESS,won,385256
VIRUDHUNAGAR,VIRUDHUNAGAR(34),VIJAYAPRABHAKARAN V,DESIYA MURPOKKU DRAVIDA KAZHAGAM,lost,380877
VIRUDHUNAGAR,VIRUDHUNAGAR(34),RADIKAA R,BHARATIYA JANATA PARTY,lost,166271
VIRUDHUNAGAR,VIRUDHUNAGAR(34),KAUSHIK S,NAAM TAMILAR KATCHI,lost,77031
VIRUDHUNAGAR,VIRUDHUNAGAR(34),NOTA,NONE OF THE ABOVE,nan,9408
VIRUDHUNAGAR,VIRUDHUNAGAR(34),RAJESH,INDEPENDENT,lost,6173
VIRUDHUNAGAR,VIRUDHUNAGAR(34),ASHOK KUMAR M,BHARATIYA PRAJA AIKYATA PARTY,lost,5293
VIRUDHUNAGAR,VIRUDHUNAGAR(34),SEKAR S,HINDU SAMAJ PARTY,lost,3446
VIRUDHUNAGAR,VIRUDHUNAGAR(34),MANIKANDAN M,INDEPENDENT,lost,3346
VIRUDHUNAGAR,VIRUDHUNAGAR(34),MAYAK KANNAN,INDEPENDENT,lost,2751
VIRUDHUNAGAR,VIRUDHUNAGAR(34),MAHENDRA RAMAKRISHNAN P,INDEPENDENT,lost,2405
VIRUDHUNAGAR,VIRUDHUNAGAR(34),SURESH,BAHUJAN SAMAJ PARTY,lost,2397
VIRUDHUNAGAR,VIRUDHUNAGAR(34),SELVI K,INDEPENDENT,lost,2188
VIRUDHUNAGAR,VIRUDHUNAGAR(34),PANDIYAMMAL R,INDEPENDENT,lost,2133
VIRUDHUNAGAR,VIRUDHUNAGAR(34),SUDALAIMANI M,INDEPENDENT,lost,1359
VIRUDHUNAGAR,VIRUDHUNAGAR(34),PALANICHAMY P,BAHUJAN DRAVIDA PARTY,lost,1263
VIRUDHUNAGAR,VIRUDHUNAGAR(34),PALANISAMY K,INDEPENDENT,lost,1257
VIRUDHUNAGAR,VIRUDHUNAGAR(34),VENKATESWARAN V K,INDEPENDENT,lost,1247
VIRUDHUNAGAR,VIRUDHUNAGAR(34),SELVARAJAN V V,INDEPENDENT,lost,1121
VIRUDHUNAGAR,VIRUDHUNAGAR(34),MARIEESWARI M,INDEPENDENT,lost,1110
VIRUDHUNAGAR,VIRUDHUNAGAR(34),SANKARANARAYANAN N,INDEPENDENT,lost,998
VIRUDHUNAGAR,VIRUDHUNAGAR(34),SELVAKUMAR M,INDEPENDENT,lost,902
VIRUDHUNAGAR,VIRUDHUNAGAR(34),MUTHUKANNU C,TAMILAGA MAKKAL NALA KATCHI,lost,761
VIRUDHUNAGAR,VIRUDHUNAGAR(34),MARISELVAM S,ALL INDIA PEOPLE DEVELOPMENT PARTY,lost,711
VIRUDHUNAGAR,VIRUDHUNAGAR(34),JEYARAJ T,INDEPENDENT,lost,610
VIRUDHUNAGAR,VIRUDHUNAGAR(34),VEDHA @ DHAMODHARAN,INDEPENDENT,lost,600
VIRUDHUNAGAR,VIRUDHUNAGAR(34),RAJAGOPAL S,INDEPENDENT,lost,527
VIRUDHUNAGAR,VIRUDHUNAGAR(34),GANESHAMOORTHI G,INDEPENDENT,lost,460
Vadakara,Vadakara(3),SHAFI PARAMBIL,INDIAN NATIONAL CONGRESS,won,557528
Vadakara,Vadakara(3),K K SHAILAJA TEACHER,COMMUNIST PARTY OF INDIA (MARXIST),lost,443022
Vadakara,Vadakara(3),PRAPHUL KRISHNAN,BHARATIYA JANATA PARTY,lost,111979
Vadakara,Vadakara(3),SHAFI T P,INDEPENDENT,lost,3764
Vadakara,Vadakara(3),NOTA,NONE OF THE ABOVE,nan,2909
Vadakara,Vadakara(3),K K SHYLAJA,INDEPENDENT,lost,1179
Vadakara,Vadakara(3),KUNHIKANNAN PAYYOLI,INDEPENDENT,lost,869
Vadakara,Vadakara(3),SHYLAJA,INDEPENDENT,lost,680
Vadakara,Vadakara(3),SHAFI,INDEPENDENT,lost,422
Vadakara,Vadakara(3),SYLAJA P,INDEPENDENT,lost,326
Vadakara,Vadakara(3),MURALIDHARAN,INDEPENDENT,lost,269
Vadodara,Vadodara(20),DR. HEMANG JOSHI,BHARATIYA JANATA PARTY,won,873189
Vadodara,Vadodara(20),PADHIYAR JASHPALSINH MAHENDRASINH (BAPU),INDIAN NATIONAL CONGRESS,lost,291063
Vadodara,Vadodara(20),NOTA,NONE OF THE ABOVE,nan,18388
Vadodara,Vadodara(20),JADAV AMITKUMAR RAMJIBHAI,BAHUJAN SAMAJ PARTY,lost,7529
Vadodara,Vadodara(20),RAJESH RATHOD,INDEPENDENT,lost,5469
Vadodara,Vadodara(20),ANILBHAI SHARMA,HINDRASHTRA SANGH,lost,3453
Vadodara,Vadodara(20),DR. RAHUL VASUDEVBHAI VYAS,INDEPENDENT,lost,2752
Vadodara,Vadodara(20),PARMAR MAYURSINH ARVINDSINH,INDEPENDENT,lost,2208
Vadodara,Vadodara(20),NILKANTHKUMAR MANSUKHLAL MISTRI,INDEPENDENT,lost,1756
Vadodara,Vadodara(20),PARMAR HEMANTKUMAR ARVINDBHAI,INDEPENDENT,lost,1411
Vadodara,Vadodara(20),TAPAN DASGUPTA,SOCIALIST UNITY CENTRE OF INDIA (COMMUNIST),lost,1275
Vadodara,Vadodara(20),ATUL GAMECHI,INDEPENDENT,lost,1084
Vadodara,Vadodara(20),PARTHIV VIJAYKUMAR DAVE,RIGHT TO RECALL PARTY,lost,1057
Vadodara,Vadodara(20),NILESH JAGANNATH VASAIKAR,INDEPENDENT,lost,858
Vadodara,Vadodara(20),DOSHI HARDIK BIPINBHAI,SATYAWADI RAKSHAK PARTY,lost,657
Vaishali,Vaishali(16),VEENA DEVI,LOK JANSHAKTI PARTY(RAM VILAS),won,567043
Vaishali,Vaishali(16),VIJAY KUMAR SHUKLA,RASHTRIYA JANATA DAL,lost,477409
Vaishali,Vaishali(16),VIKKY KUMAR,INDEPENDENT,lost,34256
Vaishali,Vaishali(16),NOTA,NONE OF THE ABOVE,nan,27460
Vaishali,Vaishali(16),SHAMBHU KUMAR SINGH,BAHUJAN SAMAJ PARTY,lost,21436
Vaishali,Vaishali(16),RAJ NARAYAN YADAV,INDEPENDENT,lost,9616
Vaishali,Vaishali(16),PARAMHANS SINGH,INDEPENDENT,lost,5317
Vaishali,Vaishali(16),HARI NARAYAN RAM,VIRO KE VIR INDIAN PARTY,lost,5100
Vaishali,Vaishali(16),RAMESHWAR MAHTO,BHARTIYA SARTHAK PARTY,lost,4150
Vaishali,Vaishali(16),KUMAR SHISHIR,INDEPENDENT,lost,3907
Vaishali,Vaishali(16),MUHAMAD AVAS,INDEPENDENT,lost,3758
Vaishali,Vaishali(16),ABHA RAY,PEOPLES PARTY OF INDIA (DEMOCRATIC),lost,3274
Vaishali,Vaishali(16),NARESH RAM,SOCIALIST UNITY CENTRE OF INDIA (COMMUNIST),lost,3009
Vaishali,Vaishali(16),VINOD KUMAR SHARMA,JANTANTRA AWAJ PARTY,lost,2934
Vaishali,Vaishali(16),ANIKET RAJ,RASHTRIYA SAMAJ PAKSHA,lost,2025
Vaishali,Vaishali(16),BALENDRA TIWARY,HINDUSTAN JANTA PARTY SECULAR,lost,1366
Valmiki Nagar,Valmiki Nagar (1),SUNIL KUMAR,JANATA DAL (UNITED),won,523422
Valmiki Nagar,Valmiki Nagar (1),DEEPAK YADAV,RASHTRIYA JANATA DAL,lost,424747
Valmiki Nagar,Valmiki Nagar (1),NOTA,NONE OF THE ABOVE,nan,30709
Valmiki Nagar,Valmiki Nagar (1),PRAVESH KUMAR MISHRA @ ANUP,INDEPENDENT,lost,23225
Valmiki Nagar,Valmiki Nagar (1),DINESH AGRAWAL,INDEPENDENT,lost,19810
Valmiki Nagar,Valmiki Nagar (1),DURGESH SINGH CHAUHAN,BAHUJAN SAMAJ PARTY,lost,18816
Valmiki Nagar,Valmiki Nagar (1),CHANDRESHWAR MISHRA,INDEPENDENT,lost,13598
Valmiki Nagar,Valmiki Nagar (1),SHAFI MOHAMMAD MIYA,AAZAD SAMAJ PARTY (KANSHI RAM),lost,13432
Valmiki Nagar,Valmiki Nagar (1),PARSHURAM SAH,INDEPENDENT,lost,12150
Valmiki Nagar,Valmiki Nagar (1),NABA KUMAR SARANIA (HIRA BHAI),GANA SURAKSHA PARTY,lost,11423
Valmiki Nagar,Valmiki Nagar (1),SHAMBHU PRASAD,INDEPENDENT,lost,10498
Valsad,Valsad(26),DHAVAL LAXMANBHAI PATEL,BHARATIYA JANATA PARTY,won,764226
Valsad,Valsad(26),ANANTKUMAR HASMUKHBHAI PATEL,INDIAN NATIONAL CONGRESS,lost,553522
Valsad,Valsad(26),NOTA,NONE OF THE ABOVE,nan,18373
Valsad,Valsad(26),MANAKBHAI JATRUBHAI SHANKAR,BAHUJAN SAMAJ PARTY,lost,7499
Valsad,Valsad(26),RAMANBHAI KARSHANBHAI PATEL,INDEPENDENT,lost,6745
Valsad,Valsad(26),JAYANTIBHAI KHANDUBHAI SHALUA,VIRO KE VIR INDIAN PARTY,lost,4774
Valsad,Valsad(26),CHIRAGKUMAR BHARATBHAI PATEL,INDEPENDENT,lost,3440
Valsad,Valsad(26),UMESHBHAI MAGANBHAI PATEL,BAHUJAN REPUBLICAN SOCIALIST PARTY,lost,2832
Varanasi,Varanasi(77),NARENDRA MODI,BHARATIYA JANATA PARTY,won,612970
Varanasi,Varanasi(77),AJAY RAI,INDIAN NATIONAL CONGRESS,lost,460457
Varanasi,Varanasi(77),ATHER JAMAL LARI,BAHUJAN SAMAJ PARTY,lost,33766
Varanasi,Varanasi(77),NOTA,NONE OF THE ABOVE,nan,8478
Varanasi,Varanasi(77),KOLISETTY SHIVA KUMAR,YUGA THULASI PARTY,lost,5750
Varanasi,Varanasi(77),GAGAN PRAKASH YADAV,APNA DAL (KAMERAWADI),lost,3634
Varanasi,Varanasi(77),DINESH KUMAR YADAV,INDEPENDENT,lost,2917
Varanasi,Varanasi(77),SANJAY KUMAR TIWARI,INDEPENDENT,lost,2171
Vijayawada,Vijayawada(12),KESINENI SIVANATH (CHINNI),TELUGU DESAM,won,794154
Vijayawada,Vijayawada(12),KESINENI SRINIVAS (NANI),YUVAJANA SRAMIKA RYTHU CONGRESS PARTY,lost,512069
Vijayawada,Vijayawada(12),BHARGAV VALLURU,INDIAN NATIONAL CONGRESS,lost,24106
Vijayawada,Vijayawada(12),NOTA,NONE OF THE ABOVE,nan,9193
Vijayawada,Vijayawada(12),KRISHNA KISHORE YANAMANDRA,NAVATARAM PARTY,lost,7878
Vijayawada,Vijayawada(12),VENKATA ASHOK PAPPURI,INDEPENDENT,lost,6672
Vijayawada,Vijayawada(12),DEVARAPALLI MALLIKARJUNA RAO (MAHESH),INDEPENDENT,lost,3199
Vijayawada,Vijayawada(12),MEKA VENKATESWARA RAO,BAHUJAN SAMAJ PARTY,lost,2233
Vijayawada,Vijayawada(12),ANIL KUMAR MADDINENI,INDEPENDENT,lost,1240
Vijayawada,Vijayawada(12),BARRE SREENIVASARAO (JAI BHEEM SRINIVAS),TELUGU RAJADHIKARA SAMITI PARTY,lost,615
Vijayawada,Vijayawada(12),SYED KHAMURUNNISA,NAVARANG CONGRESS PARTY,lost,601
Vijayawada,Vijayawada(12),CHAGANTIPATI GANGADHAR GANDHI,PYRAMID PARTY OF INDIA,lost,489
Vijayawada,Vijayawada(12),DATLA LURTHU MERI,JAIBHIM RAO BHARAT PARTY,lost,417
Vijayawada,Vijayawada(12),PERAM SIVA NAGESWARA RAO,REPUBLICAN PARTY OF INDIA (ATHAWALE),lost,368
Vijayawada,Vijayawada(12),DEVARASETTY RAVEENDRA BABU,ANDHRA RASTRA PRAJA SAMITHI,lost,331
Vijayawada,Vijayawada(12),GUJJULA LALITHA,SOCIALIST UNITY CENTRE OF INDIA (COMMUNIST),lost,327
Vijayawada,Vijayawada(12),N DASARADHA RAMI REDDY,ALL INDIA JAIHIND PARTY,lost,269
Vijayawada,Vijayawada(12),CHINTHALACHERUVU HEMALATHA,JAI MAHA BHARATH PARTY,lost,244
Visakhapatnam,Visakhapatnam(4),SRIBHARAT MATHUKUMILI,TELUGU DESAM,won,907467
Visakhapatnam,Visakhapatnam(4),JHANSI LAKSHMI. BOTCHA.,YUVAJANA SRAMIKA RYTHU CONGRESS PARTY,lost,403220
Visakhapatnam,Visakhapatnam(4),P. SATYA REDDY,INDIAN NATIONAL CONGRESS,lost,30267
Visakhapatnam,Visakhapatnam(4),K.A. PAUL,PRAJA SHANTHI PARTY,lost,7696
Visakhapatnam,Visakhapatnam(4),PEDAPENKI SIVA PRASADA RAO,BAHUJAN SAMAJ PARTY,lost,6091
Visakhapatnam,Visakhapatnam(4),NOTA,NONE OF THE ABOVE,nan,5313
Visakhapatnam,Visakhapatnam(4),BIKKAVOLU. CHALAMAJI,NAVARANG CONGRESS PARTY,lost,4884
Visakhapatnam,Visakhapatnam(4),V.N. SATYA NARAYANA,RASHTRIYA PRAJA CONGRESS (SECULAR),lost,2537
Visakhapatnam,Visakhapatnam(4),ARUNA SRI MURALA,INDEPENDENT,lost,1993
Visakhapatnam,Visakhapatnam(4),VASUPILLI SURESH,INDEPENDENT,lost,1933
Visakhapatnam,Visakhapatnam(4),SONDI KRISHNA.,INDEPENDENT,lost,1818
Visakhapatnam,Visakhapatnam(4),ANDUKURI VIJAYA BHASKAR,INDIA PRAJA BANDHU PARTY,lost,1109
Visakhapatnam,Visakhapatnam(4),DR. GANAPATHI KONGARAPU.,REPUBLICAN PARTY OF INDIA (A),lost,950
Visakhapatnam,Visakhapatnam(4),BANNA. RAMESH,DALITA BAHUJANA PARTY,lost,948
Visakhapatnam,Visakhapatnam(4),P. SATYA VANI,PYRAMID PARTY OF INDIA,lost,882
Visakhapatnam,Visakhapatnam(4),DURGA PRASAD. GUNTU,BHARTIYA RASHTRIYA DAL,lost,767
Visakhapatnam,Visakhapatnam(4),CHAPPIDI RAMU,INDEPENDENT,lost,757
Visakhapatnam,Visakhapatnam(4),M.G.M. KHAN,INDEPENDENT,lost,742
Visakhapatnam,Visakhapatnam(4),SHANKAR DEVARA YADAV,INDEPENDENT,lost,661
Visakhapatnam,Visakhapatnam(4),VENU MADHAV KARRI,INDEPENDENT,lost,647
Visakhapatnam,Visakhapatnam(4),DR. ACHUTHA BALAJI YADAV (MURAPALA),BHARATHA CHAITANYA YUVAJANA PARTY,lost,638
Visakhapatnam,Visakhapatnam(4),THOTA VENKATA SAI MUKUND,PRAJA PRASTHANAM PARTY,lost,633
Visakhapatnam,Visakhapatnam(4),PIDIDHI APPARAO,INDEPENDENT,lost,580
Visakhapatnam,Visakhapatnam(4),G.A.N. ANAND,INDEPENDENT,lost,543
Visakhapatnam,Visakhapatnam(4),VADDI. HARI GANESH,INDEPENDENT,lost,520
Visakhapatnam,Visakhapatnam(4),JANARDHAN PONNADA.,INDEPENDENT,lost,500
Visakhapatnam,Visakhapatnam(4),GANAPATHI. JAGADEESWARA RAO (JAGADEESH),JAI MAHA BHARATH PARTY,lost,500
Visakhapatnam,Visakhapatnam(4),JALADI VIJAYA KUMARI,SAMAJWADI PARTY,lost,466
Visakhapatnam,Visakhapatnam(4),CHINTADA SURYAM,NABA BHARATA NIRMANA SEVA PARTY,lost,448
Visakhapatnam,Visakhapatnam(4),GANDIKOTA RAJESH,NAVATARAM PARTY,lost,393
Visakhapatnam,Visakhapatnam(4),KOLLI NAGA RAJU,INDEPENDENT,lost,329
Visakhapatnam,Visakhapatnam(4),METTA RAMA RAO,INDEPENDENT,lost,326
Visakhapatnam,Visakhapatnam(4),LAGUDU. GOVINDA RAO,INDEPENDENT,lost,294
Visakhapatnam,Visakhapatnam(4),MALLA SRAVANI,INDEPENDENT,lost,273
Vizianagaram,Vizianagaram(3),APPALANAIDU KALISETTI,TELUGU DESAM,won,743113
Vizianagaram,Vizianagaram(3),BELLANA CHANDRASEKHAR,YUVAJANA SRAMIKA RYTHU CONGRESS PARTY,lost,493762
Vizianagaram,Vizianagaram(3),NOTA,NONE OF THE ABOVE,nan,23250
Vizianagaram,Vizianagaram(3),BOBBILI SRINU,INDIAN NATIONAL CONGRESS,lost,10623
Vizianagaram,Vizianagaram(3),PEERUBANDI PRAKASH RAO,BAHUJAN SAMAJ PARTY,lost,8038
Vizianagaram,Vizianagaram(3),VELURI VENKATA TRINADHARAO,INDEPENDENT,lost,4152
Vizianagaram,Vizianagaram(3),ALLU SRIRAMULU,INDEPENDENT,lost,3401
Vizianagaram,Vizianagaram(3),SIYYADULA YELLA RAO,INDEPENDENT,lost,3107
Vizianagaram,Vizianagaram(3),SRINIVASA RAO SAMBHANA,YUGA THULASI PARTY,lost,1761
Vizianagaram,Vizianagaram(3),MARISERLA KRISHNAMURTHY NAIDU,INDEPENDENT,lost,1629
Vizianagaram,Vizianagaram(3),VANGAPANDU MAHESWARA RAO,NABA BHARATA NIRMANA SEVA PARTY,lost,1553
Vizianagaram,Vizianagaram(3),CHINNAM ARUNA KUMAR,JAIBHIM RAO BHARAT PARTY,lost,1411
Vizianagaram,Vizianagaram(3),ATCHIYYA NAIDU SAMIREDDY,SAMAJWADI PARTY,lost,1070
Vizianagaram,Vizianagaram(3),ADINARAYANA TADDI,INDEPENDENT,lost,856
Vizianagaram,Vizianagaram(3),P V A ANANDA SAGAR,INDEPENDENT,lost,791
Vizianagaram,Vizianagaram(3),SAKHINETI ANANTHA RAJU,PYRAMID PARTY OF INDIA,lost,725
Warangal,Warangal(15),KADIYAM KAVYA,INDIAN NATIONAL CONGRESS,won,581294
Warangal,Warangal(15),AROORI RAMESH,BHARATIYA JANATA PARTY,lost,360955
Warangal,Warangal(15),Dr. MARAPALLY SUDHEER KUMAR,BHARAT RASHTRA SAMITHI,lost,232033
Warangal,Warangal(15),AMBOJU BUDDAIAH,ALLIANCE OF DEMOCRATIC REFORMS PARTY,lost,11115
Warangal,Warangal(15),KALPANA PANJA,BAHUJAN SAMAJ PARTY,lost,9327
Warangal,Warangal(15),NOTA,NONE OF THE ABOVE,nan,8380
Warangal,Warangal(15),KONGARA ANIL KUMAR,INDEPENDENT,lost,6259
Warangal,Warangal(15),ANIL KUMAR GADEPAKA,INDEPENDENT,lost,4486
Warangal,Warangal(15),BUNGA JYOTHI RAMANA,AIHRA NATIONAL PARTY,lost,4265
Warangal,Warangal(15),MEKALA SUMAN,DHARMA SAMAJ PARTY,lost,4038
Warangal,Warangal(15),AR NENA PREM READY RIPEEKA,MANA TELANGANA RASHTRA SAMAIKYA PARTY,lost,3634
Warangal,Warangal(15),KOYYADA NARESH,INDEPENDENT,lost,3286
Warangal,Warangal(15),PRAMEELA JANNU,INDEPENDENT,lost,3022
Warangal,Warangal(15),BARIGELA SHIVA,INDEPENDENT,lost,2949
Warangal,Warangal(15),S P K SAGAR,JAI MAHA BHARATH PARTY,lost,2773
Warangal,Warangal(15),PASULA RAVI,REPUBLICAN PARTY OF INDIA (ATHAWALE),lost,2239
Warangal,Warangal(15),DEVARAJU PENDELA,RASHTRIYA PRAJA CONGRESS (SECULAR),lost,2083
Warangal,Warangal(15),POTHARAJU NARASIMHARAJU,INDEPENDENT,lost,1955
Warangal,Warangal(15),BOLLAM VIJAY KUMAR,INDEPENDENT,lost,1825
Warangal,Warangal(15),MACHA DEVENDER,VIDUTHALAI CHIRUTHAIGAL KATCHI,lost,1769
Warangal,Warangal(15),NARMADA PRAVEEN,PYRAMID PARTY OF INDIA,lost,1664
Warangal,Warangal(15),ROOPA POLEPAKA,INDEPENDENT,lost,1659
Warangal,Warangal(15),DHAYAKAR GAJJI,INDEPENDENT,lost,1638
Warangal,Warangal(15),POGULA ASHOK,INDEPENDENT,lost,1337
Warangal,Warangal(15),THANDRA ESHWAR,INDEPENDENT,lost,1292
Warangal,Warangal(15),MANDA NARESH,INDEPENDENT,lost,1051
Warangal,Warangal(15),KOTHAPALLI SAVITHRI,MARXIST COMMUNIST PARTY OF INDIA (UNITED),lost,1023
Warangal,Warangal(15),BOCHU RAJU,INDEPENDENT,lost,913
Warangal,Warangal(15),PUTTA VINOD KUMAR,INDEPENDENT,lost,909
Warangal,Warangal(15),PAITHARA ACHYUTH,INDEPENDENT,lost,906
Warangal,Warangal(15),MANGALAPELLI ASHAIAH,INDEPENDENT,lost,847
Warangal,Warangal(15),GADDAM CHIRANJEEVI,INDEPENDENT,lost,826
Warangal,Warangal(15),MOTHKUPELLY PRABHAKAR,INDEPENDENT,lost,819
Warangal,Warangal(15),GANNARAPU RAVINDER,INDEPENDENT,lost,752
Warangal,Warangal(15),GANIPAKA PRADEEP,INDEPENDENT,lost,713
Warangal,Warangal(15),RAMESH BABU SHANIGARAPU,INDEPENDENT,lost,662
Warangal,Warangal(15),Dr GADAM MALLESH,JAI BHARAT NATIONAL PARTY,lost,567
Warangal,Warangal(15),THALLAPALLY VENKATAIAH,INDEPENDENT,lost,538
Warangal,Warangal(15),BASHIPAKA SUDHAKAR,INDEPENDENT,lost,505
Warangal,Warangal(15),RK GANAPURAM,INDEPENDENT,lost,474
Warangal,Warangal(15),CHILUVERU PRATHAP,INDEPENDENT,lost,401
Warangal,Warangal(15),THATIKAYALA SATHISH BABU,INDEPENDENT,lost,384
Warangal,Warangal(15),CHILUMULLA SUJATHA,INDEPENDENT,lost,379
Wardha,Wardha(8),AMAR SHARADRAO KALE,NATIONALIST CONGRESS PARTY – SHARADCHANDRA PAWAR,won,533106
Wardha,Wardha(8),RAMDAS CHANDRABHAN TADAS,BHARATIYA JANATA PARTY,lost,451458
Wardha,Wardha(8),DR. MOHAN RAMRAOJI RAIKWAR,BAHUJAN SAMAJ PARTY,lost,20795
Wardha,Wardha(8),PROF. RAJENDRA GULABRAO SALUNKHE,VANCHIT BAHUJAN AAGHADI,lost,15492
Wardha,Wardha(8),ASIF,INDEPENDENT,lost,15182
Wardha,Wardha(8),KISHOR BABA PAVAR,INDEPENDENT,lost,12920
Wardha,Wardha(8),SUHAS V. THAKARE,INDEPENDENT,lost,7648
Wardha,Wardha(8),AKSHAY MEHARE BHARTIYA,AKHIL BHARTIYA PARIVAR PARTY,lost,5467
Wardha,Wardha(8),MAROTI GULABRAO UIKE,GONDVANA GANTANTRA PARTY,lost,4672
Wardha,Wardha(8),NOTA,NONE OF THE ABOVE,nan,4634
Wardha,Wardha(8),ADV. BHASKAR MAROTRAO NEWARE,INDEPENDENT,lost,4032
Wardha,Wardha(8),JAGADISH UDDVRAO WANKHADE,INDEPENDENT,lost,2349
Wardha,Wardha(8),POOJA PANKAJ TADAS,INDEPENDENT,lost,2135
Wardha,Wardha(8),ANIL K. GHUSHE,INDEPENDENT,lost,1971
Wardha,Wardha(8),ASHISH LEKHIRAM IZANKAR,VIDARBHA RAJYA AGHADI,lost,1828
Wardha,Wardha(8),VIJAY DNYANESHWARRAO SHRIRAO,INDEPENDENT,lost,1738
Wardha,Wardha(8),ARVIND SHAMRAO LILLORE,INDEPENDENT,lost,1476
Wardha,Wardha(8),RAMRAO BAJIRAO GHODASKAR,ALL INDIA FORWARD BLOC,lost,1438
Wardha,Wardha(8),KRUSHNA SUBHASHRAO FULKARI,LOK SWARAJYA PARTY,lost,1343
Wardha,Wardha(8),UMESH SOMAJI WAWARE,MAHARASHTRA VIKAS AGHADI,lost,1246
Wardha,Wardha(8),KRUSHNA ANNAJI KALODE,HINDRASHTRA SANGH,lost,1061
Wardha,Wardha(8),RAMESH SINHA,INDEPENDENT,lost,799
Wardha,Wardha(8),DR. MORESHWAR RAMJI NAGRALE,REPUBLICAN PARTY OF INDIA,lost,797
Wardha,Wardha(8),DIXITA ANAND,DESH JANHIT PARTY,lost,736
Wardha,Wardha(8),RAHUL T. BHOYAR,INDEPENDENT,lost,689
Wayanad,Wayanad(4),RAHUL GANDHI,INDIAN NATIONAL CONGRESS,won,647445
Wayanad,Wayanad(4),ANNIE RAJA,COMMUNIST PARTY OF INDIA,lost,283023
Wayanad,Wayanad(4),K SURENDRAN,BHARATIYA JANATA PARTY,lost,141045
Wayanad,Wayanad(4),NOTA,NONE OF THE ABOVE,nan,6999
Wayanad,Wayanad(4),P.R KRISHNANKUTTY,BAHUJAN SAMAJ PARTY,lost,1973
Wayanad,Wayanad(4),SATHYAN K.P,INDEPENDENT,lost,1059
Wayanad,Wayanad(4),SINOJ A.C,INDEPENDENT,lost,903
Wayanad,Wayanad(4),PRASEETHA AZHIKODE,INDEPENDENT,lost,840
Wayanad,Wayanad(4),AJEEB MUHAMMED,INDEPENDENT,lost,804
Wayanad,Wayanad(4),P RADHAKRISHNAN,INDEPENDENT,lost,562
West Delhi,West Delhi(6),KAMALJEET SEHRAWAT,BHARATIYA JANATA PARTY,won,842658
West Delhi,West Delhi(6),MAHABAL MISHRA,AAM AADMI PARTY,lost,643645
West Delhi,West Delhi(6),NOTA,NONE OF THE ABOVE,nan,8699
West Delhi,West Delhi(6),VISHAKHA,BAHUJAN SAMAJ PARTY,lost,7964
West Delhi,West Delhi(6),SABIR KHAN,INDEPENDENT,lost,3097
West Delhi,West Delhi(6),AJ RAJAN,NAVARANG CONGRESS PARTY,lost,2387
West Delhi,West Delhi(6),SUNIL MEGHWAL,AMBEDKARITE PARTY OF INDIA,lost,1876
West Delhi,West Delhi(6),OM PRAKASH NARAYAN,AAPKI APNI PARTY (PEOPLES),lost,1773
West Delhi,West Delhi(6),ANJU SHARMA,INDEPENDENT,lost,1267
West Delhi,West Delhi(6),KAPIL MARWAH,INDEPENDENT,lost,1155
West Delhi,West Delhi(6),JARNAIL SINGH,INDEPENDENT,lost,1089
West Delhi,West Delhi(6),MADHU,AKHIL BHARTIYA PARIVAR PARTY,lost,1059
West Delhi,West Delhi(6),RAJIV KANT MISHRA,INDEPENDENT,lost,995
West Delhi,West Delhi(6),RAMESH KUMAR JAIN @ NIRBHIK,GAREEB AADMI PARTY,lost,971
West Delhi,West Delhi(6),UMA SHANKAR TIWARI,BHARTIYA MAHASANGH PARTY,lost,758
West Delhi,West Delhi(6),MEENA UJJAINWAL,PEOPLES PARTY OF INDIA (DEMOCRATIC),lost,756
West Delhi,West Delhi(6),CHARANJEET SINGH,ALL INDIA FORWARD BLOC,lost,619
West Delhi,West Delhi(6),UMESH CHAUHAN,RASHTRIYA RASHTRAWADI PARTY,lost,614
West Delhi,West Delhi(6),PRAMOD KUREEL,BAHUJAN NATIONAL PARTY (AMBEDKAR),lost,586
West Delhi,West Delhi(6),AMIT KUMAR SINGH,RASHTRIYA SURAKSHA PARTY,lost,574
West Delhi,West Delhi(6),JAYA RAMAN,SARVLOKHIT SAMAJ PARTY,lost,446
West Delhi,West Delhi(6),RAM NARAYAN MOHANTY,INDEPENDENT,lost,434
West Delhi,West Delhi(6),CHAMAN LAL VERMA,SAMAJ VIKAS KRANTI PARTY,lost,420
West Delhi,West Delhi(6),DEEPAK SHARMA,BHARATIYA JAN JAGRITI PARTY,lost,370
West Delhi,West Delhi(6),RAVI,INDEPENDENT,lost,282
Yavatmal- Washim,Yavatmal- Washim(14),SANJAY UTTAMRAO DESHMUKH,SHIV SENA (UDDHAV BALASAHEB THACKREY),won,594807
Yavatmal- Washim,Yavatmal- Washim(14),RAJSHRITAI HEMANT PATIL (MAHALLE),SHIV SENA,lost,500334
Yavatmal- Washim,Yavatmal- Washim(14),ANIL JAYRAM RATHOD,SAMNAK JANTA PARTY,lost,56390
Yavatmal- Washim,Yavatmal- Washim(14),HARISING (HARIBHAU) NASARU RATHOD,BAHUJAN SAMAJ PARTY,lost,17396
Yavatmal- Washim,Yavatmal- Washim(14),NOTA,NONE OF THE ABOVE,nan,9391
Yavatmal- Washim,Yavatmal- Washim(14),SANGITA DINESH CHAVHAN,INDEPENDENT,lost,7180
Yavatmal- Washim,Yavatmal- Washim(14),RAMDAS BAJIRAO GHODAM,INDEPENDENT,lost,6781
Yavatmal- Washim,Yavatmal- Washim(14),VINOD PANJABRAO NANDAGAVALI,INDEPENDENT,lost,6298
Yavatmal- Washim,Yavatmal- Washim(14),SANDIP SAMPAT SHINDE,INDEPENDENT,lost,5514
Yavatmal- Washim,Yavatmal- Washim(14),DHARAM DILIPSING THAKUR,SANMAN RAJKIYA PAKSHA,lost,4555
Yavatmal- Washim,Yavatmal- Washim(14),AMOL KOMAWAR,HINDRASHTRA SANGH,lost,3377
Yavatmal- Washim,Yavatmal- Washim(14),UTTAM ONKAR INGOLE,PEOPLES PARTY OF INDIA (DEMOCRATIC),lost,2975
Yavatmal- Washim,Yavatmal- Washim(14),MANOJ MAHADEORAO GEDAM,INDEPENDENT,lost,2794
Yavatmal- Washim,Yavatmal- Washim(14),NUR ALI MAHEBUB ALI SHAH,INDEPENDENT,lost,1958
Yavatmal- Washim,Yavatmal- Washim(14),DR ARJUNKUMAR SITARAM RATHOD,INDEPENDENT,lost,1863
Yavatmal- Washim,Yavatmal- Washim(14),PRO KISAN RAMRAO AMBURE,INDEPENDENT,lost,1720
Yavatmal- Washim,Yavatmal- Washim(14),DIKSHANT NAMDEVRAO SAWAIKAR,INDEPENDENT,lost,1103
Yavatmal- Washim,Yavatmal- Washim(14),GOKUL PREMDAS CHAVHAN,INDEPENDENT,lost,1094
Zahirabad,Zahirabad(5),SURESH KUMAR SHETKAR,INDIAN NATIONAL CONGRESS,won,528418
Zahirabad,Zahirabad(5),B. B. PATIL,BHARATIYA JANATA PARTY,lost,482230
Zahirabad,Zahirabad(5),ANILKUMAR GALI,BHARAT RASHTRA SAMITHI,lost,172078
Zahirabad,Zahirabad(5),KOTHA BALIJA BASWARAJ,TELANGANA PRAJA SHAKTHI PARTY,lost,8373
Zahirabad,Zahirabad(5),CHAVAGANI MANI,ALLIANCE OF DEMOCRATIC REFORMS PARTY,lost,6309
Zahirabad,Zahirabad(5),YAKUB SHARIF MD,INDEPENDENT,lost,5489
Zahirabad,Zahirabad(5),MAHADHEV SWAMI MATAM,INDEPENDENT,lost,5412
Zahirabad,Zahirabad(5),B. MARUTHI RAO,INDEPENDENT,lost,4252
Zahirabad,Zahirabad(5),S. RAJU,INDEPENDENT,lost,3514
Zahirabad,Zahirabad(5),NOTA,NONE OF THE ABOVE,nan,2977
Zahirabad,Zahirabad(5),SATYANARAYANA GOUD KOVURI,INDEPENDENT,lost,2876
Zahirabad,Zahirabad(5),RAMESH. SAJJAPUR.,INDEPENDENT,lost,2479
Zahirabad,Zahirabad(5),KAMMARI ANANDEESHWAR,INDEPENDENT,lost,2384
Zahirabad,Zahirabad(5),JAIPAL NAYAK JADAVATH,INDEPENDENT,lost,2268
Zahirabad,Zahirabad(5),GURRAPU MACHANDER,ALL INDIA FORWARD BLOC,lost,1769
Zahirabad,Zahirabad(5),T.D.S. MANI,DHARMA SAMAJ PARTY,lost,1655
Zahirabad,Zahirabad(5),MOHD SADDAM,INDEPENDENT,lost,1568
Zahirabad,Zahirabad(5),MALEPU MOHAN REDDY,PYRAMID PARTY OF INDIA,lost,1102
Zahirabad,Zahirabad(5),ASHOK TALARI,INDEPENDENT,lost,837
Zahirabad,Zahirabad(5),ROMALA BABU DURGAIAH,INDIA PRAJA BANDHU PARTY,lost,603
