id,text,timestamp,language,language_label,hashtags,source,url
90f9cc9e9cc04fb2,"Supreme Court notice to ECI, Centre on plea challenging decisions taken by CEC-led poll panel. The Bench said the decisions of the Election Commission have to be either unanimous or by majority and that it presumed that this is how all decisions were taken",2026-10-05 09:14:57,en,English,,TheHindu,https://www.thehindu.com/news/national/supreme-court-notice-to-eci-centre-on-plea-challenging-decisions-taken-by-cec-led-poll-panel/article71546395.ece
5c099ba2426f2ec6,"Odisha government announces to hold student union election after a gap of eight years. Process of elections to be completed in next 10 days; will begin from October 7 and come to end on October 16, 2026",2026-10-05 09:14:06,en,English,,TheHindu,https://www.thehindu.com/news/national/odisha/odisha-government-announces-to-hold-student-union-election-after-a-gap-of-eight-years/article71546217.ece
f176eb9b7d501305,"Trump cites Indian election that didn't happen to call U.S. electoral process ‘corrupt’. The reference to India appeared to be a possible mix-up with Brazil. Brazil held the first round of its presidential election on Sunday, with 125.27 million valid votes recorded, according to the country's electoral authority.",2026-10-05 09:13:33,en,English,,TheHindu,https://www.thehindu.com/news/international/trump-cites-indian-election-that-didnt-happen-to-call-us-electoral-process-corrupt/article71545999.ece
861a4b7a5adb452e,"'New pace, new height': PM Modi-Parmelin talks put India-Switzerland ties on fast track.",2026-10-05 09:06:29,en,English,,TimesOfIndia,https://timesofindia.indiatimes.com/india/new-pace-new-height-pm-modi-parmelin-talks-put-india-switzerland-ties-on-fast-track/articleshow/134694465.cms
4c80beb9b855707a,Justice Bhuyan: ‘Mass voter exclusion would negate constitutional order’. The Supreme Court judge says no amount of whataboutery can justify the exclusion of voters en masse from the electoral rolls as such an action is fatal to the Constitution.,2026-10-05 09:02:22,en,English,,TheHindu,https://www.thehindu.com/videos/justice-bhuyan-mass-voter-exclusion-negate-constitutional-order/article71546494.ece
a8013509ec84cdba,"Bihar MLC polls: JD(U) faces dissent; RLM to back own candidate. One of the rebel MLAs, Anand Madhav, said the decision was taken out of “respect” for party workers. He asserted that the MLAs would remain with the NDA",2026-10-05 09:00:13,en,English,,TheHindu,https://www.thehindu.com/news/national/bihar/bihar-mlc-polls-jdu-faces-dissent-rlm-to-back-own-candidate/article71546147.ece
f3126f95d698c967,"Byelections in Tamil Nadu: Public holiday for Madurantakam, Dharapuram on October 6. An order said employees working in Chengalpattu, Tiruppur and neighbouring districts, but registered as voters in the Madurantakam and Dharapuram constituencies, should also be given a paid holiday.",2026-10-05 08:57:52,en,English,,TheHindu,https://www.thehindu.com/news/national/tamil-nadu/byelections-in-tamil-nadu-public-holiday-for-madurantakam-dharapuram-on-october-6/article71546352.ece
b9f453d103cf40cd,"Arasavalli Sun temple will be among India’s major spiritual destinations, says Rammohan Naidu. Union Minister for Civil Aviation K. Rammohan Naidu visits the Sun temple with the Collector, says the Bhogapuram airport will bring devotees from other States and abroad",2026-10-05 08:56:55,en,English,,TheHindu,https://www.thehindu.com/news/national/andhra-pradesh/arasavalli-sun-temple-will-be-among-indias-major-spiritual-destinations-says-rammohan-naidu/article71545688.ece
07232897477cc96d,"""Trying To Disturb Peace Of Region"": Assam Student Body On CJP's School Visits. The development comes days after CJP launched its ""School Thik Karo"" campaign, aimed at assessing infrastructure and facilities in government schools across the state.",2026-10-05 08:52:23,en,English,,NDTV,https://www.ndtv.com/india-news/trying-to-disturb-peace-of-region-assam-student-body-on-cjps-school-visits-12140160#publisher=newsstand
38b421c6cd023dc8,"‘Ladli Behna has turned out to be very expensive’: MP CM Mohan Yadav to 12-year-old Bundeli creator. The Mukhyamantri Ladli Behna scheme was announced on January 28, 2023, by the then Shivraj Singh Chouhan government.",2026-10-05 08:45:55,en,English,,HindustanTimes,https://www.hindustantimes.com/india-news/ladli-behna-has-turned-out-to-be-very-expensive-mp-cm-mohan-yadav-to-12-year-old-bundeli-creator-binnu-rani-101791188795670.html
c1168ec4993b50cd,"The right to more than a room and roof. The Odisha government has formulated guidelines to safeguard the property rights of persons with disabilities. Satyasundar Barik spoke to those impacted and to activists, who say that these guidelines were needed for both inherited and self-acquired property, and how mandates help improve lives",2026-10-05 08:45:04,en,English,,TheHindu,https://www.thehindu.com/news/national/odisha/the-right-to-more-than-a-room-and-roof/article71541782.ece
3c0578947e28cc6c,'Can Put On Hold': Top Court To Examine Poll Body Decisions Amid Dissent Row. A PIL urges the top court to determine whether Gyanesh Kumar has been individually exercising powers,2026-10-05 08:28:05,en,English,,NDTV,https://www.ndtv.com/india-news/cant-pass-order-based-on-a-newspaper-report-need-poll-bodys-response-supreme-court-on-plea-against-gyanesh-kumar-12139809#publisher=newsstand
de1d0066f92ca2e8,"SC refuses to restrain Gyanesh Kumar, says can't pass order based on news report. The SC bench made it clear that any decision found to have been taken contrary to the statutory requirements governing the ECI could subsequently be injuncted.",2026-10-05 08:21:50,en,English,,HindustanTimes,https://www.hindustantimes.com/india-news/sc-refuses-to-restrain-gyanesh-kumar-says-cant-pass-order-based-on-news-report-101791187851953.html
f9a7e9533dac8404,Key Takeaways From Supreme Court's Observations On Top Poll Officer Row. The plea challenged the manner in which the poll panel took decisions,2026-10-05 08:05:48,en,English,,NDTV,https://www.ndtv.com/india-news/key-takeaways-from-supreme-courts-observations-on-top-poll-officer-gyanesh-kumar-row-ec-sir-12139927#publisher=newsstand
b4e658ea9fd78e7d,"While KPSC flounders, KEA finishes recruitment process for 7,905 posts in four months in Karnataka. Candidates, who have been waiting for government jobs for years, are expected to join the Karnataka Police within the next three months",2026-10-05 08:02:35,en,English,,TheHindu,https://www.thehindu.com/news/national/karnataka/while-kpsc-flounders-kea-finishes-recruitment-process-for-7905-posts-in-four-months-in-karnataka/article71519426.ece
c6517a897cbaf278,"Protest against CEC Gyanesh Kumar LIVE: Supreme Court notice to ECI, Centre on plea challenging decisions taken by CEC-led poll panel. CJI Surya Kant said that the allegations against the ECI were just newspaper reports. Senior Advocate Singh said that the ECI issued a press release and did not deny the news reports.",2026-10-05 07:53:56,en,English,,TheHindu,https://www.thehindu.com/news/national/cec-gyanesh-kumar-protest-live-updates-supreme-court-hearing-suspension-cjp-congress-delhi-mumbai-india/article71545740.ece
96268d4fb389c8ac,"Supreme Court issues notice to Centre, poll panel over CEC Gyanesh Kumar's functioning; no interim order. Supreme Court seeks respose from EC and Centre in a week on plea alleging CEC took decisions without approval of two Election Commissioners.",2026-10-05 07:46:10,en,English,,HindustanTimes,https://www.hindustantimes.com/india-news/supreme-court-refuses-to-suspend-cec-gyanesh-kumar-over-alleged-unilateral-decisions-in-eci-101791186034795.html
b95796b7fb5387ec,"Supreme Court seeks response from Centre on proposed relocation of 135-year-old Central Secretariat Library. The top court directed Additional Solicitor General Aishwarya Bhati, appearing for the Union government, to file a detailed affidavit within three weeks setting out the arrangements made for the library",2026-10-05 07:42:53,en,English,,TheHindu,https://www.thehindu.com/news/cities/Delhi/supreme-court-seeks-response-from-centre-on-proposed-relocation-of-135-year-old-central-secretariat-library/article71546006.ece
2c52d003ac6daf7b,"Lawyers, CPI(M) supporters’ office face attack in West Bengal; Mamata calls attacks ‘unacceptable’. Legal professionals and politicians condemn repeated attacks on advocates in the State",2026-10-05 07:41:12,en,English,,TheHindu,https://www.thehindu.com/news/national/west-bengal/lawyers-cpim-supportersofficeface-attackin-west-bengal-mamata-calls-attacks-unacceptable/article71545963.ece
1800d6fad9a27318,SI suspended for pointing pistol at flood victim during distribution of relief materials in Bihar’s Saran. The State government has also suspended seven engineers and initiated departmental proceedings against another official for alleged negligence in handling floods,2026-10-05 07:40:44,en,English,,TheHindu,https://www.thehindu.com/news/national/bihar/si-suspended-for-pointing-pistol-at-flood-victim-during-distribution-of-relief-materials-in-bihars-saran/article71545906.ece
a2da9c06a06193ac,"Battle For Nagaon: BJP, Congress And AIUDF In High-Stakes Assam Bypoll. The three candidates are (from left) Badruddin Ajmal, Debashish Sharma and Sibamoni Bora",2026-10-05 07:35:05,en,English,,NDTV,https://www.ndtv.com/india-news/battle-for-nagaon-bjp-congress-and-aiudf-in-high-stakes-assam-lok-sabha-bypoll-debashish-sharma-sibamoni-bora-badruddin-ajmal-12139784#publisher=newsstand
746b3dd03d3d1561,Defiant Harish Rawat goes ahead with outreach campaign in poll-bound Uttarakhand. Congress’s state in-charge Kumari Selja cited the assembly elections and said the Congress should put up a united front,2026-10-05 07:31:21,en,English,,HindustanTimes,https://www.hindustantimes.com/india-news/defiant-harish-rawat-goes-ahead-with-outreach-campaign-in-poll-bound-uttarakhand-101791185481566.html
6810337bae8d3083,"PM Modi meets Swiss president Parmelin in Delhi; trade, investment on agenda.",2026-10-05 07:28:46,nl,nl,,TimesOfIndia,https://timesofindia.indiatimes.com/india/pm-modi-meets-swiss-president-parmelin-in-delhi-trade-investment-on-agenda/articleshow/134689705.cms
6a045452a20bb1fd,"Clip of Naidu calming crowd at Sitharaman’s speech in Andhra’s Madanapalle sets off Congress-NDA row. Jairam Ramesh reposts a video of the October 2 event saying the public’s anger forced the Chief Minister to silence the crowd; Naidu, Sitharaman, Lokesh and the BJP say it was party workers’ enthusiasm",2026-10-05 07:23:11,en,English,,TheHindu,https://www.thehindu.com/news/national/andhra-pradesh/clip-of-naidu-calming-crowd-at-sitharamans-speech-in-andhras-madanapalle-sets-off-congress-nda-row/article71544334.ece
e21c1c1eb11081e2,"""No Instructions"": Delhi Police On Cops Without Name Tags At Protest. Protesters are demanding the resignation of Chief Election Commissioner Gyanesh Kumar.",2026-10-05 07:08:09,en,English,,NDTV,https://www.ndtv.com/india-news/delhi-police-on-cops-without-name-tags-at-jantar-mantar-protest-no-instructions-12139718#publisher=newsstand
373829a7aca4fc82,Bengali Actor Koel Mallick Joins BJP Day After Rajya Sabha Nomination. Bengali actor Koel Mallick joins BJP.,2026-10-05 07:06:33,en,English,,NDTV,https://www.ndtv.com/india-news/bengali-actor-koel-mallick-joins-bjp-day-after-rajya-sabha-nomination-12139391#publisher=newsstand
f58796439cec901c,Ex-TMC MP Koel Mallick joins BJP a day after being nominated for Rajya Sabha seat.,2026-10-05 07:06:18,en,English,,TimesOfIndia,https://timesofindia.indiatimes.com/india/koyel-mallick-joins-bjp-a-day-after-being-nominated-for-rajya-sabha-seat/articleshow/134688225.cms
6f287532e8aca22f,Delhi Police detain protesters over demonstration against alleged sexual misconduct of three women journalists. Delhi Police on Monday detained protesters outside Parliament Street Police Station who were demonstrating against an alleged incident of sexual misconduct against three women journalists during an October 3 protest at Jantar Mantar.,2026-10-05 06:53:39,en,English,,TimesOfIndia,https://timesofindia.indiatimes.com/india/delhi-police-detain-protesters-over-demonstration-against-alleged-sexual-misconduct-of-three-women-journalists/articleshow/134688887.cms
e1c62afaf729fba1,"Congress claims tribal students headed for Mumbai protest detained; condemns action. The students, who were seeking the resignation of the tribal development minister and the department's commissioner, were threatened with police cases and a bus carrying them was taken into custody, the Congress claimed.",2026-10-05 06:49:56,en,English,,TheHindu,https://www.thehindu.com/news/national/maharashtra/congress-claims-tribal-students-headed-for-mumbai-protest-detained-condemns-action/article71545863.ece
3fba71d6cfa4c15a,"CEC's ability to 'execute G2's illegal orders' makes him a liability for country: Congress. Jairam Ramesh's attack on the CEC came a day after Supreme Court judge Justice Ujjal Bhuyan remarked that any process that ""disenfranchises"" millions of Indian citizens is ""intrinsically arbitrary"" and a ""negation"" of the constitutional order",2026-10-05 06:28:51,en,English,,TheHindu,https://www.thehindu.com/news/national/cecs-ability-to-execute-g2s-illegal-orders-makes-him-a-liability-for-country-congress/article71545831.ece
d0ae8d1131ff9805,"Karnataka SIR: BJP agent sought Form-7 deletions, verification against 7,561 names in Ballari; FIR registered. The FIR, the sixth in Karnataka regarding misuse of Form-7, was registered at the Brucepet police station on October 1, after a complaint by a Congress BLA Goutham S.",2026-10-05 05:58:58,en,English,,TheHindu,https://www.thehindu.com/news/cities/bangalore/sir-bjp-bla-sought-form-7-deletions-verification-against-7561-names-in-ballari-fir-registered/article71543572.ece
e97c2ad32f9982c7,"Keralam government gets legal opinion to proceed against Chief Election Commissioner Gyanesh Kumar in abetment to suicide case. T. Asaf Ali, Director General of Prosecution, gives legal advice that there is no legal bar in proceeding against Gyanesh Kumar. The case pertains to the reported suicide of Malaysian Lee See Been, a former chief project officer of Kerala State Transport Project for reconstruction of M.C. Road",2026-10-05 05:53:29,en,English,,TheHindu,https://www.thehindu.com/news/national/kerala/keralam-government-gets-legal-opinion-to-proceed-against-chief-election-commissioner-gyanesh-kumar-in-abetment-to-suicide-case/article71544342.ece
d86f3d713ffdded8,"Rajya Sabha election: BJP expected to announce Uttar Pradesh nominees today. The BJP will announce nominees Monday for the Rajya Sabha elections in UP, expected to win 8 of 10 seats, while SP aims for the remaining 2.",2026-10-05 05:45:19,en,English,,HindustanTimes,https://www.hindustantimes.com/india-news/rajya-sabha-election-bjp-expected-to-announce-uttar-pradesh-nominees-today-101791179119878.html
4155544f92b6356d,"'Want to see who modified Form 6': SC refuses to pass interim order to suspend CEC Gyanesh Kumar. The Supreme Court refused to suspend Chief Election Commissioner Gyanesh Kumar amid allegations regarding unilateral decisions. Petitioners challenge decisions made without approval from other commissioners, citing possible violations of electoral regulations. Kumar's modifications to the voter registration process have raised questions about their legality and adherence to the law. The Election Commission maintains that differing opinions are normal and does not invalidate its orders.",2026-10-05 05:04:29,en,English,,TimesOfIndia,https://timesofindia.indiatimes.com/india/supreme-court-hearing-cec-gyanesh-kumar-election-commission-sir-exercise/articleshow/134686301.cms
f62af555e6fb8245,"India, US plan strategic projects in Indian Ocean. The partnership is expected to take place under the Indian Ocean Strategic Venture (IOSV initiative launched by PM Narendra Modi and President Donald Trump",2026-10-05 04:34:18,en,English,,HindustanTimes,https://www.hindustantimes.com/india-news/india-us-plan-strategic-projects-in-indian-ocean-101791174858511.html
e7d176b73d32f403,"Presidential election today? Trump confuses India with Brazil, claims 125 million voted. In a surprising blunder, US President Donald Trump claimed that 125 million individuals participated in India's presidential election, sparking confusion given Brazil's recent electoral events. His remarks drew attention to his concerns over the integrity of the US electoral system. Social media users quickly slammed the President and highlighted inaccuracies in his understanding of India’s election process.",2026-10-05 04:30:47,en,English,,TimesOfIndia,https://timesofindia.indiatimes.com/india/presidential-election-today-trump-confuses-india-with-brazil-claims-125-million-voted/articleshow/134685727.cms
822093d4f6aecca6,"'No point in participating in polls until Gyanesh Kumar resigns': CJP's Abhijeet Dipke amid SIR row. Abhijeet Dipke claimed that election outcomes in the country have become ""predetermined,"" rendering participation in the polls meaningless.",2026-10-05 04:28:16,en,English,,HindustanTimes,https://www.hindustantimes.com/india-news/no-point-in-participating-in-polls-until-cec-gyanesh-kumar-resigns-cjp-abhijeet-dipke-amid-sir-row-101791171401578.html
bc043c60669d8b53,"'Shameful': AAP shares video, says Delhi Police ‘abusing’ protesters at Jantar Mantar.",2026-10-05 04:08:49,en,English,,TimesOfIndia,https://timesofindia.indiatimes.com/india/shameful-aap-shares-video-says-delhi-police-abusing-protesters-at-jantar-mantar/articleshow/134685318.cms
756d6eef35def17c,"Gyanesh Kumar news LIVE: No restrain on CEC for now, petitioner tells Supreme Court ‘country will burn’. Gyanesh Kumar news LIVE: The Supreme Court on Monday refused to pass any interim order restraining chief election commissioner (CEC) Gyanesh Kumar from functioning over allegations that he took several decisions unilaterally despite objections from the two other election commissioners (ECs).",2026-10-05 04:07:18,en,English,,HindustanTimes,https://www.hindustantimes.com/india-news/protest-news-live-updates-cec-gyanesh-kumar-resignation-jantar-mantar-cjp-protest-neha-bora-journalists-delhi-police-101791172740918.html
7ebcdb31d800f5a3,"Trump mistakes Brazil for India, says 125 million voted today in 'India's Presidential Election'. Trump's post came a day after Brazil held the first round of its presidential election on Sunday",2026-10-05 04:05:55,en,English,,HindustanTimes,https://www.hindustantimes.com/india-news/trump-mistakes-brazil-for-india-says-125-million-voted-today-in-india-presidential-election-101791172300909.html
a77ee9f998d75af8,"Government set to halt sugarcane juice, B-heavy molasses diversion for ethanol.",2026-10-05 03:19:24,en,English,,TimesOfIndia,https://timesofindia.indiatimes.com/india/government-set-to-halt-sugarcane-juice-b-heavy-molasses-diversion-for-ethanol/articleshow/134684754.cms
b963ac0c74be5b5f,"US choosing to be a 'lonelier power'; China rising on world stage: S Jaishankar. In his address, the minister also laid out a road map for India’s economic growth, touched upon AI’s use and the FTA with the EU.",2026-10-05 03:10:18,en,English,,HindustanTimes,https://www.hindustantimes.com/india-news/us-choosing-to-be-a-lonelier-power-china-rising-on-world-stage-s-jaishankar-munich-security-conference-new-delhi-101791168736834.html
c636410548a6effb,"Bypoll campaigns for 5 assembly, 1 Lok Sabha seats come to an end; polls open Oct 6. Voting will be held on October 6 for five assembly seats and one Lok Sabha constituency across three states and a Union Territory",2026-10-05 03:09:07,en,English,,HindustanTimes,https://www.hindustantimes.com/india-news/bypoll-elections-2026-assam-tamil-nadu-west-bengal-puducherry-election-commission-news-voting-on-october-6-101791169305059.html
9bb8e88c30fb0e68,‘Gyanesh must quit right away': Opposition backs Justice Bhuyan’s 'SIR strikes at Constitution's heart' remark.,2026-10-05 03:06:48,en,English,,TimesOfIndia,https://timesofindia.indiatimes.com/india/gyanesh-must-quit-right-away-opposition-backs-justice-bhuyans-sir-strikes-at-constitutions-heart-remark/articleshow/134684452.cms
4594155e4647afa8,"Amid battle for Brahmin vote, BJP to sharpen outreach ahead in UP. The party plans caste-focused meetings to address concerns among upper castes while continuing its broader outreach to non-dominant and marginalised communities",2026-10-05 03:00:18,en,English,,HindustanTimes,https://www.hindustantimes.com/india-news/brahmins-will-have-a-dominant-role-in-this-election-bjp-sharpens-upper-caste-outreach-ahead-of-uttar-pradesh-assembly-polls-101791168069653.html
50209bc3da4f4c0f,"‘Unauthorised centralisation’: Congress leader files complaint against EC official amid electoral roll software row. The complaint comes amid a national row over the ECI's electoral roll software. ERONet was rolled out in 2017-18, while ECINet was launched in January 2026.",2026-10-05 02:40:18,en,English,,HindustanTimes,https://www.hindustantimes.com/india-news/unauthorised-centralisation-congress-leader-files-complaint-against-ec-official-amid-electoral-roll-software-row-dg-it-seema-khanna-ajoy-kumar-101791165633002.html
24967ce531dab48a,"K’taka seeks ₹7.5k-crore for drought losses: Dy CM. Karnataka has estimated losses of about ₹46,000 crore from the first two phases of its drought and is seeking around ₹7,500 crore from the Centre under its prescribed relief norms, Deputy Chief Minister and Revenue Minister G Parameshwara said on Sunday.",2026-10-05 02:23:10,en,English,,HindustanTimes,https://www.hindustantimes.com/india-news/ktaka-seeks-7-5k-crore-for-drought-losses-dy-cm-101791140711003.html
297aa9197ad915a5,Karnataka SIR row: BJP threatens agitation over Form 7 cases across state. Former CM Yediyurappa alleged that the police were acting at the behest of Chief Minister DK Shivakumar.,2026-10-05 02:22:30,en,English,,HindustanTimes,https://www.hindustantimes.com/india-news/bjp-threatens-agitation-over-form-7-cases-across-ktaka-101791140591770.html
b6eae0313ec2cab3,"Government panel to study AI-copyright hasn’t met since June; second working paper delayed. The DPIIT committee was expected to examine ownership, liability and originality of AI-generated content, but members say discussions have become sporadic.",2026-10-05 02:12:20,en,English,,HindustanTimes,https://www.hindustantimes.com/india-news/govt-panel-to-study-ai-copyright-hasn-t-met-since-june-second-working-paper-delayed-101791137410402.html
fdc81f58e972aaa9,"Infighting strains NDA, INDIA bloc ahead of Bihar MLC polls. What was initially expected to be another NDA-versus-INDIA bloc contest has acquired several battles within the larger battle.",2026-10-05 01:55:52,en,English,,HindustanTimes,https://www.hindustantimes.com/india-news/infighting-strains-nda-india-bloc-ahead-of-bihar-mlc-polls-jdu-rjd-congress-rlm-jan-suraaj-101791164443360.html
8684b0ebec0454ee,"Justice Bhuyan's remarks prove CEC violated Constitution: Congress. Congress General Secretary Jairam Ramesh stated that Justice Ujjal Bhuyan affirmed the right to vote's significance in the Constitution. He emphasized that this opinion indicates a violation by Chief Election Commissioner Gyanesh Kumar. Ramesh argued that Bhuyan's remarks undermine Kumar's position as a constitutional authority. Additionally, he suggested that Kumar should resign due to losing his moral authority.",2026-10-05 01:39:30,en,English,,TimesOfIndia,https://timesofindia.indiatimes.com/india/justice-bhuyans-remarks-prove-cec-violated-constitution-congress/articleshow/134683628.cms
3f5e2a319f8b2856,"‘No permission taken’: Mumbai police files FIR against organisers of Thackerays' ‘Garjana Morcha’ march. Uddhav Thackeray accused the BJP of using the Election Commission to pursue political vendettas, while Congress leader Balasaheb Thorat called for unity.",2026-10-05 01:36:30,en,English,,HindustanTimes,https://www.hindustantimes.com/india-news/no-permission-taken-mumbai-police-files-fir-against-organisers-of-thackerays-garjana-morcha-march-101791162342823.html
6cab28249b2959f8,"Democracy in peril as voters illegally ousted: Former SC judge Justice Rohinton Fali Nariman. Justice Rohinton Fali Nariman expressed concerns regarding the functioning of the Election Commission in India. He highlighted the issue of illegal removal of voters from electoral lists, especially in West Bengal. Nariman noted that 90 lakh voters were disenfranchised, with many not having access to justice. He emphasized the need for reform in the appointment process of election commissioners to ensure fairness.",2026-10-04 22:04:52,en,English,,TimesOfIndia,https://timesofindia.indiatimes.com/india/democracy-in-peril-as-voters-illegally-ousted-former-sc-judge-justice-rohinton-fali-nariman/articleshow/134680618.cms
d739770b7421464a,Election Commission likely to hold special revision of voter rolls ahead of UP assembly elections. The voter list for the 2027 Uttar Pradesh assembly elections is expected to be released in the first week of January.,2026-10-04 19:48:07,en,English,,HindustanTimes,https://www.hindustantimes.com/india-news/election-commission-likely-to-hold-special-revision-of-voter-rolls-ahead-of-up-assembly-elections-101791143288421.html
79fca39920c1d4e7,"Nagaon LS bypoll: Campaigning ends, BJP confident of wresting Congress seat. The Nagaon seat fell vacant in March this year after sitting Congress MP Pradyut Bordoloi resigned from the party and joined the BJP",2026-10-04 14:48:09,en,English,,HindustanTimes,https://www.hindustantimes.com/india-news/nagaon-ls-bypoll-campaigning-ends-bjp-confident-of-wresting-congress-seat-101791125290336.html
99206497e05a2fd8,"India has 'gone beyond advocacy', held talks with both Russia and Ukraine to end war: Jaishankar. The minister said New Delhi’s recent efforts initially focused on Black Sea shipping safety, grain and energy exports, and possible non-attack arrangements.",2026-10-04 14:26:08,en,English,,HindustanTimes,https://www.hindustantimes.com/india-news/india-holds-talks-with-russia-ukraine-on-ending-war-jaishankar-101791123968850.html
94d1b27e871e3668,BJP fields actor Koel Mallick for Bengal Rajya Sabha seat in October 16 bypoll. The BJP named Rukmini Mallick in a statement issued by its central election committee from Delhi on Sunday afternoon,2026-10-04 13:48:08,en,English,,HindustanTimes,https://www.hindustantimes.com/india-news/bjp-fields-actor-koel-mallick-for-bengal-rajya-sabha-seat-in-october-16-bypoll-101791121688750.html
6296aea89452a32e,‘No amount of whataboutery can justify mass disenfranchisement’: Justice Ujjal Bhuyan amid SIR row. Justice Ujjal Bhuyan called mass disenfranchisement “intrinsically arbitrary” and warned against any administrative action undermining the right to vote.,2026-10-04 13:29:37,en,English,,HindustanTimes,https://www.hindustantimes.com/india-news/no-amount-of-whataboutery-can-justify-mass-disenfranchisement-justice-ujjal-bhuyan-amid-sir-row-101791119665086.html
6f8e760e51407332,"‘Amit Shah ji, where are you’: Oppn slams Centre, Delhi Police as women journalists await FIR in harassment case. Rahul Gandhi, flagged the alleged police “misconduct at Jantar Mantar” on Saturday, asking why the government “fears registering a woman's complaint.”",2026-10-04 11:34:17,en,English,,HindustanTimes,https://www.hindustantimes.com/india-news/opposition-slams-centre-delhi-police-women-journalists-harassment-case-amit-shah-rahul-gandhi-priyanka-gandhi-saurabh-bharadwaj-congress-aap-101791106941346.html
18d1c1a7672729e0,"Tamil Nadu CM Vijay rides bullock cart during Dharapuram bypoll campaign, interacts with voters | Watch. Tamil Nadu CM Vijay embarked on a roadshow in the Dharapuram assembly constituency on Sunday in support of his party candidate P Sathyabama.",2026-10-04 10:48:34,en,English,,HindustanTimes,https://www.hindustantimes.com/india-news/tamil-nadu-cm-vijay-rides-bullock-cart-during-dharapuram-bypoll-campaign-interacts-with-voters-watch-101791108000404.html
b7374821c3469523,Punjab in ‘hands of mafia’: Oppn targets AAP over influencer Mad Sandhu's murder. Congress MP Gurjeet Singh Aujla said the law and order situation in Punjab had “completely collapsed”.,2026-10-04 10:00:03,en,English,,HindustanTimes,https://www.hindustantimes.com/india-news/congress-bjp-flag-collapse-of-law-and-order-in-punjab-after-influencer-mad-sandhus-murder-in-amritsar-101791103469378.html
b006c03fe8cd19f3,Koel Mallick becomes BJP’s pick for Rajya Sabha from West Bengal two months after TMC exit: Who is she?. Koel Mallick made surprise transition from the Bengali film industry to active politics when Mamata Banerjee nominated her as a candidate for the Rajya Sabha.,2026-10-04 08:58:26,en,English,,HindustanTimes,https://www.hindustantimes.com/india-news/koel-mallick-bjp-candidate-for-rajya-sabha-from-west-bengal-two-months-after-tmc-exit-who-is-she-101791101856093.html
56908b6bc73a733a,"Thackeray cousins’ ‘Garjana Morcha’ demands scrapping of SIR, return to ballot papers. Raj Thackeray said the entire SIR process should be cancelled and demanded that elections should no longer be conducted through EVMs.",2026-10-04 08:38:02,en,English,,HindustanTimes,https://www.hindustantimes.com/india-news/thackeray-cousins-garjana-morcha-demands-scrapping-of-sir-return-to-ballot-papers-uddhav-thackeray-raj-thackeray-mva-congress-101791102162645.html
229817141e4c92c9,‘She will continue’: Thiruvananthapuram mayor denies BJP councillor Sreelekha resigned from post. The controversy began after a message purportedly posted by Sreelekha in a WhatsApp group of residents in her ward said she had submitted her resignation to the Mayor and would give a copy to the District Collector on October 5. Rajesh had initially said he received a resignation letter from Sreelekha on September 30 but had not sent it to the Corporation Secretary.,2026-10-04 08:20:59,en,English,,TimesOfIndia,https://timesofindia.indiatimes.com/india/she-will-continue-thiruvananthapuram-mayor-denies-bjp-councillor-sreelekha-resigned-from-post/articleshow/134671668.cms
c21fc8dcc14b2611,AAP holds protest after 3 women journalists allege sexual harassment by cops - key points.,2026-10-04 08:13:56,en,English,,TimesOfIndia,https://timesofindia.indiatimes.com/india/aap-holds-protest-after-3-women-journalists-allege-sexual-harassment-by-cops-cjp-abhijeet-dipke-saurav-das-key-points/articleshow/134671871.cms
c1ea555029757b94,"AMU protests: Students block four entry gates, proctor says ‘outsider’ detained from hostel. Tensions escalated at Aligarh Muslim University after protesters blocked all four entry gates amid an ongoing agitation demanding students’ union elections",2026-10-04 08:07:39,en,English,,TheHindu,https://www.thehindu.com/news/national/amu-protests-students-block-four-entry-gates-proctor-says-outsider-detained-from-hostel/article71543198.ece
f85f44373fe2aafa,"Saturn at opposition tonight: What is the Seeliger effect and how to spot it in India. Saturn reaches opposition on October 4, offering one of 2026’s best views of the ringed planet and a chance to observe the Seeliger effect.",2026-10-04 07:58:19,en,English,,HindustanTimes,https://www.hindustantimes.com/india-news/saturn-at-opposition-tonight-what-is-the-seeliger-effect-and-how-to-spot-it-in-india-101791095978224.html
2b631fc514294bc9,'Who is safe?' Delhi minister Sirsa attacks Punjab govt after Mad Sandhu killing.,2026-10-04 07:53:47,sv,sv,,TimesOfIndia,https://timesofindia.indiatimes.com/india/who-is-safe-delhi-minister-sirsa-attacks-punjab-govt-after-mad-sandhu-killing/articleshow/134671678.cms
733dd0665c971906,"Scrap SIR, EVMs: Thackeray Cousins Lead Mumbai Protest Against Poll Body Chief. The march was dubbed the Virat Garjana Morcha (Grand Roar March)",2026-10-04 07:51:42,en,English,,NDTV,https://www.ndtv.com/india-news/uddhav-thackeray-raj-thackeray-lead-mumbai-protest-against-poll-body-chief-gyanesh-kumar-virat-garjana-morcha-scrap-sir-evms-12136517#publisher=newsstand
4e0a7822a639ba94,"ECI to conduct special drive to enrol left-out electors in Villupuram. According to a release from District Election Officer and Collector Sheik Abdul Rahman, the Declaration Form attached with Form 6 will be used during the SIR phase only; for the non-SIR period, the forms applicable under the Registration of Electors Rules, 1960, will be used.",2026-10-04 07:49:52,en,English,,TheHindu,https://www.thehindu.com/news/national/tamil-nadu/eci-to-conduct-special-drive-to-enrol-left-out-electors-in-villupuram/article71543022.ece
4c98697bc8c88df8,"Raj, Uddhav Thackeray lead morcha in Mumbai against CEC. State leaders of Congress and the Sharad Pawar-led NCP (SP) also participated in the morcha, which began from the Metro Cinema and will traverse the short distance to the Brihanmumbai Municipal Corporation headquarters in south Mumbai",2026-10-04 07:34:29,en,English,,TheHindu,https://www.thehindu.com/news/national/raj-uddhav-thackeray-lead-morcha-in-mumbai-against-cec/article71543129.ece
ac9e2b941cf0182d,"Bihar school with 191 students uses desks to support roof after pillar collapse in Darbhanga. A Bihar government school with 191 students is using benches, desks and bricks to support its roof after a pillar collapsed months ago in Darbhanga.",2026-10-04 07:26:03,en,English,,HindustanTimes,https://www.hindustantimes.com/india-news/bihar-school-with-191-students-uses-desks-to-support-roof-after-pillar-collapse-in-darbhanga-101791098764042.html
48c07377f351e985,"Keralam govt. orders anti-corruption enquiry against CEC Gyanesh Kumar over 2006 graft allegations. Officials said the Home Department sought the Crime Branch’s findings from its 2006 probe into the accusations, for legal opinion; Keralam Home Minister Ramesh Chennithala also directed the VACB to re-examine the findings of an earlier vigilance enquiry ordered by then Chief Minister V. S. Achuthanandan after the Lee See Been controversy",2026-10-04 07:20:19,en,English,,TheHindu,https://www.thehindu.com/news/national/kerala/keralam-govt-orders-preliminary-anti-corruption-enquiry-against-cec-gyanesh-kumar-over-corruption-allegations/article71542954.ece
df0ec88c8222db4a,‘Gyanesh ka resignation to lekar rahenge’: Congress calls for fresh protest in Delhi.,2026-10-04 07:18:11,en,English,,TimesOfIndia,https://timesofindia.indiatimes.com/india/gyanesh-ka-resignation-to-lekar-rahenge-congress-calls-for-fresh-protest-in-delhi/articleshow/134671293.cms
43911eff16e7c687,"Centre's AI and copyright committee falls silent, second paper overdue by months. A second working paper on the AI-copyright issue, which the government had earlier said would be out by February this year, is also yet to be prepared.",2026-10-04 07:05:03,en,English,,HindustanTimes,https://www.hindustantimes.com/india-news/centre-ai-and-copyright-committee-falls-silent-second-paper-overdue-by-months-101791097317509.html
577cea776f043002,"Government raises deepwater gas price ceiling to $9.89/MMBtu; APM gas cap at $7. The new ceiling for difficult-field gas, including from the KG-D6 block, is applicable for October 2026 to March 2027, while the APM gas cap for ONGC and OIL’s legacy fields stays at $7 per MMBtu",2026-10-04 07:00:31,en,English,,TheHindu,https://www.thehindu.com/business/government-raises-deepwater-gas-price-ceiling-to-989mmbtu-apm-gas-cap-at-7/article71543103.ece
f472d5b2001458aa,"Declare ‘Vettri Payanam’ scheme unconstitutional, urges private bus operator before Madras High Court. A private bus operator from Erode claims that no-fare travel for women in government buses alone would cause a severe dent to their business and force them to shut down operations",2026-10-04 06:46:10,en,English,,TheHindu,https://www.thehindu.com/news/national/tamil-nadu/declare-vettri-payanam-scheme-unconstitutional-urges-private-bus-operator-before-madras-high-court/article71542924.ece
35a7fde346196bf8,"Thackeray brothers protest: Uddhav, Raj target CEC; Sharad Pawar extends support, Shiv Sena calls it ‘gimmick’. Thackeray brothers protest: Uddhav Thackeray of Shiv Sena (UBT) and Raj Thackeray of Maharashtra Navnirman Sena (MNS) are leading a joint protest rally in Mumbai, calling for the removal of chief election commissioner (CEC) Gyanesh Kumar.",2026-10-04 06:35:34,en,English,,HindustanTimes,https://www.hindustantimes.com/india-news/uddhav-raj-thackeray-brothers-protest-live-updates-mumbai-garjana-morcha-rally-march-eci-delhi-jantar-mantar-aisa-101791094286324.html
63edb6d3b4f7a6dc,"Reliance data centre at Bhogapuram will create jobs, says Collector after farmers’ protest. The government needs 855 acres for the project and has only 25; S. Ramsundar Reddy says most farmers are cooperating and asks locals not to be misled",2026-10-04 06:34:56,en,English,,TheHindu,https://www.thehindu.com/news/national/andhra-pradesh/reliance-data-centre-at-bhogapuram-will-create-jobs-says-collector-after-farmers-protest/article71542907.ece
abaa5724ba79a16d,"Mandatory attachment, confiscation essential to combat vice of corruption, says Madras High Court. The Madurai Bench said attachment of properties acquired through corrupt means should be made mandatory under the Prevention of Corruption Act, and urged the government to amend the law",2026-10-04 06:15:24,en,English,,TheHindu,https://www.thehindu.com/news/cities/Madurai/mandatory-attachment-confiscation-essential-to-combat-vice-of-corruption-says-madras-high-court/article71541840.ece
eb6806c7ffcf3ae1,"Only Governor, not government can grant sanction to conduct investigation against me in ₹100-crore fraud case, Anbil Mahesh Poyyamozhi claims before Madras High Court. He says the First Information Report registered against him must be quashed since the Public Department Secretary had granted the sanction on June 23, 2026",2026-10-04 06:13:23,en,English,,TheHindu,https://www.thehindu.com/news/national/tamil-nadu/only-governor-not-government-can-grant-sanction-to-conduct-investigation-against-me-in-100-crore-fraud-case-anbil-mahesh-poyyamozhi-claims-before-madras-high-court/article71519088.ece
8aaa5f26d4096423,"Top Court To Hear Relocation Of 135-Year-Old Government Library In Delhi Case. According to the office report, the case was registered on October 3",2026-10-04 06:05:41,en,English,,NDTV,https://www.ndtv.com/india-news/top-court-to-hear-relocation-of-135-year-old-government-library-in-delhi-case-12136266#publisher=newsstand
a761f9b04ecd12b6,"Message to Congress? Akhilesh Yadav says ‘it’s not about seats, it’s about victory’.",2026-10-04 05:49:06,en,English,,TimesOfIndia,https://timesofindia.indiatimes.com/india/message-to-congress-akhilesh-yadav-says-its-not-about-seats-its-about-victory/articleshow/134670257.cms
9ef22218c70ea826,"Rajasthan government should prepare contingency plan to deal with ‘drought-like’ situation: Ashok Gehlot. Former Chief Minister Ashok Gehlot said drinking water, fodder and employment could emerge as major concerns in the coming months, and demanded farm loans be waived",2026-10-04 05:48:08,en,English,,TheHindu,https://www.thehindu.com/news/national/rajasthan/rajasthan-government-should-prepare-contingency-plan-to-deal-with-drought-like-situation-ashok-gehlot/article71542955.ece
6e90f9341c6f4c05,"‘Rahul Gandhi was so scared to fight from Amethi in 2024 Lok Sabha polls': SP MP; Congress hits back, Akhilesh intervenes. SP MP from Pratapgarh, Shiv Pal Singh Patel, claimed that without an alliance with SP, Congress would not have won a single seat in the 2024 Lok Sabha election.",2026-10-04 05:34:38,en,English,,HindustanTimes,https://www.hindustantimes.com/india-news/sp-mp-rahul-gandhi-was-so-scared-to-contest-from-amethi-up-seat-sharing-congress-hits-back-akhilesh-yadav-intervenes-101791088986183.html
f8f794fc2a5c0763,Truth Is Our Greatest Weapon': Rahul Gandhi Launches Satyagraha' Digital Platform. Rahul Gandhi said his team will go through each grievance,2026-10-04 04:59:53,en,English,,NDTV,https://www.ndtv.com/india-news/truth-is-our-greatest-weapon-rahul-gandhi-launches-satyagraha-digital-platform-12136042#publisher=newsstand
045c44798c15f1d3,"'Punjab Given To Mafias': Bhagwant Mann Under Fire Over Influencer's Murder. BJP MP Tarun Chugh said the murder of Mad Sandhu in Amritsar was ""extremely tragic""",2026-10-04 04:51:07,en,English,,NDTV,https://www.ndtv.com/india-news/punjab-bhagwant-mann-government-under-fire-from-opposition-after-lgbtq-influencer-shot-dead-12135985#publisher=newsstand
f1d5da15b1745275,"Five workers dead, one injured in a boiler explosion at a Sri City SEZ facility. The government announces ex gratia payment of ₹50 lakh to the next of kin of each of the deceased and constitutes a high-level committee to inquire into the incident",2026-10-04 04:45:05,en,English,,TheHindu,https://www.thehindu.com/news/national/andhra-pradesh/workers-killed-injured-in-a-boiler-explosion-at-a-sri-city-sez-facility/article71539836.ece
6ddaf8a64abb3d16,"‘He was so scared’: SP MP on ally Rahul Gandhi skipping Amethi in 2024 Lok Sabha polls. ""Had there been no alliance (with the Samajwadi Party), they (Congress) wouldn't have won a single seat. It even reached a point where their top leader Rahul Gandhi was ready to give up his seat. He contested from elsewhere (Raebareli) instead of Amethi. He was so scared,"" SP MP Shiv Pal Singh Patel said.",2026-10-04 04:29:33,en,English,,TimesOfIndia,https://timesofindia.indiatimes.com/india/he-was-so-scared-sp-mp-on-ally-rahul-gandhi-skipping-amethi-in-2024-lok-sabha-polls/articleshow/134669480.cms
ce5c1036695e7805,"‘Marry early, have five kids’: BJP MP's advice to Hindus, cites birth rate of ‘other community’. Gajendra Singh Patel said, “Earlier generations would have four, five, six or even seven children. People used to marry at the age of 20, 21 or 22.”",2026-10-04 04:25:11,en,English,,HindustanTimes,https://www.hindustantimes.com/india-news/marry-early-have-five-kids-bjp-mps-advice-to-hindus-cites-birth-rate-of-other-community-101791085823851.html
d7554b574d8ccc10,‘Crushing democracy in their DNA’: Shivraj on Congress demanding return to ballot papers.,2026-10-04 04:15:05,en,English,,TimesOfIndia,https://timesofindia.indiatimes.com/india/crushing-democracy-in-their-dna-shivraj-on-congress-demanding-return-to-ballot-papers/articleshow/134669226.cms
c7c89da54a25d420,Indian envoy on giving shelter to Sheikh Hasina: 'It was our duty...she was still Bangladesh PM'. Former Bangladesh PM Sheikh Hasina has been living in India after fleeing Dhaka following the collapse of her government in August 2024.,2026-10-04 04:00:16,en,English,,HindustanTimes,https://www.hindustantimes.com/india-news/bangladesh-sheikh-hasina-india-extradition-dinesh-trivedi-latest-news-bilateral-ties-101791082744744.html
a525be3de0ee505b,‘Satyagraha’ website launched by Rahul Gandhi: What is it?. ‘Satyagraha’ website launch comes amid protests against Chief Election Commissioner Gyanesh Kumar,2026-10-04 03:13:19,en,English,,TheHindu,https://www.thehindu.com/news/national/satyagraha-website-rahul-gandhi-explained-what-is-it/article71542853.ece
5f9e6aad75881f09,"'Punishment within 3 years': Amit Shah backs new criminal laws, vows drug-free Madhya Pradesh by 2029. He also pledged to make the state drug-free by 2029 and outlined plans for 75,000 new cooperative dairies as part of White Revolution 2.0.",2026-10-04 02:33:19,en,English,,HindustanTimes,https://www.hindustantimes.com/india-news/punishment-within-3-years-amit-shah-backs-new-criminal-laws-vows-drug-free-madhya-pradesh-by-2029-bhopal-visit-101791079636259.html
47af3c6b7dbe45af,Lokesh calls for IIT alumni to aid Andhra’s economic development. Andhra Pradesh IT and education minister Nara Lokesh on Saturday sought the support of the Pan-IIT alumni community in transforming the state into a developed economy and contributing to the national goal of Viksit Bharat-2047,2026-10-04 02:22:20,en,English,,HindustanTimes,https://www.hindustantimes.com/india-news/lokesh-calls-for-iit-alumni-to-aid-andhra-s-economic-development-101791056154662.html
f9a7c5fc212b73c4,AAP MLA suspended for 'anti-party activities' after questions raised on Punjab govt education reform claims. He accused the party leadership of harassment and claimed he faced a personal security threat. AAP has not responded to his allegations.,2026-10-04 02:14:10,en,English,,HindustanTimes,https://www.hindustantimes.com/india-news/party-alleges-indiscipline-aap-suspends-mla-who-criticised-punjab-government-101791054246035.html
2f8fe02320e5691c,"Bitchat removed from Apple's India app store after Centre's demand: Dorsey amid anti-EC stir. The move follows protests demanding resignation of Chief Election Commissioner, amid claims of curtailing free speech.",2026-10-04 02:08:46,en,English,,HindustanTimes,https://www.hindustantimes.com/india-news/bitchat-access-removed-in-india-after-centre-demand-jack-dorsey-jantar-mantar-protests-101791075168266.html
c77e073bfa89d919,"TMC loses 2 chairships to BJP, rebel faction in major parliamentary panel reshuffle. TMC’s Dola Sen was replaced by BJP's Sudhanshu Trivedi, and rebel TMC leader Kakoli Ghosh Dastidar replaced Kirti Azad.",2026-10-04 02:03:06,en,English,,HindustanTimes,https://www.hindustantimes.com/india-news/tmc-loses-2-chairships-to-bjp-rebel-faction-in-major-parliamentary-panel-reshuffle-101791078983411.html
0a071c3aa89cb32d,"‘False charade’ vs ‘total buffoons’: Congress, CJP trade barbs over growing political footprint as Mamata backs youth group. Tensions were high as Congress accused CJP of evading cooperation, while CJP leaders defended their position, highlighting shifts in youth politics.",2026-10-04 01:59:34,en,English,,HindustanTimes,https://www.hindustantimes.com/india-news/false-charade-vs-total-buffoons-congress-cjp-trade-barbs-over-growing-political-footprint-as-mamata-backs-youth-group-101791077883830.html
42794ccd031f0d71,"Bitchat removed from Apple’s India App Store following govt's demand: Jack Dorsey. Bitchat, built by Mr. Dorsey, had come under government scrutiny in July this year as well",2026-10-04 01:25:04,en,English,,TheHindu,https://www.thehindu.com/sci-tech/technology/bitchat-removed-from-apples-india-app-store-following-govts-demand-jack-dorsey/article71541755.ece
3c157496303bb847,"As protests against CEC continue, Rahul launches ‘Satyagraha’ digital platform. Terming PM Modi and State Chief Ministers ‘illegal’ occupants of their post, Kharge demands dissolution of Lok Sabha, Assemblies; Opposition steps up campaign against SIR",2026-10-04 01:11:50,en,English,,TheHindu,https://www.thehindu.com/news/national/as-protests-against-cec-continue-rahul-launches-satyagraha-digital-platform/article71541453.ece
7ab73ca5f2809903,"Protests held across country demanding CEC Gyanesh Kumar’s ouster, hundreds detained. Congress leader Rahul Gandhi slams police action on protesters, says ‘lathi can stop a crowd, but not a question’; political parties, activists and students take out rallies across States seeking electoral reforms and rollback of SIR",2026-10-04 01:07:11,en,English,,TheHindu,https://www.thehindu.com/news/national/protests-held-across-country-demanding-cec-gyanesh-kumars-ouster-hundreds-detained/article71537923.ece
4b19cbe40d9ac750,"Uncertainty now a standing condition of global economy: Finance minister Nirmala Sitharaman. The finance minister cited the critical minerals mission, rare earth corridors, semiconductor programme and small modular reactors as key strategic responses.",2026-10-04 01:06:38,en,English,,HindustanTimes,https://www.hindustantimes.com/india-news/uncertainty-now-a-standing-condition-of-international-economy-says-finance-minister-nirmala-sitharaman-highlights-indias-economic-resilience-101791072066678.html
498f20e0c5e4b9b1,"Government, NTA officials may not be named in CBI charge sheet over NEET-UG paper leak. The agency’s probe has established the alleged role of 13 people, including NTA-appointed subject experts, coaching centre operators, middlemen and candidates.",2026-10-04 01:05:44,en,English,,HindustanTimes,https://www.hindustantimes.com/india-news/neet-ug-2026-paper-leak-cbi-set-to-file-final-charge-sheet-within-a-week-101791070939080.html
b376f13120159852,Insulting people’s mandate is Congress’ old habit: BJP. Shivraj Chouhan accuses Kharge of attacking constitutional institutions; defends appointment process of Election Commissioners and reliability of EVMs,2026-10-04 00:58:58,en,English,,TheHindu,https://www.thehindu.com/news/national/insulting-peoples-mandate-is-congress-old-habit-bjp/article71541566.ece
df5c4545b6694f71,"Sheikh Hasina’s extradition possible via ‘well-structured’ process: India’s High Commissioner to Bangladesh. When Sheikh Hasina sought refuge after the fall of her government, ‘India had hardly any choice,’ Dinesh Trivedi says",2026-10-04 00:57:17,en,English,,TheHindu,https://www.thehindu.com/news/national/sheikh-hasinas-extradition-possible-via-well-structured-process-indias-high-commissioner-to-bangladesh/article71540564.ece
0f9e5dca0f93de6a,"Chennai’s monsoon test. This year, the IMD has predicted normal Northeast monsoon rainfall, with a strong El Niño likely to strengthen it further towards the end of the year. Is the new TVK government prepared to face the monsoon, or will Chennai have to brace for another deluge?",2026-10-04 00:47:39,en,English,,TheHindu,https://www.thehindu.com/news/cities/chennai/chennais-northeast-monsoon-test-how-ready-is-the-city-to-tackle-flooding/article71539817.ece
4c21d54e4355540f,BJP hits back at Kharge over 'illegal' remark.,2026-10-03 23:00:59,en,English,,TimesOfIndia,https://timesofindia.indiatimes.com/india/bjp-hits-back-at-kharge-over-illegal-remark/articleshow/134668369.cms
81a7e3d752ea7587,"Lokesh outlines State’s strategy to become leading destination. Speed, service and stability are the core principles, says the HRD Minister, adding that focus is on converting investment commitments into projects, jobs and long-term economic growth",2026-10-03 22:37:28,en,English,,TheHindu,https://www.thehindu.com/news/national/andhra-pradesh/lokesh-outlines-states-strategy-to-become-leading-destination/article71541337.ece
28f4a02df0769fb3,"Sagardighi MLA Bayron Biswas sustains burn injuries after fire erupts at West Bengal residence. Several politicians, including Chief Minister Suvendu Adhikari call for his speedy recovery",2026-10-03 22:03:35,en,English,,TheHindu,https://www.thehindu.com/news/national/west-bengal/sagardighimla-bayron-biswas-sustains-burn-injuries-after-fire-erupts-at-west-bengal-residence/article71540845.ece
2c753a3f50c25d4a,"Panchayat elections in Rajasthan to be held in four phases from October 23. Elections would be held for members of 41 Zila Parishads, 457 Panchayat Samitis and 14,403 village panchayats following delimitation and reorganisation of Panchayati Raj institutions",2026-10-03 21:39:58,en,English,,TheHindu,https://www.thehindu.com/news/national/rajasthan/panchayat-elections-in-rajasthan-to-be-held-in-four-phases-from-october-23/article71541032.ece
c4a0afcf83bb7fd8,"SP changes candidates on two MLC seats, field BJP rebels. Elections to five graduates’ and six teachers’ constituencies of the Uttar Pradesh Legislative Council will be held on October 23, with counting on October 27",2026-10-03 21:25:34,en,English,,TheHindu,https://www.thehindu.com/news/national/uttar-pradesh/sp-changes-candidates-on-two-mlc-seats-field-bjp-rebels/article71541279.ece
4e982892c4616e93,"No need for resolution, PM committed to granting Statehood to J&K: BJP MP Tarun Chugh. Mr. Chugh termed the recent resolution passed by the J&K Assembly as “an attempt by the NC to divert attention from people’s issues”",2026-10-03 21:12:26,en,English,,TheHindu,https://www.thehindu.com/news/national/jammu-and-kashmir/no-need-for-resolution-pm-committed-to-granting-statehood-to-jk-bjp-mp-tarun-chugh/article71541424.ece
1cff0b9a9ed1264a,"Netanyahu invites PM Modi, flydubai captain Smit Machchhar to light Israel Independence Day flame: 'Highest honor'. Netanyahu invites PM Modi and flydubai captain Smit Machchhar to light a flame at Israel’s Independence Day ceremony next year.",2026-10-03 20:39:50,en,English,,HindustanTimes,https://www.hindustantimes.com/india-news/netanyahu-invites-pm-modi-flydubai-captain-smit-machchhar-to-light-israel-independence-day-flame-highest-honor-101791054708344.html
950d1878d54f91ce,"Delhi Police personnel misbehaved with women protesters, Amit Shah must answer: Rahul Gandhi. He alleged that women and students across Delhi, who are gripped by fear for their safety, are staging satyagraha, but the police responsible for protecting them are raising hands against them instead",2026-10-03 20:33:09,en,English,,TheHindu,https://www.thehindu.com/news/national/delhi-police-personnel-misbehaved-with-women-protesters-amit-shah-must-answer-rahul-gandhi/article71541863.ece
8d7a319cff7082d3,"Indian proposal for Ukraine truce ‘most comprehensive’, says Ukrainian foreign minister Andrii Sybiha. Sybiha said similar proposals have been made by Turkey and Egypt, which proposed a truce in the Black Sea to restore grain exports from Ukraine.",2026-10-03 13:39:51,en,English,,HindustanTimes,https://www.hindustantimes.com/india-news/indian-proposal-for-ukraine-truce-most-comprehensive-says-andrii-sybiha-101791034792313.html
29a33fab0f2a1078,"Congress seeks review of CAPF conduct after Bengal polls, police action on Oppn workers. The Congress also sought a discussion on the alleged use of pellet guns by the Rapid Action Force at protesting students in Delhi’s Jantar Mantar in July.",2026-10-03 10:33:53,en,English,,HindustanTimes,https://www.hindustantimes.com/india-news/congress-seeks-review-of-capf-conduct-after-west-bengal-polls-police-action-on-opposition-workers-101791023146469.html
92d661a50aacf9c0,"Rahul Gandhi launches ‘Satyagraha' platform: Will help people where truth is being crushed. Gandhi said their protest will find a place on the Satyagraha map, adding, ""you will see who else, like you, is fighting their own battle"".",2026-10-03 09:12:58,en,English,,HindustanTimes,https://www.hindustantimes.com/india-news/rahul-gandhi-launches-satyagarh-platform-will-help-people-where-truth-is-being-crushed-101791014377327.html
d7813feee119c781,"Bengal: Fire breaks out at Democratic-TMC Bayron Biswas’ Murshidabad home, MLA injured. Bengal’s Sagardighi MLA Bayron Biswas suffered burn injuries after a fire broke out at his residence in Dhuliyan, Murshidabad, on Saturday morning.",2026-10-03 09:07:49,en,English,,HindustanTimes,https://www.hindustantimes.com/india-news/bengal-fire-breaks-out-at-democratic-aitc-bayron-biswas-murshidabad-home-mla-injured-101791018469702.html
8cb3bb8fecff71e8,"'Not just BJP, another party thinks...': CJP takes dig at 'total buffoons', Congress leader hits out. Saurav Das said that some people, belonging to a party other than BJP, believe that only they have the responsibility of ‘saving India, saving constitution’.",2026-10-03 09:03:39,en,English,,HindustanTimes,https://www.hindustantimes.com/india-news/cjp-ashutosh-ranka-saurav-das-dig-at-self-declared-liberal-ecosystem-congress-flak-aap-saurabh-bharadwaj-abhijeet-dipke-101791014639168.html
3f5c88646fa1f8a2,"Priyanka Kakkar joins Congress after quitting AAP, cites differences over party’s functioning. In the video shared by Congress, Priyanka Kakkar said that she is joining the party as she wants back ""the Delhi I grew up in”",2026-10-03 08:34:23,en,English,,HindustanTimes,https://www.hindustantimes.com/india-news/aaps-priyanka-kakkar-joins-congress-no-need-to-let-votes-scatter-now-arvind-kejriwal-101791015990896.html
4d687d46b1902af3,"‘I’m a team player, will work as full-back’: New Punjab Congress chief Pargat Singh. Pargat Singh, the former Indian hockey captain who replaced Amarinder Singh Raja Warring as State Congress president, said the party’s team was a good one and decisions would be taken unanimously",2026-10-03 08:02:32,en,English,,TheHindu,https://www.thehindu.com/news/national/punjab/im-a-team-player-will-work-as-full-back-new-punjab-congress-chief-pargat-singh/article71539955.ece
72061df56a8edef1,"Protest against CEC Gyanesh Kumar LIVE: Won't be surprised if X handle taken down, says Dipke after post thanking Mamata restricted. CJP founder Abhijeet Dipke said the group would stage another protest in Delhi on October 10 if Gyanesh Kumar refused to resign",2026-10-03 08:00:18,en,English,,TheHindu,https://www.thehindu.com/news/national/delhi-protest-against-gyanesh-kumar-october-3-2026/article71539583.ece
0e62f9f65709db6f,Former AAP spokesperson Priyanka Kakkar joins Congress.,2026-10-03 07:59:51,no,no,,TimesOfIndia,https://timesofindia.indiatimes.com/india/former-aap-spokesperson-priyanka-kakkar-joins-congress/articleshow/134654809.cms
4e4318d548b125da,"Police kept close watch for anti-social elements, Maharashtra minister Pankaj Bhoyar on CJP protest. Maharashtra minister Pankaj Bhoyar said police were alert to anti-social elements during the CJP protest against the Election Commission in Mumbai.",2026-10-03 07:59:47,en,English,,HindustanTimes,https://www.hindustantimes.com/india-news/police-kept-close-watch-for-anti-social-elements-maharashtra-minister-pankaj-bhoyar-on-cjp-protest-101791014388108.html
932e4a2b796eeb93,"San Francisco dinner and ‘morality push’: Why Anthropic invited a Hindu monk to discuss AI. Although he did not reveal details covered by the NDA, Sarvapriyananda referred to Anthropic's “shiny kid on the block, Mythos” and “Project Glasswing”.",2026-10-03 07:52:43,en,English,,HindustanTimes,https://www.hindustantimes.com/india-news/ndas-and-san-francisco-dinner-why-anthropic-invited-a-hindu-monk-swami-sarvapriyananda-to-discuss-ai-ethics-101791010404700.html
7ddbb965a8607f40,"SIR: Pre-filled Form-7 applications against Muslim voters in Kodagu came from ‘party office’, say objectors. Across multiple Assembly constituencies in Karnataka, pre-filled Form-7 applications were filed in bulk seeking deletion of Muslim voters’ names",2026-10-03 07:48:09,en,English,,TheHindu,https://www.thehindu.com/news/cities/bangalore/sir-pre-filled-form-7-applications-against-muslim-voters-in-kodagu-came-from-party-office-say-objectors/article71534260.ece
11f63c16c53f016d,Biryani Barbs Fly As Assam By-Poll Campaign Heats Up. Congress MP Rakibul Hussain. Assam Chief Minister Himanta Biswa Sarma,2026-10-03 07:40:24,en,English,,NDTV,https://www.ndtv.com/india-news/nagaon-lok-sabha-bypoll-himanta-biswa-sarma-biryani-barbs-fly-as-assam-by-poll-campaign-heats-up-12133108#publisher=newsstand
3fe05bc780ba5e6b,Odisha government announces ₹11 lakh each for women's hockey team players for Asian Games win. The Indian women's hockey team had last won the gold medal at the Asian Games in 1982,2026-10-03 07:31:22,en,English,,TheHindu,https://www.thehindu.com/news/national/odisha/odisha-government-announces-11-lakh-each-for-womens-hockey-team-players-for-asian-games-win/article71539866.ece
5501e5dfba69296d,Minister Lokesh seeks Pan-IIT community’s support for making Andhra Pradesh No. 1 State in the country.,2026-10-03 07:22:12,en,English,,TheHindu,https://www.thehindu.com/news/national/andhra-pradesh/minister-lokesh-seeks-pan-iit-communitys-support-for-making-andhra-pradesh-no-1-state-in-the-country/article71539599.ece
b146f3f7372ceae4,₹100 crore announced for Gandhi Smaraka in Belagavi district. Mahatma Gandhi had presided over the Congress session in the city in 1924,2026-10-03 07:18:16,en,English,,TheHindu,https://www.thehindu.com/news/national/karnataka/100-crore-announced-for-gandhi-smaraka-in-belagavi-district/article71537279.ece
88fe1b76d366076d,TVK to file complaint with ECI against M.K. Stalin’s remarks against its candidate in Dharapuram: Minister. He alleged that the DMK was going “the AIADMK way” and would contest the 2029 elections with the BJP,2026-10-03 07:15:36,en,English,,TheHindu,https://www.thehindu.com/news/cities/Coimbatore/tvk-to-file-complaint-with-eci-against-mk-stalins-remarks-against-its-candidate-in-dharapuram-minister/article71539792.ece
abeffe25fadb019d,"Keralam Health Minister denies medicine shortages in govt hospitals, alleges pharma companies behind such claims. He describes such reports as ‘media creation’ and maintains that adequate stocks are available in government hospitals",2026-10-03 07:06:38,en,English,,TheHindu,https://www.thehindu.com/news/national/kerala/keralam-health-minister-denies-medicine-shortages-in-govt-hospitals-alleges-pharma-companies-behind-such-claims/article71539895.ece
8d603b89a52cffb5,Sri Lanka court refuses to issue arrest warrants for two Indian directors in bribery case. The Colombo Chief Magistrate cited a lack of evidence in a case where Opposition leader Namal Rajapaksa is already in remand custody over an alleged 2013 bribe linked to a stalled hotel project,2026-10-03 07:01:17,en,English,,TheHindu,https://www.thehindu.com/news/national/sri-lanka-court-refuses-to-issue-arrest-warrants-for-two-indian-directors-in-bribery-case/article71539825.ece
37a1500db762a907,"How Aradhana Misra Won Ajay Rai-Rajendra Pal Clash And Rose In UP Congress. Rajendra Pal Gautam, Aradhana Misra, Ajay Rai",2026-10-03 06:58:26,id,id,,NDTV,https://www.ndtv.com/india-news/uttar-pradesh-election-ajay-rai-rajendra-pal-clash-how-aradhana-misra-rose-to-top-in-up-congress-12132707#publisher=newsstand
b98e59d598eadbd5,"Odisha Government Revises Junior Teachers' Regularisation Order, Check Details. Odisha government revises junior teachers regularisation order.",2026-10-03 06:57:07,en,English,,NDTV,https://www.ndtv.com/education/odisha-government-revises-junior-teachers-regularisation-order-check-details-12132952#publisher=newsstand
00e20a57cbecf7a0,Hardened narco-trafficking kingpin Navpreet Singh deported from Turkiye: Amit Shah. Amit Shah said that the accused obtained Turkish citizenship under the fake identity of Navab Virk and had continued to smuggle heroin and methamphetamine to India from Afghanistan,2026-10-03 06:53:52,en,English,,TheHindu,https://www.thehindu.com/news/national/hardened-narco-trafficking-kingpin-navpreet-singh-deported-from-turkiye-amit-shah/article71539704.ece
6ae6fa56f2dcc122,"Kharge writes to PM Modi, urges ₹3,705 crore aid for drought-hit Karnataka. Kharge cited state government estimates of Rs. 18,748.23 crore in crop losses across 19.52 lakh hectares",2026-10-03 06:49:46,en,English,,HindustanTimes,https://www.hindustantimes.com/india-news/kharge-writes-to-pm-modi-urges-rs-3-705-crore-aid-for-drought-hit-karnataka-101791010187057.html
47a4e12a13b57723,"BJP Raitha Morcha to work with sugarcane farmers in Karnataka to find solutions to problems, says former MP. Some of their demands are justified, says Morcha head Iranna Kadadi",2026-10-03 06:41:04,en,English,,TheHindu,https://www.thehindu.com/news/national/karnataka/bjp-raitha-morcha-to-work-with-sugarcane-farmers-in-karnataka-to-find-solutions-to-problems-says-former-mp/article71537735.ece
be8dcfeb123de522,"No medicine shortage in govt hospitals, says Keralam Health minister. No medicine shortage in govt hospitals, says Keralam Health minister",2026-10-03 06:36:12,en,English,,HindustanTimes,https://www.hindustantimes.com/india-news/no-medicine-shortage-in-govt-hospitals-says-keralam-health-minister-101791009373310.html
8002fa0a391ac412,"Burqa Row Triggers Nurses' Protest At Jammu Hospital, Panel Set Up For Probe. Protest at Government Hospital in Doda",2026-10-03 06:34:08,en,English,,NDTV,https://www.ndtv.com/india-news/burqa-row-triggers-nurses-protest-at-jammu-hospital-panel-set-up-for-probe-12132859#publisher=newsstand
034e6c10c9a1363b,CM Vijay holds roadshow in Madurantakam ahead of October 6 byelection. The TVK president began his roadshow at Mamandur on GST Road around 2.30 p.m. Fans and supporters flocked in large numbers along the entire route of the Chief Minister’s cavalcade,2026-10-03 06:26:57,en,English,,TheHindu,https://www.thehindu.com/news/national/tamil-nadu/vijay-holds-roadshow-in-madurantakam-ahead-of-the-october-6-byelection/article71537438.ece
03b0d930a644d458,Rahul Gandhi launches 'Satyagraha' website for information on current protests across India.,2026-10-03 06:23:24,en,English,,TimesOfIndia,https://timesofindia.indiatimes.com/india/rahul-gandhi-launches-satyagraha-website-for-information-on-current-protests-across-india/articleshow/134653447.cms
e14fe899c541501c,"‘Minority’ TVK government has ‘forced’ byelection for CM’s selfish gain: DMK president Stalin. “Actor Chief Minister” C. Joseph Vijay, after playing a hero in Jananayagan, had turned a villain by imposing a byelection through “horse-trading” and “murder of democracy”, says Stalin",2026-10-03 06:20:21,en,English,,TheHindu,https://www.thehindu.com/news/national/tamil-nadu/minority-tvk-government-has-forced-byelection-for-cms-selfish-gain-dmk-president-stalin/article71538122.ece
3d8a1acc88f36410,"""Historic Milestone"": Amit Shah Praises Deportation Of Narco Kingpin Navpreet Singh From Turkey. Navpreet Singh had obtained Turkish citizenship using a fake identity",2026-10-03 06:17:18,en,English,,NDTV,https://www.ndtv.com/india-news/historic-milestone-amit-shah-praises-deportation-of-narco-kingpin-navpreet-singh-from-turkey-12132775#publisher=newsstand
108baaab7ac7b83b,HT exclusive: Delhi Police register 3 cases over Jantar Mantar protest against CEC Gyanesh Kumar. The three first information reports (FIRs) were registered at two police stations – Parliament Street and Connaught Place.,2026-10-03 06:09:30,en,English,,HindustanTimes,https://www.hindustantimes.com/india-news/delhi-police-register-3-cases-over-jantar-mantar-protest-against-cec-gyanesh-kumar-101791007712256.html
4255b0e08e62586d,Can Congress’s Pargat Singh bridge Punjab unit’s factional divide | Explained. New Punjab Congress chief a balancing act? Will the temporary calm hold?,2026-10-03 05:53:28,en,English,,TheHindu,https://www.thehindu.com/news/national/punjab/punjab-pradesh-congress-committee-new-president-pargat-singh/article71539767.ece
b4ba2b09024140b0,'I am Hanuman to Rahul Gandhi': Ajay Rai after being replaced as UP Congress chief.,2026-10-03 05:42:09,en,English,,TimesOfIndia,https://timesofindia.indiatimes.com/india/i-am-hanuman-to-rahul-gandhi-ajay-rai-after-being-replaced-as-up-congress-chief/articleshow/134652799.cms
d04ebee711562f10,'Must rise above political differences': Kharge writes to PM Modi with six demands over Karnataka drought.,2026-10-03 05:37:39,en,English,,TimesOfIndia,https://timesofindia.indiatimes.com/india/must-rise-above-political-differences-kharge-writes-to-pm-modi-with-six-demands-on-karnataka-drought/articleshow/134652385.cms
18a89d3aa7eb1142,"Uproar over Dalit woman’s roadside delivery amid untouchability allegations. Rani Vanvasi, a 20-year-old pregnant woman gave birth on the roadside outside government district hospital in Bhadohi on September 29, after she was allegedly denied admission for delivery; the victim’s family also alleged that hospital staff failed to provide timely treatment and did not admit her.",2026-10-03 05:37:23,en,English,,TheHindu,https://www.thehindu.com/news/national/uttar-pradesh/uproar-over-dalit-womans-roadside-delivery-amid-untouchability-allegations/article71537672.ece
9c84dc38ac900c47,"Impostor posing as Minister threatened judges inside District Judge’s chamber in West Bengal. Three judicial officers at Alipore Court, including two women, wrote to the District Judge alleging intimidation by a man who falsely claimed to be a Cabinet Minister and had earlier been in Enforcement Directorate custody in the Rose Valley case",2026-10-03 05:32:58,en,English,,TheHindu,https://www.thehindu.com/news/national/west-bengal/impostor-posing-as-minister-threatened-judges-inside-district-judges-chamber-in-west-bengal/article71538504.ece
32e103f30304473e,"Who is Pargat Singh, the former Olympic hockey captain who just replaced Warring as Punjab Congress president?. Pargat Singh’s rare sports-to-politics transition from the hockey turf to the helm of the Punjab Congress explains his political journey and why he replaced Warring as the Punjab Congress president",2026-10-03 05:28:04,en,English,,TheHindu,https://www.thehindu.com/news/national/punjab/pargat-singh-new-punjab-congress-president-warring-replaced/article71539667.ece
4453d0d57a0a6378,US Midterm Elections 2026: Why They Matter And How They Shape US Politics. US President Donald Trump applauds on stage during a visit to Peterbilt Motors in Denton.,2026-10-03 05:22:48,en,English,,NDTV,https://www.ndtv.com/education/did-you-know-us-mid-term-elections-2026-what-are-the-2026-midterm-elections-and-how-do-they-shape-us-politics-12132666#publisher=newsstand
d28bc719148a7a2d,‘Won’t force you to say Jai Shri Ram’: Suvendu Adhikari reaches out to Nandigram minorities. Suvendu Adhikari said he would be present in Nandigram on counting day and urged minority voters to join hands with his government.,2026-10-03 05:15:44,en,English,,HindustanTimes,https://www.hindustantimes.com/india-news/wont-force-you-to-say-jai-shri-ram-suvendu-adhikari-reaches-out-to-west-bengal-nandigram-minorities-101790998341567.html
fb25a872b11b35d0,"Mohan Charan Majhi government epitome of mismanagement: Naveen Patnaik. BJD launches ‘Jan Sampark Padayatra’, its annual month-long public outreach programme on occasion birth anniversary of Mahatma Gandhi",2026-10-03 05:13:41,en,English,,TheHindu,https://www.thehindu.com/news/national/odisha/naveen-patnaik-brands-odishas-government-as-mismanaged/article71537058.ece
33a2e5208187cd59,Analysis | Punjab Congress' New Captain. Can Pargat Singh Change The Game?. Pargat Singh,2026-10-03 05:07:55,en,English,,NDTV,https://www.ndtv.com/india-news/punjab-election-analysis-punjab-congress-new-captain-can-pargat-singh-change-the-game-12132484#publisher=newsstand
1c83d9889be92a52,‘Jantar Mantar 2.0 on October 10 if….’: Dipke's fresh CJP protest warning against CEC Gyanesh Kumar amid SIR row. CJP founder Abhijeet Dipke said the planned demonstration would remain peaceful and urged citizens who support free and fair elections to take part.,2026-10-03 04:27:53,en,English,,HindustanTimes,https://www.hindustantimes.com/india-news/jantar-mantar-protest-on-october-10-if-cec-gyanesh-kumar-does-not-resign-cjp-abhijeet-dipke-fresh-delhi-protest-warning-after-mumbai-stir-101790999925108.html
425da8b6ede63db3,When Election Commission was rocked by internal disputes | Explained. A major controversy erupted when T.N. Seshan went to court challenging the appointment of two Election Commissioners; N. Gopalaswami’s suo motu recommendation to the President for the removal of Navin Chawla was another shocking episode,2026-10-03 03:57:32,en,English,,TheHindu,https://www.thehindu.com/news/national/when-election-commission-was-rocked-by-internal-disputes-explained/article71539602.ece
a02fc66feb565fa5,From Badals To Captain: How Pargat Singh's Dissent May Have Scored It For Him. Congress has appointed Pargat Singh as chief of its Punjab unit,2026-10-03 03:33:15,en,English,,NDTV,https://www.ndtv.com/india-news/punjab-election-congress-from-badals-to-captain-how-pargat-singhs-dissent-may-have-scored-it-for-him-12132394#publisher=newsstand
ef0fc96debae0e52,25 years of Narendra Modi: A journey of service and solutions. The story is not simply about 25 years in office. It is about a promise to change the meaning of governance for the common citizen.,2026-10-03 02:54:02,en,English,,HindustanTimes,https://www.hindustantimes.com/india-news/25-years-of-narendra-modi-a-journey-of-service-and-solutions-101790994552457.html
e9a19163d7483d03,"Hockey captain to 3-time MLA: Who is Pargat Singh, the new Punjab Congress chief?. Pargat Singh is a three-time MLA from Jalandhar Cantonment. He first won the constituency in 2012 on a Shiromani Akali Dal (SAD) ticket.",2026-10-03 02:18:36,en,English,,HindustanTimes,https://www.hindustantimes.com/india-news/hockey-captain-to-3-time-jalandhar-cantonment-mla-who-is-pargat-singh-the-new-punjab-congress-chief-101790992864004.html
99b84888211b4dc6,Confusion over status of 2.2mn West Bengal voters in Election Commission's special drive. The West Bengal Congress has sought clarity from the ECI on whether 22.21 lakh appellants can submit Form 6 during the special enrolment exercise.,2026-10-03 02:10:59,en,English,,HindustanTimes,https://www.hindustantimes.com/india-news/confusion-over-status-of-2-2mn-west-bengal-voters-in-election-commission-special-drive-sir-101790992519367.html
5620858f710d94a9,"If Gyanesh Kumar goes, Modi will have to follow suit: Dipke. Prominent persons, including actor Shabana Azmi and singer Vishal Dadlani, also took part in the protest against the alleged irregularities in electoral rolls and the Election Commission’s nationwide SIR exercise",2026-10-03 01:44:02,en,English,,TheHindu,https://www.thehindu.com/news/national/gyanesh-its-done-bro-echoes-as-thousands-join-cjp-protest-seeking-cecs-resignation/article71537570.ece
8edf3cd4a280c974,"Officer flagged by ECs Sukhbir Sandhu, Vivek Joshi to cabinet secretary oversees poll panel’s IT wing. Letters to cabinet secretary TV Somanathan said Garg’s move to alter the routing of DG (IT) Seema Khanna’s files undermined an established layer of scrutiny.",2026-10-03 01:08:13,en,English,,HindustanTimes,https://www.hindustantimes.com/india-news/officer-flagged-by-ecs-sukhbir-sandhu-vivek-joshi-to-cabinet-secretary-oversees-poll-panel-s-it-wing-101790985500001.html
b788a47a08be55a6,"From hospital bed, Captain Smit tells PM Modi: Couldn’t let others die.",2026-10-02 21:51:57,en,English,,TimesOfIndia,https://timesofindia.indiatimes.com/india/from-hospital-bed-captain-smit-tells-pm-modi-couldnt-let-others-die/articleshow/134646838.cms
4afb6c5b7395763a,Putin says PM Modi has very good ideas for peace.,2026-10-02 21:10:02,en,English,,TimesOfIndia,https://timesofindia.indiatimes.com/india/putin-says-pm-modi-has-very-good-ideas-for-peace/articleshow/134646629.cms
81d0670ca8bf6ed8,"‘Are you afraid of BJP’: Stalin targets CM Vijay for alleged silence over SIR-CEC. “What is your fear, CM sir what is the fear?"" Stalin asked Vijay, demanding to know the reason behind his alleged silence over SIR.",2026-10-02 17:23:15,en,English,,HindustanTimes,https://www.hindustantimes.com/india-news/stalin-targets-vijay-for-alleged-silence-over-sir-cec-row-are-you-afraid-of-bjp-dmk-tvk-tamil-nadu-october-6-bypoll-101790951070344.html
bac815c2df95b681,"Congress appoints Aradhna Mishra Mona as new UP chief, Imran Masood as working president ahead of 2027 polls. The party also named Devinder Nishad and Alok Prasad as senior vice presidents in a major reshuffle ahead of 2027 Assembly polls.",2026-10-02 16:09:09,en,English,,HindustanTimes,https://www.hindustantimes.com/india-news/congress-appoints-aradhna-mishra-mona-as-new-up-chief-imran-masood-working-president-ahead-of-2027-polls-101790957268714.html
2f9634035cec9ef8,"Pargat Singh appointed Punjab Congress chief after Warring's exit, takes charge ahead of 2027 Assembly polls. Amarinder Singh Raja Warring, who had headed the state unit since April 2022, met Rahul Gandhi in Delhi and submitted his resignation.",2026-10-02 15:59:55,en,English,,HindustanTimes,https://www.hindustantimes.com/india-news/pargat-singh-appointed-punjab-congress-chief-after-warrings-exit-takes-charge-ahead-of-2027-assembly-polls-101790956048595.html
759d533f2b38f089,"CJP’s Dipke warns of ‘Jantar Mantar 2.0’ at Mumbai protest, demands CEC Gyanesh Kumar’s resignation. CJP founder Abhijeet Dipke demanded CEC Gyanesh Kumar’s resignation at a Mumbai protest, alleging mass voter-roll deletions under the SIR process.",2026-10-02 15:13:36,en,English,,HindustanTimes,https://www.hindustantimes.com/india-news/mumbai-cjp-s-dipke-warns-of-jantar-mantar-2-0-demands-gyanesh-kumar-s-resignation-101790954017021.html
c4ba9708f7c0e3f3,"Milind Deora writes to PM Modi, seeks Ashok Chakra for flydubai Captain Machchhar. Shiv Sena MP Milind Deora said Captain Machchhar put the lives of others before his own and continued to act despite being seriously wounded",2026-10-02 13:30:35,en,English,,HindustanTimes,https://www.hindustantimes.com/india-news/milind-deora-writes-to-pm-modi-seeks-ashok-chakra-for-flydubai-captain-machchhar-101790947836192.html
f549ad9c9a4441eb,ED summons MP Avinash Reddy over ₹40 crore Vivekananda Reddy murder money trail. The ED has summoned YSR Congress Party MP Y S Avinash Reddy for questioning on October 14 over the alleged ₹40-crore money trail in the murder case.,2026-10-02 13:18:36,en,English,,HindustanTimes,https://www.hindustantimes.com/india-news/ed-summons-mp-avinash-reddy-over-40-crore-vivekananda-reddy-murder-money-trail-101790947117372.html
f49094fe236e013d,"Injured, under attack, but ‘one last push’: 3 chilling details Indian pilot Smit Machchhar gave PM Modi on flydubai nightmare. flydubai pilot-in-command Smit Machchhar, speaking to PM Modi from his hospital bed on Friday, said he ""could not let all those people die.",2026-10-02 13:06:10,en,English,,HindustanTimes,https://www.hindustantimes.com/india-news/injured-under-attack-but-one-last-push-3-chilling-details-indian-pilot-smit-machchhar-gave-pm-modi-on-flydubai-nightmare-101790943224504.html
9f2b274296103cba,"Javed Akhtar's jibe at CJP protest critics: ‘Same intensity’ for political jalsas?. Abhijeet Dipke, who founded the CJP, had announced a nationwide agitation after a news report alleging dissent within the election commission emerged.",2026-10-02 12:24:18,en,English,,HindustanTimes,https://www.hindustantimes.com/india-news/javed-akhtars-jibe-at-cjp-protest-critics-same-intensity-for-political-jalsas-101790940653957.html
b9492b13eee2313b,"Two spaces, one legacy: Inside Mahatma Gandhi’s birthplace and Kirti Mandir memorial. The Archaeological Survey of India looks after Gandhi's birthplace, while the state government maintains the Kirti Mandir memorial through a committee.",2026-10-02 11:34:56,en,English,,HindustanTimes,https://www.hindustantimes.com/india-news/two-spaces-one-legacy-inside-mahatma-gandhi-birthplace-and-kirti-mandir-memorial-101790936356601.html
ecccefed2532cc6f,"Pilots’ body urges PM Modi to give flydubai captain Smit Machchhar a bravery award for saving 182 lives. The pilots’ body described Smit Machchhar’s actions during the flydubai incident as an act of “extraordinary courage, and exemplary devotion to duty”",2026-10-02 10:58:01,en,English,,HindustanTimes,https://www.hindustantimes.com/india-news/pilots-body-urges-pm-modi-to-give-flydubai-captain-smit-machchhar-a-bravery-award-for-saving-182-lives-101790938038445.html
e26d171c708e45ff,"The roar is back in Bengal’s Buxa after 8 years: 3-yr-old tigress from Bihar released into reserve. The three-year-old tigress was released in the presence of Union environment, forest and climate change minister Bhupender Yadav and West Bengal chief minister Suvendu Adhikari.",2026-10-02 10:44:34,en,English,,HindustanTimes,https://www.hindustantimes.com/india-news/the-roar-is-back-in-bengal-s-buxa-after-8-years-3-yr-old-tigress-from-bihar-released-into-reserve-101790937875069.html
8d944f2def7a14a3,"Abhijeet Dipke explains why CJP is holding Mumbai protest against poll panel despite Jantar Mantar agitation outcome. The CJP protest in Mumbai was slated to start at 4 pm on Friday near Gate No 6 of Chhatrapati Shivaji Maharaj Park, Abhijeet Dipke said on Thursday",2026-10-02 10:39:42,en,English,,HindustanTimes,https://www.hindustantimes.com/india-news/why-is-abhijeet-dipke-cjp-holding-protest-from-mumbai-not-delhi-where-it-got-pradhan-resignation-from-cjp-protest-101790935103285.html
7e517493b2df1ab9,"'You have saved everyone, done something massive': PM Modi to flydubai's Indian pilot Smit Machchhar. PM Modi connected with Capt Smit Machchhar through a video call and told him that his actions had saved everyone on board the flight.",2026-10-02 10:33:54,en,English,,HindustanTimes,https://www.hindustantimes.com/india-news/you-saved-everyone-pm-modi-lauds-smit-machchhar-for-protecting-image-of-indian-pilots-flydubai-incident-101790933447614.html
2235ac29d7d61f09,"Karnataka SIR: Shivakumar, Vijayendra trade allegations over 'deletion of voters' from electoral rolls. BJP's BY Vijayendra accused Shivakumar of staging a ""sham drama"" by staging a protest at the Chief Electoral Officer's office, while the CM hit back.",2026-10-02 09:21:34,en,English,,HindustanTimes,https://www.hindustantimes.com/india-news/karnataka-sir-shivakumar-vijayendra-bjp-trade-allegations-over-deletion-of-voters-from-electoral-rolls-101790931869668.html
de9896776be79724,"'Could feel flight going down, couldn't let passengers die': Smit Machchhar tells PM Modi about flydubai ordeal. During a video call with Modi, Machchhar recalled the moments of the mid-air crisis and how he forced himself to act even after being badly injured.",2026-10-02 08:59:26,en,English,,HindustanTimes,https://www.hindustantimes.com/india-news/could-feel-flight-going-down-couldnt-let-passengers-die-smit-machchhar-modi-flydubai-101790930976887.html
0d86045f56800bf0,"Can no longer accept 'wrong policies': Ex-Rajasthan Minister Vishvendra Singh quits Congress. Mr. Singh, a member of the erstwhile Bharatpur royal family, announced his decision in a social media post, saying he was guided by his conscience and was hurt by statements made by some party leaders",2026-10-02 08:30:45,en,English,,TheHindu,https://www.thehindu.com/news/national/rajasthan/can-no-longer-accept-wrong-policies-ex-rajasthan-minister-vishvendra-singh-quits-congress/article71536311.ece
c709861687c75c00,SP to field third candidate in UP Rajya Sabha polls? How move would trigger contest with BJP.,2026-10-02 08:13:46,en,English,,TimesOfIndia,https://timesofindia.indiatimes.com/india/sp-to-field-third-candidate-in-up-rajya-sabha-polls-how-move-would-trigger-contest-with-bjp/articleshow/134634408.cms
9c128cbdce045a73,"PM Modi speaks to flydubai pilot Captain Smit Machchaar. In a post on X, PM Modi said Captain Machchhar “showed the world the highest form of courage”",2026-10-02 07:59:08,en,English,,TheHindu,https://www.thehindu.com/news/national/pm-modi-speaks-to-flydubai-pilot-captain-smit-machchaar/article71536177.ece
a3f74f33efc6cd43,'I Was Injured But Couldn't Let Passengers Die': Captain Smit Machchhar To PM Modi. PM Modi spoke to Captain Smit Machchhar over video call,2026-10-02 07:54:02,en,English,,NDTV,https://www.ndtv.com/india-news/flydubai-smit-machchhar-i-was-injured-but-couldnt-let-passengers-die-captain-smit-machchhar-to-pm-modi-12128983#publisher=newsstand
84c9803bcfe51c03,"ECI to conduct special drive to enrol left-out, first-time eligible electors in Tamil Nadu. The Declaration Form attached with Form 6 will be used during the SIR phase only",2026-10-02 07:51:41,en,English,,TheHindu,https://www.thehindu.com/news/national/tamil-nadu/eci-to-conduct-special-drive-to-enrol-left-out-first-time-eligible-electors-in-tamil-nadu/article71532683.ece
f7452e16923a2503,"""Nobody Can Remain At Top Forever"": Punjab Ex-Congress Chief On Resignation. Amarinder Singh Raja Warring said he decided to submit his resignation to Rahul Gandhi because he was the person who had appointed him as Punjab Congress chief, adding he was not holding the post because of anyone's favour.",2026-10-02 07:44:52,en,English,,NDTV,https://www.ndtv.com/india-news/nobody-can-remain-at-top-forever-punjab-ex-congress-chief-amarinder-singh-raja-warring-on-resignation-12129095#publisher=newsstand
a5b3559869cfde4e,"Telangana SIR: 8.38 lakh claims, objections received by ECI so far. Telangana SIR: A total 4,43,705 applications are for fresh enrolment through Form-6, while 3,57,898 are for correction through Form-8, says the data shared by Chief Electoral Officer C. Sudarshan Reddy.",2026-10-02 07:43:43,en,English,,TheHindu,https://www.thehindu.com/news/national/telangana/telangana-sir-838-lakh-claims-objections-received-by-eci-so-far/article71520755.ece
3aa675c662398da6,"Congress names five candidates for Bihar MLC polls; ally RJD in fray in three of them. The RJD had last month announced its candidates for six seats, adding cryptically that ""the decision on the remaining seats was pending""",2026-10-02 07:39:51,en,English,,TheHindu,https://www.thehindu.com/news/national/bihar/congress-names-five-candidates-for-bihar-mlc-polls-ally-rjd-in-fray-in-three-of-them/article71535768.ece
3b8fe9073f829569,"In Phone Call, Hero Pilot Tells PM Modi What Gave Him Courage During Attack. PM Modi had earlier praised Machchhar and called him a ""hero""",2026-10-02 07:38:37,en,English,,NDTV,https://www.ndtv.com/india-news/in-phone-call-hero-pilot-smit-machchhar-tells-pm-modi-what-gave-him-courage-during-flydubai-attack-12128821#publisher=newsstand
b9373378555db537,"Watch: Tamil Nadu CM Vijay plays bus conductor, hands out tickets after expanding free travel scheme. Tamil Nadu chief minister C Joseph Vijay launched an expanded scheme to provide free bus travel. Marking the launch on Gandhi Jayanti, Vijay travelled by bus in Chennai and interacted with passengers. The scheme removed previous limitations on the types of bus services available for free travel. It aims to enhance economic empowerment and education opportunities without transportation costs hindering access.",2026-10-02 07:38:19,en,English,,TimesOfIndia,https://timesofindia.indiatimes.com/india/watch-tamil-nadu-cm-vijay-plays-bus-conductor-hands-out-tickets-after-expanding-free-travel-scheme/articleshow/134634017.cms
67a758faea018715,IUML rejects Adoor Prakash’s accusation that Keralam govt kept UDF out of loop on key decision-making. Thangal says UDF meeting on July 31 had decided to settle questions concerning political appointments and that regular bilateral talks between alliance partners inform government’s decisions,2026-10-02 07:33:35,en,English,,TheHindu,https://www.thehindu.com/news/national/kerala/iuml-rejects-adoor-prakashs-accusation-that-keralam-govt-kept-udf-out-of-loop-on-key-decision-making/article71536054.ece
c6aff8a30038faec,BJP tells Karnataka Chief Minister prove Form 7 allegations or quit. BJP’s Karnataka unit president B.Y. Vijayendra said that the party would fight the cases legally,2026-10-02 07:32:29,en,English,,TheHindu,https://www.thehindu.com/news/national/karnataka/chief-minister-dk-shivakumar-should-resign-if-he-fails-to-prove-form-7-allegations-against-bjp-says-partys-karnataka-unit-president-by-vijayendra/article71536061.ece
b9f3db69a1f69382,"Telangana SIR | Over two lakh voters receive notices, without reason mentioned in constituency-wise anomalies list. Recipients of the notices are 35 years old or older, which raises questions",2026-10-02 07:21:51,en,English,,TheHindu,https://www.thehindu.com/news/national/telangana/telangana-sir-over-two-lakh-voters-receive-notices-without-reason-mentioned-in-constituency-wise-anomalies-list/article71532854.ece
47aa2bb3824335fd,"EC orders special drive to add ‘left-out’, first-time voters after SIR completion; BLOs to visit homes. In a letter to the chief electoral officers, the ECI instructed a special drive to enrol left-out and first-time young electors",2026-10-02 07:17:31,en,English,,HindustanTimes,https://www.hindustantimes.com/india-news/eci-directs-special-drive-to-enrol-voters-in-states-where-sir-has-been-completed-101790925451443.html
56d538dd23f95346,"PM Modi pays homage to Mahatma Gandhi on birth anniversary. Narendra Modi said Bapu's entire life was a beacon of truth, non-violence, compassion, and service, and that it will continue to guide humanity across every era",2026-10-02 07:07:23,en,English,,TheHindu,https://www.thehindu.com/news/national/pm-modi-honors-gandhi-on-his-birth-anniversary/article71535824.ece
4d5ff0f62c121f1f,‘Portal not in accordance with law’: Congress accuses Election Commission of ‘lying’ over ECINet.,2026-10-02 07:05:41,en,English,,TimesOfIndia,https://timesofindia.indiatimes.com/india/portal-not-in-accordance-with-law-congress-accuses-election-commission-of-lying-over-ecinet/articleshow/134633526.cms
2e015bb81f7e0ae9,"'I was reciting Hanuman Chalisa': flydubai 'hero' Captain Smit Machchhar tells PM Modi about cockpit ordeal. Prime Minister Narendra Modi praised Captain Smit Machchhar for courage during a flight emergency involving a co-pilot. Machchhar recited the Hanuman Chalisa to maintain composure while facing danger, which he shared with the Prime Minister. Modi spoke with Machchhar and his family, highlighting his bravery in protecting passengers.",2026-10-02 07:03:21,en,English,,TimesOfIndia,https://timesofindia.indiatimes.com/india/i-was-reciting-hanuman-chalisa-flydubai-hero-captain-smit-machchhar-tells-pm-modi-about-cockpit-ordeal/articleshow/134633718.cms
d4b9a5a98c226e4b,Karnataka BJP leader booked over alleged bid to delete names of 198 'Muslim voters'.,2026-10-02 07:03:08,af,af,,TimesOfIndia,https://timesofindia.indiatimes.com/india/karnataka-bjp-leader-booked-over-alleged-bid-to-delete-names-of-198-muslim-voters/articleshow/134633302.cms
1c27b1a46a4b937a,"‘He taught us never to bow before injustice’: Congress pays tributes to Mahatma Gandhi. Rahul Gandhi and Mallikarjun Kharge paid floral tributes at Rajghat, as the party also remembered Lal Bahadur Shastri and K. Kamaraj on their respective anniversaries",2026-10-02 07:00:29,en,English,,TheHindu,https://www.thehindu.com/news/national/he-taught-us-never-to-bow-before-injustice-congress-pays-tributes-to-mahatma-gandhi/article71536014.ece
b03c34bd6a1d9fd7,"‘Recited Hanuman Chalisa’, Indian pilot stabbed on flydubai flight tells PM Modi on video call. Captain Smit Machchhar became emotional during the interaction and told Modi that it was a very special moment for him to speak with the Prime Minister.",2026-10-02 06:59:09,en,English,,HindustanTimes,https://www.hindustantimes.com/india-news/recited-hanuman-chalisa-indian-pilot-stabbed-on-flydubai-flight-tells-pm-modi-on-video-call-101790923387408.html
d3a77540fb946c04,"‘Everyone should reach Jantar Mantar’: Detained AAP leader Bharadwaj's appeal from police van | Video. In a video shared on X, AAP leader Saurabh Bhardwaj said he and AAP MLA Sanjeev Jha were detained despite the protest being peaceful.",2026-10-02 06:53:58,en,English,,HindustanTimes,https://www.hindustantimes.com/india-news/everyone-should-reach-jantar-mantar-detained-aap-leader-bharadwaj-appeal-from-delhi-police-van-101790919863885.html
1ae287fb1febc90c,"Flydubai Incident Live Updates: ""You Did Not Care For Your Life, Cared For Others"": PM Modi Speaks To Indian Pilot. Flydubai Pilot Smit Machchhar Live: Captain Smit Machchhar is currently stable",2026-10-02 06:48:54,en,English,,NDTV,https://www.ndtv.com/world-news/flydubai-flight-fz1073-incident-live-updates-indian-pilot-smit-machchhar-omani-co-pilot-crash-attempt-tabuk-landing-dubai-uae-netanyahu-trump-iran-war-12128203#publisher=newsstand
bd5f5a63f6c7211b,Madras High Court reserves judgment on plea to defer bypolls in five Tamil Nadu constituencies. The Election Commission of India says its role in the case is non-adversarial and that it would act in whichever way the court interprets the law,2026-10-02 06:39:01,en,English,,TheHindu,https://www.thehindu.com/news/national/tamil-nadu/madras-high-court-reserves-judgment-on-plea-to-defer-bypolls-in-five-tamil-nadu-constituencies/article71533470.ece
183f5ae8146177e4,"ECI orders probe into Form-7 fraud charge after Karnataka CM Shivakumar’s protest. Chief Electoral Officer of Karnataka, V. Anbu Kumar, directed all Electoral Registration Officers (EROs) to take action against applicants who “knowingly” make false statements or declarations while filing claims or objections in Forms 6, 6A, 7 and 8",2026-10-02 06:38:49,en,English,,TheHindu,https://www.thehindu.com/news/national/karnataka/eci-orders-probe-into-form-7-fraud-charge-after-karnataka-cm-shivakumars-protest/article71534408.ece
675c654701949c28,"Proposed Supreme Court visit of parliamentary panel studying simultaneous elections: Why is separation of powers an issue?. Opposition MPs objected to a Joint Parliamentary Committee’s now-deferred plan to discuss the ‘One Nation, One Election’ Bills with sitting Supreme Court judges",2026-10-02 06:35:37,en,English,,TheHindu,https://www.thehindu.com/news/national/parliamentary-panel-studying-simultaneous-elections-proposed-supreme-court-visit-why-is-separation-of-powers-an-issue/article71535975.ece
608bccce28ca05fe,"Nagaon Lok Sabha byelection: Dried fish follows biryani in campaign. The primary target for both the BJP and the AIUDF has been Congress MP Rakibul Hussain, who hails from Nagaon district",2026-10-02 06:27:31,en,English,,TheHindu,https://www.thehindu.com/news/national/assam/nagaon-lok-sabha-byelection-dried-fish-follows-biryani-in-campaign/article71535914.ece
931658d8c56aee1c,Tables turn in Univ of Hyderabad SU elections 2026–27; left combine emerges victorious.,2026-10-02 06:24:15,en,English,,TheHindu,https://www.thehindu.com/news/national/telangana/tables-turn-in-univ-of-hyderabad-su-elections-202627-left-combine-emerges-victorious/article71534638.ece
67fb04c57e53698b,"SIR: ECI asks BLOs to revisit deleted list, ensure those eligible but left out are re-enrolled within a month. The ECI letter suggested that the BLOs may cover at least 20-25 electors in a week so as to complete this exercise within a period of about one month",2026-10-02 06:24:01,en,English,,TheHindu,https://www.thehindu.com/news/national/sir-eci-asks-blos-to-revisit-deleted-list-ensure-those-eligible-but-left-out-are-re-enrolled-within-a-month/article71535882.ece
b161aaa7529c5ef5,Cultivators’ organisation accuses Assam government of trying to take over grazing land for corporate interests. A cultivators’ organisation says the State government is trying to take over grazing land traditionally used by riverine communities to fuel corporate interests,2026-10-02 06:19:39,en,English,,TheHindu,https://www.thehindu.com/news/national/other-states/cultivators-organisation-accuses-assam-government-of-trying-to-take-over-grazing-land-for-corporate-interests/article71533516.ece
5fc4869b25ad4b6c,"House panel might consider recommending measures for cryptocurrency monitoring. Lawmakers might ask the government to bring in better technology to track crypto transactions, build more blockchain capacity",2026-10-02 06:18:31,en,English,,HindustanTimes,https://www.hindustantimes.com/india-news/house-panel-might-consider-recommending-measures-for-cryptocurrency-monitoring-101790921912163.html
0fca93eb6324be1d,Youth Congress-SFI clashes: police register non-bailable case; SFI calls State-wide protests in Keralam. Youth Congress and SFI activists have blamed each other for triggering the violence by throwing stones and bottles,2026-10-02 06:17:32,en,English,,TheHindu,https://www.thehindu.com/news/national/kerala/youth-congress-sfi-clashes-police-register-non-bailable-case-sfi-calls-state-wide-protests-in-keralam/article71531435.ece
3d16911de9ad8186,"Kin of Manipur’s 49 people missing since 2023 ethnic conflict to get ₹10 lakh each. The one-time assistance is a special humanitarian measure, government spokesperson Sapam Ranjan Singh says after a Cabinet meeting on Thursday",2026-10-02 06:17:22,en,English,,TheHindu,https://www.thehindu.com/news/national/manipur/kin-of-manipurs-49-people-missing-since-2023-ethnic-conflict-to-get-10-lakh-each/article71535748.ece
21b13e43fbf2fa98,"Trinamool stripped of its name and symbol, vote for BJP, says CM Suvendu in Rejinagar. The Chief Minister urged the electorate not to engage in ‘Hindu-Muslim politics’ and said that all nationalist forces should vote for BJP",2026-10-02 06:03:55,en,English,,TheHindu,https://www.thehindu.com/news/national/west-bengal/trinamool-stripped-of-its-name-and-symbol-vote-for-bjp-says-cm-suvendu-in-rejinagar/article71533649.ece
db0bfab973312cba,"PM Modi speaks to 'hero' flydubai pilot Smit Machchaar, hears his account of the ordeal. The knife attack on Smit by the co-pilot inside the cockpit had forced the flight carrying 174 people from Dubai to Tel Aviv, Israel, to make an emergency landing in Tabuk in northwestern Saudi Arabia on Wednesday. Smit, 39, is recovering in Abu Dhabi. “In the face of the gravest danger... he showed immense courage and an unwavering resolve to protect the lives of others,” Modi wrote on X.",2026-10-02 06:03:30,en,English,,TimesOfIndia,https://timesofindia.indiatimes.com/india/pm-modi-speaks-to-indias-hero-flydubai-pilot-smit-machchhar-wishes-him-quick-recovery/articleshow/134632838.cms
4bd310be6e99c02b,Mahatma Gandhi's timeless message will guide us towards Viksit Bharat: PM Modi. Modi also described Mahatma Gandhi as a figure who continued to “reign over the hearts of millions”.,2026-10-02 05:56:32,en,English,,HindustanTimes,https://www.hindustantimes.com/india-news/mahatma-gandhi-jayanti-timeless-message-will-guide-us-towards-viksit-bharat-pm-narendra-modi-101790920253705.html
c9ee6a5f6476dcbc,PM Modi speaks to hero Smit Machchhar on video call after flydubai plane stabbing. Smit Machchhar briefed the Prime Minister about his experience during the incident and what gave him the courage to respond in the face of the danger.,2026-10-02 05:54:29,en,English,,HindustanTimes,https://www.hindustantimes.com/india-news/pm-modi-speaks-to-indian-pilot-smit-machchhar-stabbed-on-flydubai-plane-dubai-israel-101790920426411.html
41d6039e6439a3c7,"Marginalised Yanadi and Chenchu communities in Andhra Pradesh struggle for land. Caught in a cycle of landlessness, insecure housing, precarious livelihoods, and neglect, the Yanadi and Chenchu settlements in Andhra Pradesh remain highly marginalised. Despite government welfare schemes, a stark gap persists between their living conditions and surrounding urban areas",2026-10-02 05:51:09,en,English,,TheHindu,https://www.thehindu.com/news/national/andhra-pradesh/marginalised-yanadi-and-chenchu-communities-in-andhra-pradesh-struggle-for-land/article71533477.ece
bea78f6f23766361,Election Commission's Special Drive To Enrol Left-Out Voters Where SIR Is Over. The special drive will allow voters left out during or after SIR to apply for inclusion using Form 6,2026-10-02 05:49:14,en,English,,NDTV,https://www.ndtv.com/india-news/election-commissions-special-drive-to-enrol-left-out-voters-where-sir-is-over-12128577#publisher=newsstand
5bd8264434c4f941,Keralam govt faces unity test as UDF convener Adoor Prakash reiterates ‘lack of alliance consultations’ on key postings. Adoor Prakash says he will report his 'concerns' to AICC and dismisses statements by Congress Ministers that govt had kept UDF in the loop on key decisions,2026-10-02 05:48:10,en,English,,TheHindu,https://www.thehindu.com/news/national/kerala/keralam-govt-faces-unity-test-as-udf-convener-adoor-prakash-reiterates-lack-of-alliance-consultations-on-key-postings/article71535925.ece
4053f59a7af3bc41,"Massive Protests Against Poll Body Chief Planned In Delhi, Mumbai Today. The police have imposed prohibitory orders in New Delhi district",2026-10-02 05:46:13,en,English,,NDTV,https://www.ndtv.com/india-news/cjp-aisa-jantar-mantar-shivaji-park-massive-protests-against-poll-body-chief-gyanesh-kumar-planned-in-delhi-mumbai-today-election-commission-12128441#publisher=newsstand
96d7ef6656ba8583,"EC launches special drive to restore names dropped during SIR, BLOs to trace left-out voters.",2026-10-02 05:30:54,en,English,,TimesOfIndia,https://timesofindia.indiatimes.com/india/ec-launches-special-drive-to-restore-names-dropped-during-sir-blos-to-trace-left-out-voters/articleshow/134632556.cms
e1c754e65ab14adc,"Mahanadi row: Odisha, Chhattisgarh CMs meet Amit Shah. Data sharing and consultations will continue for a month, aiming for a fair and sustainable agreement.",2026-10-02 05:24:08,en,English,,HindustanTimes,https://www.hindustantimes.com/india-news/mahanadi-row-odisha-chhattisgarh-cms-meet-amit-shah-101790910343760.html
926f1d7e4409744a,"Nandigram and Rejinagar bypoll: Ballot without the battle. Bypolls for two Assembly constituencies in West Bengal Nandigram and Rejinagar scheduled for October 6, are turning out to be an electoral exercise without much contest on the ground. Shrabana Chatterjee and Senjuti Sengupta report on the dropouts and intimidation that candidates from non-BJP parties are allegedly facing",2026-10-02 05:23:59,en,English,,TheHindu,https://www.thehindu.com/news/national/west-bengal/nandigram-and-rejinagar-bypoll-ballot-without-the-battle/article71512622.ece
80065cca86111930,Adhir Chowdhury's 'Congress Offer' To Mamata Banerjee With 'Baggage' Rider. Chowdhury said the Congress has always backed Mamata Banerjee.,2026-10-02 04:34:11,en,English,,NDTV,https://www.ndtv.com/india-news/adhir-chowdhurys-congress-offer-to-mamata-banerjee-with-baggage-rider-12126656#publisher=newsstand
d720e746adf9ffb8,PM Modi Pays Tribute To Mahatma Gandhi On His Birth Anniversary. PM Modi said that the significance of this day for the nation is known to everyone.,2026-10-02 04:29:11,en,English,,NDTV,https://www.ndtv.com/india-news/pm-modi-pays-tribute-to-mahatma-gandhi-on-his-birth-anniversary-12128491#publisher=newsstand
b9358946f0de2951,"Despite close ties, PM Modi presses for Ukraine peace: Russian President Putin. Putin said Modi repeatedly raises the issue of ending the conflict despite the close and friendly ties between India and Russia.",2026-10-02 03:58:51,en,English,,HindustanTimes,https://www.hindustantimes.com/india-news/even-amid-close-ties-pm-modi-presses-for-ukraine-peace-says-russian-president-putin-101790911862308.html
3aa656634ae1b76c,"TN-Left parties allege TVK ranks top among all parties when it comes to cash distribution to voters.”. The Left parties on Thursday accused the ruling Tamilaga Vettri Kazhagam (TVK) of distributing money to voters in two Tamil Nadu Assembly constituencies where bypolls are scheduled for October 6, and demanded that the Election Commission take action",2026-10-02 02:23:00,en,English,,HindustanTimes,https://www.hindustantimes.com/india-news/tnleft-parties-allege-tvk-ranks-top-among-all-parties-when-it-comes-to-cash-distribution-to-voters-101790881641477.html
6aaaff48be102277,"No SC relief for TMC on frozen bank accounts. New Delhi: The Supreme Court on Thursday refused to provide relief to the Mamata Banerjee-led Trinamool Congress (TMC) faction on operating four bank accounts frozen in connection with a land allotment probe, saying the Calcutta high court is considering the matter",2026-10-02 02:19:10,en,English,,HindustanTimes,https://www.hindustantimes.com/india-news/no-sc-relief-for-tmc-on-frozen-bank-accounts-101790881041135.html
b534aa84fdc4308b,"Urdu festival at Vidhana Soudha faces opposition. The Karnataka government’s proposal to hold an Urdu festival on the steps of Vidhana Soudha on November 9 has run into opposition from the BJP and a pro Kannada organisation, with the minister behind the plan saying Thursday that the government was willing to reconsider the venue after hearing objections.",2026-10-02 02:19:00,en,English,,HindustanTimes,https://www.hindustantimes.com/india-news/urdu-festival-at-vidhana-soudha-faces-opposition-101790880982172.html
623f1db86e1d7a69,"Mamata hints at more Opposition parties joining INDIA bloc. New Delhi: Former West Bengal chief minister Mamata Banerjee on Thursday indicated that the INDIA bloc could accommodate more Opposition parties, including the DMK, and that the question of who should lead the alliance would be decided collectively",2026-10-02 02:18:10,en,English,,HindustanTimes,https://www.hindustantimes.com/india-news/mamata-hints-at-more-opposition-parties-joining-indiabloc-101790880861153.html
be2bfbbbfc29a69b,'He has good ideas': Putin lauds PM Modi's peace push to end Russia-Ukraine war.,2026-10-02 02:02:48,en,English,,TimesOfIndia,https://timesofindia.indiatimes.com/india/he-has-good-ideas-putin-lauds-pm-modis-peace-push-to-end-russia-ukraine-war/articleshow/134630312.cms
05923a9131083524,"Delhi Police says no permission granted for Jantar Mantar protest, gears up security. AISA plans a demonstration over electoral roll issues, while the Indian Youth Congress was also denied permission for a protest.",2026-10-02 01:54:41,en,English,,HindustanTimes,https://www.hindustantimes.com/india-news/delhi-police-says-no-permission-granted-for-jantar-mantar-protest-gears-up-security-gyanesh-kumar-101790904861327.html
b2725fd621226352,"Goa SIR: 88 of 97 left-out voters re-included after Form 6; 3 of remaining 9 hold Portuguese passports. Officials said three of the remaining voters were Portuguese passport holders, while six were living abroad and officials were trying to contact them.",2026-10-02 01:49:49,en,English,,HindustanTimes,https://www.hindustantimes.com/india-news/goa-sir-88-of-97-left-out-voters-re-included-after-form-6-some-of-the-remaining-hold-portuguese-passports-eci-gyanesh-kumar-101790902198263.html
3903afd9d40e0077,"CJP denies Abhijeet Dipke's detention reports ahead of Mumbai protest: ‘As fake as Gyanesh Kumar holding fair elections’. The CJP is set to lead a protest at Mumbai’s Shivaji Park at 4 pm today, demanding Gyanesh Kumar’s resignation and changes to the SIR process.",2026-10-02 01:43:56,en,English,,HindustanTimes,https://www.hindustantimes.com/india-news/cjp-denies-abhijeet-dipke-detention-as-fake-as-gyanesh-kumar-conducting-fair-polls-mumbai-protest-marine-drive-gandhi-jayanti-101790902419725.html
049d852476b2c634,"36% voter deletion pleas from single Jharkhand assembly seat in SIR, data shows. The final electoral roll is set for release on October 19, and an extension for verification processes has been proposed.",2026-10-02 01:38:23,en,English,,HindustanTimes,https://www.hindustantimes.com/india-news/jharkhand-sir-36-of-name-deletion-applications-came-from-one-assembly-seat-data-shows-chatra-101790902172846.html
0e2c1da4c9779ad7,"SC declines One Nation One Election panel's proposal to interact with CJI Kant, others. Legal experts voiced alarm over the proposed interactions, marking significant discussions around the constitutional implications of upcoming electoral changes.",2026-10-02 01:14:16,en,English,,HindustanTimes,https://www.hindustantimes.com/india-news/sc-declines-one-nation-one-election-panels-proposal-to-interact-with-cji-kant-others-101790899423955.html
045b57a292e0fced,"PM Modi says Smit Machchhar averted ‘9/11-style tragedy’, lauds his courage. Leaders praised his courage for preventing a potential disaster while he recovers in a UAE hospital following surgery.",2026-10-02 01:03:10,en,English,,HindustanTimes,https://www.hindustantimes.com/india-news/pm-modi-says-smit-machchhar-averted-9-11-style-tragedy-lauds-his-courage-flydubai-incident-israel-101790898401072.html
980886c7cca689cc,"BJP slams Congress, accuses Rahul of hypocrisy, lying.",2026-10-01 23:16:29,en,English,,TimesOfIndia,https://timesofindia.indiatimes.com/india/bjp-slams-congress-accuses-rahul-of-hypocrisy-lying/articleshow/134629534.cms
138380a0f4864bd7,"Supreme Court judges decline to meet parliamentary panel on one-nation, one-election.",2026-10-01 23:00:53,en,English,,TimesOfIndia,https://timesofindia.indiatimes.com/india/supreme-court-judges-decline-to-meet-parliamentary-panel-on-one-nation-one-election/articleshow/134629478.cms
e0b748095bef25c5,'You're public servants': Bombay HC raps casual approach of government officials.,2026-10-01 22:51:21,en,English,,TimesOfIndia,https://timesofindia.indiatimes.com/india/youre-public-servants-bombay-hc-raps-casual-approach-of-government-officials/articleshow/134629470.cms
3aa2889f248c88f7,"Supreme Court refuses to de-freeze TMC accounts, says let Calcutta high court decide.",2026-10-01 22:43:01,en,English,,TimesOfIndia,https://timesofindia.indiatimes.com/india/supreme-court-refuses-to-de-freeze-tmc-accounts-says-let-calcutta-high-court-decide/articleshow/134629443.cms
a3f212accb83b5b1,Why Warring's position in Punjab Congress became untenable once Pilot replaced Baghel. The party is looking for a successor who can balance social and regional equations while working with former CM Charanjit Singh Channi.,2026-10-01 16:55:19,en,English,,HindustanTimes,https://www.hindustantimes.com/india-news/why-did-the-congress-decide-to-remove-amrinder-singh-raja-warring-101790873720075.html
bbfbc7fd10dfd120,"Gujarat govt compulsorily retires two IAS officers under ‘Operation Gangajal’. The Gujarat government on Thursday compulsorily retired two Indian Administrative Service (IAS) officers, K Rajesh and Gaurav Dahiya.",2026-10-01 16:14:19,en,English,,HindustanTimes,https://www.hindustantimes.com/india-news/gujarat-govt-compulsorily-retires-two-ias-officers-under-operation-gangajal-101790871259867.html
28dc60a2746aa441,Amit Shah chairs meet over Odisha-Chhattisgarh Mahanadi water dispute: Key takeaways. Chhattisgarh CM Vishnu Deo Sai has called for a fair and sustainable resolution to the long-standing Mahanadi water-sharing dispute with Odisha.,2026-10-01 15:58:49,en,English,,HindustanTimes,https://www.hindustantimes.com/india-news/amit-shah-chairs-meet-over-odisha-chhattisgarh-mahanadi-water-dispute-key-takeaways-101790864770262.html
9dfccd24b5958b16,"SC seeks affidavit from UP govt on arrests, safety compliance after Yamuna Expressway bus fire. SC sought affidavit from UP government on action taken against driver, owner of sleeper bus whose fire in Greater Noida killed nine passengers last month",2026-10-01 15:53:22,en,English,,HindustanTimes,https://www.hindustantimes.com/india-news/sc-seeks-affidavit-from-up-govt-on-arrests-safety-compliance-after-yamuna-expressway-bus-fire-101790870003114.html
21254b757f9f9573,‘Dumping ground for anti-socials’: Rebel TMC MLA Madan Mitra as he hints at quitting politics after 30 years. Madan Mitra was among the TMC MLAs who jumped the ship and joined the rebel camp under Ritabrata Banerjee after the TMC's Bengal poll debacle.,2026-10-01 15:53:01,en,English,,HindustanTimes,https://www.hindustantimes.com/india-news/dumping-ground-for-anti-socials-rebel-tmc-mla-madan-mitra-as-he-hints-at-quitting-politics-after-30-years-101790864352297.html
5cc570d059407826,"Decade after exit, Shankersinh Vaghela in talks to return to Congress ahead of 2027 polls. Gujarat Congress president Amit Chavda said discussions are underway with Shankersinh Vaghela and that the party would take next steps after talks with its leadership.",2026-10-01 15:31:59,en,English,,HindustanTimes,https://www.hindustantimes.com/india-news/decade-after-exit-shankersinh-vaghela-in-talks-to-return-to-congress-ahead-of-2027-polls-101790868720137.html
be08178ba2997e2a,"Durga puja 'preview shows' probe suggests ex-minister's firm sent ₹30 lakh to Mamata's accounts: ED. The agency said Indranil Sen described the payment as “royalty”, while it did not specify what the payment was for or allege criminality in the transaction.",2026-10-01 15:28:33,en,English,,HindustanTimes,https://www.hindustantimes.com/india-news/exminister-indranil-sen-accused-of-financial-irregularities-transferred-rs-30-lakh-to-mamata-ed-101790868514093.html
56ceb7a25675c29e,"Centre sanctions ₹1,175 crore for six-lane Teesta bridge to boost connectivity. The Central government has sanctioned ₹1,175 crore to build a six-lane bridge across the River Teesta in West Bengal’s Darjeeling district",2026-10-01 14:30:30,en,English,,HindustanTimes,https://www.hindustantimes.com/india-news/centre-sanctions-rs-1-175-crore-for-six-lane-teesta-bridge-to-boost-connectivity-101790865030754.html
7b2668ce4abd99f6,"Assam govt directs DCs, SSPs to ensure ambulances not stopped for VIP convoys after Silchar row. The directive, issued by the Chief Minister’s Office (CMO), also said that the chief minister’s convoy may be paused, if required, to allow emergency vehicles to pass immediately.",2026-10-01 14:02:19,en,English,,HindustanTimes,https://www.hindustantimes.com/india-news/assam-govt-directs-dcs-ssps-to-ensure-ambulances-not-stopped-for-vip-convoys-after-silchar-row-101790863340114.html
cf64993dc0fe5a9e,"Two arrested for attack on Tipra Motha candidate during TTAADC village committee poll in Tripura. Khachindra Reang (34), who was contesting from Ward No. 2 of the Gamaria Village Committee, was injured after unidentified persons allegedly opened fire as he got down from a vehicle",2026-10-01 13:01:16,en,English,,HindustanTimes,https://www.hindustantimes.com/india-news/two-arrested-for-attack-on-tipra-motha-candidate-during-ttaadc-polls-in-tripura-police-101790859677203.html
f71b997ea9f52b3a,"Pargat Singh or Vijay Singla? Who could be the next Punjab Congress chief after Amarinder Warring's exit. The appointment would be a significant one, owing to the upcoming Assembly elections in Punjab, expected to held in February next year.",2026-10-01 12:34:07,en,English,,HindustanTimes,https://www.hindustantimes.com/india-news/punjab-congress-chief-amarinder-warring-exit-pargat-singh-vijay-singla-ahead-of-assembly-elections-ppcc-president-101790853071705.html
6568829dce9b290d,"New liquor shops in urban Bengal to keep 500-metre distance from schools, religious sites; 1 km elsewhere. Chief Minister Suvendu Adhikari had earlier announced that his government would not permit liquor sales within a 1 km radius of schools, colleges, and temples.",2026-10-01 11:39:17,en,English,,HindustanTimes,https://www.hindustantimes.com/india-news/new-liquor-shops-in-urban-bengal-to-keep-500-metre-distance-from-schools-religious-sites-1-km-elsewhere-101790853653521.html
f3d6c5df0a05652a,Will banks be closed every Saturday? PIB fact-checks fake Gazette. The PIB confirmed that a government Gazette declaring Saturdays as public holidays for Public Sector Banks is fake.,2026-10-01 11:28:53,en,English,,HindustanTimes,https://www.hindustantimes.com/india-news/will-banks-be-closed-every-saturday-pib-fact-checks-fake-gazette-are-banks-open-101790846825815.html
9612b6a56b858a9d,CM DK Shivakumar alleges plot to delete 5-6 million voters in Karnataka. Karnataka chief minister DK Shivakumar called it the BJP and ally Janata Dal (Secular)’s big conspiracy to delete voters,2026-10-01 11:15:14,en,English,,HindustanTimes,https://www.hindustantimes.com/india-news/cm-dk-shivakumar-alleges-plot-to-delete-5-6-million-voters-in-karnataka-101790853314576.html
249986e4fa6cee41,"Amit Shah to chair meeting on Mahanadi water dispute today. What is the decade-long issue between Odisha, Chhattisgarh? A recall. Mahanadi water dispute has been a long standing issue over water sharing and management of the river between Odisha and Chhattisgarh for over a decade now.",2026-10-01 10:48:14,en,English,,HindustanTimes,https://www.hindustantimes.com/india-news/amit-shah-to-chair-meeting-on-mahanadi-water-dispute-today-what-is-the-decade-long-issue-between-odisha-chhattisgarh-a-recall-101790846216321.html
b8a7c616d4fe2acf,"Maharashtra makes Aadhaar mandatory for immovable property registration from October 1. Revenue minister Chandrashekhar Bawankule said no document would be registered without Aadhaar identification, as part of measures to prevent fraud in property transactions.",2026-10-01 10:18:13,en,English,,HindustanTimes,https://www.hindustantimes.com/india-news/maharashtra-makes-aadhaar-mandatory-for-immovable-property-registration-from-october-1-101790849893749.html
216e52ad691e72da,Why isn’t Rahul Gandhi doing Chhatron Ki Goonj in Keralam: Rajeev Chandrashekhar. Chandrashekhar called Rahul Gandhi “a preeminent fraudster” in Indian politics and a living practitioner of Goebbels,2026-10-01 10:17:13,en,English,,HindustanTimes,https://www.hindustantimes.com/india-news/why-isn-t-rahul-gandhi-doing-chhatron-ki-goonj-in-keralam-rajeev-chandrashekhar-101790849833921.html
37765f3b-82ed-40a3-86a6-e3ee207c1c5e,Where to buy drones for photography in India? I believe dji is banned here?,2026-04-24 13:03:00,en,English,,Reddit/r/india/comments,
ad31b7af-d416-4881-a3e8-a58211d2dcae,"I was renovating my washroom, was looking for bathroom fitting and kohler is has good design but the price is too expensive what other brand will you suggest in India. I don’t mind paying but should we worth it I don’t want buy the name I want quality. Like Jaquar or Czar ?",2026-04-24 13:03:00,en,English,,Reddit/r/india/comments,
455da2b7-3bdb-4449-af29-2f0c7d832b20,"So indian fashion addicts showed in my feed and I saw how females dressed up for the chads, wearing one pieces so they can remove it easily after the date with the chad",2026-04-24 13:03:00,en,English,,Reddit/r/unitedstatesofindia/comments,
4646d70c-1ad9-48a3-ada0-b9e71ff27a8d,City in india with the best food that I can live off of 500 usd a month?,2026-04-24 13:03:00,en,English,,Reddit/r/india/comments,
589f02d7-88cd-444c-88d2-2a069d936f29,This is a survey for my friend who needs anyone who lives in India to take the survey for his project if you could help that would be amazing❤️ https://nam12.safelinks.protection.outlook.com/?url=https%3A%2F%2Fdocs.google.com%2Fforms%2Fd%2Fe%2F1FAIpQLSepxm676YjUmeo74ej9nHuNI5qJvHO2yuYD7ygSFCycwKRn2Q%2Fviewform%3Fusp%3Ddialog&amp;data=05%7C02%7Ccsalmi%40bryant.edu%7Ca4adbeab8eb54259be1108de9fd7ccb8%7C6c853569e95e43788926ab9501a771a3%7C0%7C0%7C639123946391123530%7CUnknown%7CTWFpbGZsb3d8eyJFbXB0eU1hcGkiOnRydWUsIlYiOiIwLjAuMDAwMCIsIlAiOiJXaW4zMiIsIkFOIjoiTWFpbCIsIldUIjoyfQ%3D%3D%7C0%7C%7C%7C&amp;sdata=raZDh6CuzdNQBvoNJsR2yERTnYdA1C34X1NnUQegDhY%3D&amp;reserved=0,2026-04-24 13:03:00,en,English,,Reddit/r/india/comments,
1fed4cae-97f8-49ac-8c44-8525264fce67,"trying to look for opinions on wearing bindi as someone of South Asian descent trying to reconnect with lost culture. My ancestors were brought as slaves from South India, Sri Lanka, and Bengal in the 1700s to South Africa and St Helena Island by both the English and Dutch (not later labour diaspora of the 1800s). We lost the culture over time and practices like wearing bindi all but faded away as a result of assimilation. If I can wear bindi, what restrictions might there be? What colour of bindi would be most appropriate to wear? Any opinions are welcome!",2026-04-24 13:03:00,en,English,,Reddit/r/india/comments,
7e38ea49-e340-4c61-ac04-cbe4702ede3a,# What led to India not having the largest gold reserves in the word?[](https://www.reddit.com/r/india/?f=flair_name%3A%22Non%20Political%22) I am really curious because gold has been part of the fabric of our society for a very long time. And yet we do not hold the largest reserves in the world. What led to this?,2026-04-24 13:03:00,en,English,,Reddit/r/india/comments,
895de423-226f-416c-b0c1-480e1f695481,"India reports 21,411 Covid-19 cases and 67 deaths in last 24 hours. India reported 21,411 new coronavirus infections and 67 Covid-related deaths in the last 24 hours, according to the Union health ministry on Saturday. With an increase of 618 cases from the previous day, India's active caseload shot up to 1,50,100 from 1,49,482. With 20,726 recoveries from Covid in the last 24 hours, the national recovery rate stands at 98.46 per cent, the health ministry said",2026-04-24 13:03:00,en,English,,TimesOfIndia,
cb123146-459e-46f2-a865-da992d5300bd,"I’m a 17F from India who just finished Class 12 (PCMB) and I’m considering a career in the Merchant Navy, but I want a realistic view before making any decisions. I’ve heard about the high salary and long breaks, but also about long months at sea, isolation, and tough working conditions. My main concern is whether I’m even suitable for this field since I’m 4’11” (\~150 cm), around 45 kg, and physically on the weaker side. I want to understand the full career path after 12th (BSc Nautical Science, DNS, Marine Engineering), entrance exams like IMU-CET, and which colleges are worth targeting. I’m also concerned about the ground reality for women onboard ships, including safety, gender bias, and whether it’s common to be the only woman in the crew. At the same time, I’m preparing for CUET and considering safer options like BSc Maths or BCA, so I want honest advice on whether Merchant Navy is a practical option for someone like me or too risky compared to these alternatives.",2026-04-24 13:03:00,en,English,,Reddit/r/india/comments,
b39fe0bd-1124-4bec-9900-04af69531296,Times Top10: It’s T-shirts vs shorts between Congress and BJP.,2026-04-24 13:03:00,en,English,,TimesOfIndia,
c19c1c3e-0bee-44e4-965e-7509f15afec9,News brief: Air India pilots to fly till 65 years of age.,2026-04-24 13:03:00,en,English,,TimesOfIndia,
6632b27d-b2c0-4cb9-ae30-365e99d5c459,Top10: Will Doklam come back to haunt India?.,2026-04-24 13:03:00,en,English,,TimesOfIndia,
af4681fd-63e3-4ae1-83e0-87b2895a1278,News Brief: India’s crude cost slips below $100 but fuel price cut unlikely.,2026-04-24 13:03:00,en,English,,TimesOfIndia,
e3e9896b-8863-4e8e-8374-9162422d74e2,"Is it true that some people don't have surnames in their passports? If so, why? What is the reason for this? And can anyone provide me with links to possible Indian government websites where this is discussed in a somewhat official capacity (I'm having a hard time finding this on my own)? I have a work-related problem where we're unable to confirm the identity of Indian citizens based on our standard passport verification protocols, which is why I'm asking.",2026-04-24 13:03:00,en,English,,Reddit/r/india/comments,
c5c8f448-2d0f-463f-9cb0-1b7e5da3423d,Assembly Elections 2026 LIVE: ECI orders suspension of Hingalganj OC over 'bias' in West Bengal. ECI issues fresh post-poll guidelines for Bengal Assembly elections,2026-04-24 13:00:00,en,English,,TheHindu,
6164ef41-0428-4f5b-bed7-513664265ac0,"BJP has sought to 'finish' off Nitish: Tejashwi in Bihar Assembly. We knew that the BJP would not let Nitish Kumar remain the CM. The BJP kept saying that Nitish would be the NDA's leader till 2030. But now they have finished him off, says RJD working president Tejashwi Yadav",2026-04-24 12:59:00,en,English,,TheHindu,
b37c3a20-42b8-4625-a5e1-167e7c8846df,News Updates: आज मनाया जाएगा राष्ट्रीय पंचायती राज दिवस; बंगलूरू में फॉक्सकॉन प्लांट के शौचालय में मिला भ्रूण . News Updates: आज मनाया जाएगा राष्ट्रीय पंचायती राज दिवस; बंगलूरू में फॉक्सकॉन प्लांट के शौचालय में मिला भ्रूण news-updates-north-east-west-south-india-elections-2026-politics-crime-national-news-in-hindi,2026-04-24 12:58:00,hi,Hindi,,AmarUjala,
90fab57a-2420-4cb2-9387-d64cf98448d9,"Get out, you're causing traffic jam: Woman snaps at Minister during BJP's Mumbai rally. The incident occurred on April 21, when Mahajan was addressing reporters at the rally, organised to target Opposition parties over the defeat of the Constitution Amendment Bill, which aimed to fast-track the implementation of 33% reservation for women in legislative bodies, in the Lok Sabha",2026-04-24 12:55:00,en,English,,TheHindu,
0739a457-987a-43d8-b9df-e899bd65e4d3,"Accessible elections remain out of reach for persons with disabilities. As most polling stations were situated in schools, the grounds were filled with sand or gravel, making it unsuitable for wheelchairs to navigate",2026-04-24 12:55:00,en,English,,TheHindu,
e2fa56f0-b48d-4dbd-ad09-c694961aaf1a,"Kerala Assembly polls: IUML legislator Abdul Hameed slams Congress over CM debate. IUML Malappuram district general secretary P. Abdul Hameed, MLA, warns such talks could ‘disappoint’ UDF supporters in Kerala",2026-04-24 12:55:00,en,English,,TheHindu,
bd60d3fe-2fce-4540-a5b1-92ee624fe592,"‘Anga, Banga, Kalinga’ will have BJP governments next month: Amit Shah. The Union Home Minister said a Bengal-born and Bengali-speaking person will be the Chief Minister of West Bengal when the BJP comes to power",2026-04-24 12:52:00,en,English,,TheHindu,
db885c67-7d41-4695-9975-3305634ca385,"Tamil Nadu elections: Voters upset over SIR-related deletions across State. A resident says that her family filled out the forms and submitted all the required documents, but the names were removed from the list after SIR exercise. We did not get any response even after we reached out to several officials, she adds",2026-04-24 12:41:00,en,English,,TheHindu,
69997e4d-f190-47fb-8a36-c5ecf22dad0b,Telangana Ministers willing to contribute 50% salary to clear dues to retired employees,2026-04-24 12:41:00,en,English,,TheHindu,
ad7e4921-71cb-4754-a0f4-a389c2b078e5,"Troubled waters: A.P., T.N. fishermen embroiled in a row. The seizure of four mechanised boats owned by Tamil Nadu fishermen at Juvvaladinne Fishing Harbour in Nellore district by local fisherfolk has prompted the Andhra Pradesh government to reinitiate boat patrolling across four coastal districts, bringing to the fore yet again a four-decade-old issue of illegal intrusion. The conflict takes a political turn and the repercussions are witnessed in 164 A.P. villages, narrates N. S. Chowdary",2026-04-24 12:39:00,en,English,,TheHindu,
4913ebde-6ec7-4316-b472-3a5ede9af1db,Samridhi vs Indira Canteen row erupts again in Kerala amid political slugfest over food sourcing. Budget initiative by Kochi Corporation and Kudumbashree faces controversy as LDF accuses UDF of misusing food from Samridhi to support Indira Canteen. Kochi Mayor claims the arrangement ‘benefits the women behind Samridhi’. The new dispute is sparked by LDF leader V.A. Sreejith’s social media claims,2026-04-24 12:36:00,en,English,,TheHindu,
92f8b20c-dffe-4a61-b73a-264d3538dd65,"Election: केरल में नतीजों से पहले कांग्रेस में घमासान, सीएम के चेहरे की लड़ाई से यूडीएफ की बढ़ी मुश्किलें . Election: केरल में नतीजों से पहले कांग्रेस में घमासान, सीएम के चेहरे की लड़ाई से यूडीएफ की बढ़ी मुश्किलें Congress infighting ahead of Kerala results, UDF's troubles worsened by the fight over CM's face",2026-04-24 12:35:00,hi,Hindi,,AmarUjala,
f2ae18f1-c49e-4fcc-ab7d-aa24c1b47004,"India approves ₹30 billion for Maldives under SAARC swap. In a statement, the Maldives Foreign Ministry said the settlement of the $400 million facility reflects the government’s commitment to meeting its financial obligations",2026-04-24 12:26:00,en,English,,TheHindu,
492b51d0-53a8-42d5-88c4-3fde8b628d4a,"India must accept modernity rooted in civilisational ethos, says RSS general secretary in US. Hosabale cited what he described as the paradox of modern times, stating, “We have taller buildings but shorter tempers, wider freeways but narrower viewpoints”",2026-04-24 12:24:00,en,English,,HindustanTimes,
9c3101aa-8b09-4903-8b96-d05eab59ec7a,"West Bengal: ‘बंगाल जीतने के बाद दिल्ली पर कब्जा कर लूंगी’, मुख्यमंत्री ममता बनर्जी का भाजपा पर तीखा वार . After winning Bengal, I will capture Delhi', Chief Minister Mamata Banerjee's scathing attack on BJP West Bengal: ‘बंगाल जीतने के बाद दिल्ली पर कब्जा कर लूंगी’, मुख्यमंत्री ममता बनर्जी का भाजपा पर तीखा वार",2026-04-24 12:19:00,hi,Hindi,,AmarUjala,
9003d35e-4155-4105-a029-168d450b3942,Two Scheduled Tribe couples in Tamil Nadu exercise their franchise for the first time this election. They received their voter IDs only recently,2026-04-24 12:13:00,en,English,,TheHindu,
5a61df48-627b-45ad-be5e-1eaea5006636,"Bihar Government seeks ₹12,000 crore loan from RBI to cover delayed social security pensions. Tejashwi Yadav claimed the State government is bankrupt, but Deputy Chief Minister Vijay Kumar Choudhary dismissed this, saying it’s routine for the government to take loans for development",2026-04-24 12:12:00,en,English,,TheHindu,
9f3accbc-b159-455e-995f-241e28ce4ba9,"Army chief Upendra Dwivedi inducted into International Hall of Fame at U.S. Army War College. General Dwivedi, a distinguished fellow of the U.S. Army War College, is the third Indian Chief of Armed Forces to be inducted into the International Hall of Fame after General V.K. Singh and General Bikram Singh",2026-04-24 12:10:00,en,English,,TheHindu,
e99a3cd7-2161-4c06-9886-ddd93b2929b1,"Was Bengal's 92.8% Voter Turnout Shaped By 90.8 Lakh Voter Purge?. The voter list scrubbing, therefore, has likely cost both sides, and that makes the poll outcome all the more uncertain. It could all come down to the concentration of cuts for each voting community, which is what the Trinamool has flagged",2026-04-24 12:09:00,en,English,,NDTV,
438a7305-641c-4fd7-85bb-b59a9ef0958c,"Gunmen kill Congress leader’s son, injure another at his home in Chhattisgarh. The Congress leader’s son Aayush Kashyap (19), who sustained two gunshot wounds to the chest, died on the spot, while his younger brother Ashutosh (16) suffered a bullet injury to his hand, the police said",2026-04-24 12:06:00,en,English,,TheHindu,
b924d084-7115-4883-b163-1d3079e5d77e,"Andhra Pradesh Health Department’s AI-driven medtech pilot yields early results; 12,677 patients screened in 37 days. Shortlisted through the MedTech Innovation Challenge, the startups have been piloting their technologies across 18 government hospitals; the best performers will be awarded cash prizes and a ₹1 crore work order",2026-04-24 12:02:00,en,English,,TheHindu,
4fc6db51-62ab-47ed-b54e-52aca084142a,"'Conducting Polls But Can't Vote': 65 Election Duty Officers Deleted From Bengal SIR List. Sixty-five election duty officers approached the Supreme Court today, saying they themselves are not in the SIR list in Bengal",2026-04-24 12:02:00,en,English,,NDTV,
0715e417-f3fd-4386-9b50-a273d03707a5,"Gauhati High Court rejects Pawan Khera’s anticipatory bail plea. On April 21, 2026 the Gauhati High Court reserved its order on Congress leader Pawan’s Khera anticipatory bail plea",2026-04-24 11:59:00,en,English,,TheHindu,
295b6524-3d33-490f-8e97-3a4107fde3a4,"Activist Gurjeet Khalsa brought down from BSNL tower in Patiala after 560 days. Mr. Khalsa decided to come down after the Punjab government recently notified the anti-sacrilege law – the Jaagat Jot Sri Guru Granth Sahib Satkar (Amendment) Act, 2026 – which proposes stricter punishment, including life imprisonment and a fine of up to ₹25 lakh, for any act of sacrilege against the Guru Granth Sahib",2026-04-24 11:58:00,en,English,,TheHindu,
acf1c307-b189-431a-8a72-004ecf5d9e09,"पश्चिम बंगाल वोटर लिस्ट मामला: सुप्रीम कोर्ट ने दखल से किया इनकार, कहा- हर दिन आदेश नहीं बदल सकते . Supreme Court Declines Intervention in Alleged Removal of Poll Staff from Voter Lists- पश्चिम बंगाल वोटर लिस्ट मामला: सुप्रीम कोर्ट ने दखल से किया इनकार, कहा- हर दिन आदेश नहीं बदल सकते",2026-04-24 11:57:00,hi,Hindi,,AmarUjala,
30cc3ee8-e550-40c1-aeb9-89f9e959a288,"Opinion: Opinion | Behind West Bengal's Record Voter Turnout, A Curious Pattern. We have seen enough elections in recent years to know that rising turnout can hurt an incumbent, but it can just as easily consolidate one",2026-04-24 11:45:00,en,English,,NDTV,
cb2d78cf-349a-4b91-904d-e84ffe8a2d09,"Study Abroad: Which English Test Is Best for Indian Students In 2026?. Indian Students in 2026 can choose between IELTS, TOEFL, and PTE based on format, results, speed, and country requirement for study abroad success",2026-04-24 11:43:00,en,English,,NDTV,
87fe0cb3-a6f2-4e55-89a6-570e0b4d83d4,"Iran's ‘one-way’ India trip suggestion for Trump amid ‘hellhole’ row: 'Might reduce random bakwaas'. The outrage comes after Trump posted a transcript of a talk show hosted by Michael Savage, which referred to India, China, and other nations as ""hellholes""",2026-04-24 11:40:00,en,English,,HindustanTimes,
0bffb483-72c3-4f1e-b163-857c4ed39fb6,"'महिलाओं की सुरक्षा, हमारी प्राथमिकता': बंगाल में अमित शाह बोले- भय जाने वाला है, भरोसा आने वाला है . Bengal Polls: रिकॉर्ड मतदान के बाद शाह ने चुनाव आयोग और पुलिस बल की सराहना की, कुछ देर में करेंगे प्रेस वार्ता, West Bengal Elections Amit Shah Press Conference Updates News In Hindi",2026-04-24 11:28:00,hi,Hindi,,AmarUjala,
f0b306c9-2e71-433e-b195-c3dce2b6f513,Congress' Pawan Khera Denied Anticipatory Bail By Gauhati High Court. Congress' Pawan Khera Denied Anticipatory Bail By Gauhati High Court,2026-04-24 11:21:00,en,English,,NDTV,
921c3dde-63dc-4351-aa23-e96037c5d4ed,‘Anti-woman face of the AAP’: Bansuri Swaraj slams Saurabh Bhardwaj after court asks him to remove defamatory videos. Bansuri Swaraj accused AAP leader Saurabh Bhardwaj of spreading misinformation and said the episode exposed the “anti-woman face” of the Party,2026-04-24 11:18:00,en,English,,HindustanTimes,
87d20f79-c792-49e6-817a-36963507a25f,Pawan Khera's anticipatory bail rejected by Gauhati high court in Assam CM wife FIR. Gauhati High Court has rejected the anticipatory bail plea filed by Congress leader Pawan Khera in connection with an FIR lodged by Riniki Bhuyan Sharma,2026-04-24 11:02:00,en,English,,HindustanTimes,
498eac21-3b41-4c31-b79b-1e55f740f047,"पासपोर्ट विवाद मामला: कांग्रेस नेता पवन खेड़ा को लगा झटका, गौहाटी हाईकोर्ट ने खारिज की अग्रिम जमानत याचिका . पासपोर्ट विवाद मामला: कांग्रेस नेता पवन खेड़ा को लगा झटका, गौहाटी हाईकोर्ट ने खारिज की अग्रिम जमानत याचिका Gauhati High Court rejects an anticipatory bail petition filed by Congress leader Pawan Khera",2026-04-24 11:01:00,hi,Hindi,,AmarUjala,
97922d6a-1f64-47dc-a34e-0bf41011a218,"'कभी भारत आकर देखो, फिर बोलना': ट्रंप के विवादित पोस्ट पर ईरान ने कसा तंज, भारत की तारीफ में कही बड़ी बात . 'कभी भारत आकर देखो, फिर बोलना': ट्रंप के विवादित पोस्ट पर ईरान ने कसा तंज, भारत की तारीफ में कही बड़ी बात, Iran Sharp Response to Trump Controversial Post Come and Visit India First, Then Speak",2026-04-24 11:01:00,hi,Hindi,,AmarUjala,
6e234fa3-43d8-4caa-9c95-015b9c6545ff,"India-Maldives: भारत ने मालदीव को 30 अरब रुपये की निकासी मंजूर की, सार्क स्वैप समझौते के तहत मिलेगी राशि . India approved withdrawal Rs 30 billion to Maldives the amount will be received under SAARC swap agreement. India-Maldives: भारत ने मालदीव को 30 अरब रुपये की निकासी मंजूर की, सार्क स्वैप समझौते के तहत मिलेगी राशि",2026-04-24 10:59:00,hi,Hindi,,AmarUjala,
39b534e1-4627-4626-81b1-c987da084dc8,‘Ulta latka kar...’: Amit Shah’s warning to TMC 'goons' ahead of Bengal phase 2 voting. Shah also hailed the state’s voters for casting “historic votes” and breaking all participation records in what he called a grand festival of democracy,2026-04-24 10:28:00,en,English,,HindustanTimes,
1337ff1a-bd85-4628-a74c-37206f57af66,"""Ganga Flows Through Soul Of Bengal"": PM Modi's Boat Ride On Hooghly River. The Prime Minister's visit comes as the state goes through the Assembly election process. The first phase of polling for the 294-member West Bengal Assembly took place on Thursday",2026-04-24 10:11:00,en,English,,NDTV,
33eb8a48-295e-4b74-baf2-13d92b87f0bb,"West Asia crisis, Straits of Hormuz blockade to figure in Heads of Mission conference next week. PM Modi will address the Indian envoys on April 30 with minister Jaishankar, NSA Doval and CDS Chauhan being the other speakers",2026-04-24 10:10:00,en,English,,HindustanTimes,
dfb4a375-9040-4f90-978f-b0d500ee5f8a,"Over 250 Indians Claiming Descent From Biblical Tribe Land In Israel. More than 250 Indians claiming descent from a biblical tribe landed at Tel Aviv airport on Thursday, as part of a government operation",2026-04-24 09:36:00,en,English,,NDTV,
c5585885-6266-403f-91a6-a0e74f336f76,"West Bengal election 2026 LIVE: Amit Shah promises 'Bengal-born CM’, says BJP winning 110 of 152 seats in phase 1. West Bengal election 2026 LIVE: The first phase of assembly elections in West Bengal concluded on Thursday with record-breaking voter participation of over 92%. The second and final phase of voting will take place on April 29 in the state",2026-04-24 09:30:00,en,English,,HindustanTimes,
5bd7b470-ca9b-4f94-b06a-3701174a0889,"PM Modi: 'हर बंगाली के मन में गंगा की खास जगह', पीएम मोदी ने हुगली में नौका विहार करते हुए साझा की तस्वीरें . PM Modi: प्रधानमंत्री मोदी ने हुगली नदी में किया नौका विहार, हावड़ा ब्रिज को कैमरे में कैद करते दिखे pm modi boating in kolkata hooghly river meet people did photography photos",2026-04-24 09:23:00,hi,Hindi,,AmarUjala,
1a80d5c5-3aec-4445-b46c-6830d93c04c5,"Tamil Nadu election 2026 LIVE: Clash over high voter turnout as DMK cites SIR, AIADMK claims anti-incumbency. Tamil Nadu election 2026 LIVE: Out of 5.73 crore eligible voters, around 4.87 crore exercised their franchise. Karur district recorded the highest turnout at 91.86 per cent, while Kanyakumari saw the lowest at 75.50 per cent",2026-04-24 09:21:00,en,English,,HindustanTimes,
42ceaf55-6797-4851-9261-785f222e5461,"Choked, raped, dragged: Chilling final moments of Delhi civil servant's daughter killed by ex-house help. Rahul Kumar Meena allegedly raped and murdered a 22-year-old IIT graduate and UPSC aspirant inside her home in Kailash Hills",2026-04-24 08:54:00,en,English,,HindustanTimes,
e68b8366-6f51-4f26-ba72-02c2ed3a9c23,"Telangana RTC strike enters second day, two attempt self immolation. Telangana RTC strike escalates as two drivers attempt suicide; one in critical condition after self-immolation. Chief Minister urges calm and dialogue",2026-04-24 08:28:00,en,English,,HindustanTimes,
1bfa7954-39ff-4397-a476-751a743797c0,"Play By Rules: New Online Gaming Norms To Come Into Effect From May 1. India's new online gaming rules operationalise a framework for regulating e-sports and social games from May 1, 2026",2026-04-24 08:28:00,en,English,,NDTV,
90b8c368-4f8f-4196-afb5-0ad60673d62a,"How Karnataka Bypolls Could Decide Crisis Manager DK Shivakumar's Future. The bypolls in Bagalkot and Davanagere South were not just local contests, but a test of how united the Karnataka Congress really is",2026-04-24 08:10:00,en,English,,NDTV,
4216371e-6057-454f-86e2-4042d72615a4,Nirmala Sitharaman Holds Meeting On AI Cybersecurity Threats For Banks. Nirmala Sitharaman urged the Indian Banks' Association (IBA) to develop a coordinated institutional mechanism to respond swiftly and effectively to any such threats,2026-04-24 08:06:00,en,English,,NDTV,
9978dbcb-d288-41e7-bbf4-b76c0cc8aea9,Rahul Gandhi likely to visit Great Nicobar this weekend. Gandhi was invited by the Tribal Council of Great Nicobar recently to discuss concerns of the Great Nicobarese tribal community over some infra projects,2026-04-24 07:46:00,en,English,,HindustanTimes,
88f0e38b-c9b6-4599-a4a5-37d6b70b6dfd,"What is wrong with me being Sanatani? I am proud to say that I am a Sanatani hindu, I do puja every morning and evening, I recite mantra almost everyday but whenever someone gets to know this they are like- you should focus on your studies not these things, what is wrong with me trying to be close with my culture? No one has a problem with other people practicing their culture with the speaker five times a day. I don't care what anyone else do for their culture but when I do for mine I am considered Andhbhakt? Why is that? I never said anyone else to change their practices, stop doing them or focus on something else then why are my beliefs being questioned? And I think mods will delete this (I posted it in India but they deleted it the second I posted)",2026-04-24 07:32:00,en,English,,Reddit/r/hinduism,
cc74549d-b4cc-44cc-bd6c-6201a897bfb6,"Heatwave May Melt 4% Of GDP, Raise Medical Bills, Dent Productivity. Extreme heat has already accounted for around $159 billion in lost productivity, roughly 5.4 per cent of India's income",2026-04-24 07:22:00,en,English,,NDTV,
b3be0b74-3ea8-45de-b1eb-a4e84eedd060,HC tells sites to remove videos from Kejriwal recusal hearing. The petition sought contempt action against Kejriwal and others for allegedly recording and sharing parts of court proceedings to further a political agenda,2026-04-24 07:18:00,en,English,,HindustanTimes,
932434f1-536b-4054-9aa7-12c5f94d35cf,"India 'a tough nut to crack' on agriculture, says US trade representative amid talks. Jamieson Greer was answering queries from Congressman Randy Feenstra at a hearing on the Trump administration’s 2026 trade policy agenda",2026-04-24 07:14:00,en,English,,HindustanTimes,
68642d48-12f3-4d82-af9a-06e081490bfa,"Fuel retailers losing Rs20/litre on petrol, Rs100 on diesel as Iran war drags on. They expect oil companies to partially pass on their revenue losses on petrol and diesel to consumers sometime after assembly elections",2026-04-24 07:10:00,en,English,,HindustanTimes,
0987e61c-25f1-4836-9e5e-b5c90b6d7e8b,"India agreed to stop buying oil from Iran. We agreed to stop buying oil from Russia despite so much criticism from our opposition. India agreed to a 50% tariff without saying too much. So where exactly is India not doing enough to work with America?"" questions Ram Madhav",2026-04-24 07:08:00,en,English,,Reddit/r/india,
d6343c07-4ea0-4ca2-84f7-ba5f964c2db6,"While Govt. of India remained tight-lipped about Trump endorsing India as a 'Hellhole' country, Iran came forward to defend our honour—Iran respected &amp; upheld our historic civilisational ties, further strengthened under former PM Dr Manmohan Singh https://www.instagram.com/p/DXeekVuHPFy/",2026-04-24 07:06:00,en,English,,Reddit/r/unitedstatesofindia,
e594c520-4155-4135-bf87-e6ab9550ba07,"Health insurance in India feels like a scam when you actually need it Health insurance in India seriously feels like a scam sometimes. A policy was taken from a prominent bank for a good amount of money, with all the big promises they usually make. Two years later, an urgent hospitalization happens and the insurance is invoked for not even 1 percent of the total amount. And then the real experience begins. The insurer sends a verifier to the hospital, and it’s just some random graduate, a fresher who clearly has no idea what he is doing. At the hospital side, it’s not any better, another graduate, another fresher, equally clueless about how to handle such things. They literally pull out the entire medical file and hand it over without any sense of responsibility. Every single detail, even something as small as a simple fever from years ago, gets exposed and photographed. Then comes the most absurd part. The verifier points out that this random condition from 5 years ago was not mentioned while taking the insurance and uses that as a reason to reject the claim. A temporary condition like fever, which is not even something categorized as an illness worth declaring, suddenly becomes the basis for denial. The claim gets rejected over something so trivial, and it just shows how ridiculous the whole process is. This kind of bu11shit behaviour from the insurer, sending immatured and foolish staff who have no idea how to do their job, combined with a hospital that is just as careless and inexperienced, ends up hurting the client completely. Big coverage is sold easily, but when it’s time to actually use it, they find the smallest and most meaningless reasons to deny it.",2026-04-24 07:02:00,en,English,,Reddit/r/india,
e08a46d6-0256-4fce-8884-a0d464b94db6,"Congress slams EC for notice to Kharge, seeks more time. Congress defends Kharge against ECI's notice over ""terrorist"" remark on Modi, claiming no violation of conduct and citing BJP's unaddressed violations",2026-04-24 06:54:00,en,English,,HindustanTimes,
4a04e8ae-5515-49d9-a2ed-dc711b36534c,"US Prez Donald Trump, for whom India's PM Modi went to US and asked for votes, had shared a political commentary labelling India as a 'Hellhole' country; Govt. of India's response to this global humiliation by US Prez—""We have seen some reports, that is where we leave it"" https://x.com/PTI_News/status/2047268978813435931?s=20",2026-04-24 06:46:00,en,English,,Reddit/r/unitedstatesofindia,
553f3481-062e-4b60-9e36-63b28c31bbd9,West Bengal Elections 2026 Voting: पश्चिम बंगाल में हुई बंपर वोटिंग पर अधीर रंजन ने बताया दो बड़े फैक्टर! . West Bengal Elections 2026 Voting: पश्चिम बंगाल में हुई बंपर वोटिंग पर अधीर रंजन ने बताया दो बड़े फैक्टर!,2026-04-24 06:45:00,hi,Hindi,,AmarUjala,
4efc0a18-8726-4a1f-9b7d-196b56bb1b43,"Telangana to cut ministers’ salaries by 50% to repay dues to retired government officials. Telangana government cuts ministerial salaries by 50% to clear dues for retired employees, aiming to resolve financial issues within 100 days",2026-04-24 06:41:00,en,English,,HindustanTimes,
fbd54de5-e7c9-48ec-b6ad-293bcb1976b9,"""We love each other but clash over spirituality and physical boundaries—are we incompatible?"" “We love each other but clash over spirituality and physical boundaries—are we incompatible?” My view - you’ll find her view after mine. Not reading each other’s perspectives. We’ll read it later. Hi, please help me. I am currently living abroad. I am a 30-year-old man on a spiritual path. This journey began many years ago, but I was not fully committed at that time. I tried to live a generally moral life—I never cheated anyone (except once, when I did to my first love), and I started avoiding what I considered negative influences like non-vegetarian food, alcohol, and excessive romantic involvement now. A couple of years ago, I became more serious about spirituality. I started performing Shiva abhishekam and reciting stotras. Before that, I used to do mantra japa. I had already quit alcohol after a breakup during COVID, though I’m not sure why—it just happened naturally. Later, I also stopped eating non-vegetarian food 2 and half years ago. Here is where I am struggling. Even after becoming more spiritual, I fell in love again, even though I initially had no intention of going down that path. The relationship became deeply romantic and eventually crossed boundaries—I was physically intimate (sx) with her, and this continued for about six months. One day, we realized we made mistake (lit diya, had lunch and before diya turned off we had sx). It hit very hard to me. so I spoke to her and we mutually agreed to stop. After that, I became more focused on my spiritual path and decided I want to live a dharmic life. I told her that we should stop romantic involvement until marriage. She was unsure and not fully ready for that. She at least wanted physical closeness like cuddling. I was raised in a household where, during menstruation, physical contact with women was avoided. However, seeing her hurt when I distanced myself, I agreed to some level of closeness—like sitting together or sleeping beside her—but without romantic or sexual intent. Occasionally, I would hug her in normal days but nothing beyond that. She calmly accepted this arrangement. Today now, during her menstrual period, she wanted more closeness. I was tired and just wanted to sleep peacefully, but she kept asking for a kiss. I told her we could wait until after her fifth day, after her bath. She became very upset and started crying, saying she had been craving closeness for days and felt ignored. For many months, I have been explaining that I want to maintain these boundaries until marriage. I regret my past actions and don’t want to repeat them. I want to grow spiritually and follow dharma properly. I know I’m not that perfect person but I’m trying to be. but the question comes from her “why only in love?”. So, she has been crying for over an hour, and I feel helpless. My question is: Am I being too strict without fully understanding the right way to live? I do have desires, but I feel I need a few years—maybe 2–3—to get married and to grow spiritually and better understand Sanatana Dharma. I feel limited in my understanding and believe I’m not intelligent and no luck due to past karmas. I want to do something to my soul in this lifetime. However, she fears that even after marriage, I will remain distant and overly strict. I have told her that I am open to a normal relationship after marriage, but she doesn’t believe me. She wants me to behave normally now. From her perspective, when two people live together, desires are natural and should not be seen as sinful who decided to marry. Girl view (Age 24) ⸻ I don’t know how everyone else is naturally wired, but my idea of an ideal life has always been to be with the love of my life. I believe that no matter how many ups and downs there are, love can solve most problems. When our relationship began, it was beautiful. It felt like we were living for each other. There was so much love, especially after the difficult journey we went through to understand each other, which started from a misunderstanding. We were very physically close, and that felt natural to me. After some time, though, I felt something was missing—the spark—but I didn’t complain. I am someone who gives everything to the person I love. In that same way, I gave myself completely to him, including physical intimacy. He was hesitant, but I felt that since we were emotionally committed, it wasn’t wrong—it felt like we were already married in our hearts. However, after a few months, his mindset began to change significantly. He became deeply focused on devotion and following dharma strictly. After a certain incident, we mutually decided to stop having sex. But slowly, without realizing it, we started living more like roommates than partners. In many ways, we are still a great couple—even without physical intimacy. But expressing love physically, even in simple ways like hugs, kisses, cuddling, or just feeling wanted and close, is very important to me. We don’t even sleep in the same bed. I understand and accept that some things should be reserved for after marriage, but living like roommates doesn’t feel fair either. I am trying to adjust and accept many of these changes. However, people around us are often surprised by how strictly we live. For example, once we went on a sunset date when we were both feeling low. I expected a simple kiss or hug to comfort each other, but because he believes the sun is sacred, he avoided any physical affection at that time. That made me feel sad because I had expectations. It feels like we are two people with very different mindsets, trying to balance life together but struggling. He is unable to give me what I need, and at the same time, he doesn’t feel troubled about it because he believes he shouldn’t feel like he is depriving me. If this is how things are before marriage, I worry about the future. I’m afraid that by constantly adjusting to these restrictions, I might miss out on meaningful and precious moments in my life. ⸻",2026-04-24 06:38:00,en,English,,Reddit/r/hinduism,
b7264ad2-d485-4511-bffa-b2bacb29a147,"Workers' protests and police repression in Noida On the morning of 13 April, workers across sectors launched a protest demanding better working conditions and a hike in wages in Noida, in Uttar Pradesh. The protest followed recent workers' strikes in Haryana, which compelled the state government to announce a 21% increase in the minimum wage. The Uttar Pradesh Police lathicharged workers, harassed women and verbally abused people at the Noida protests. The police also detained several hundred workers and children. Activists have alleged that more than one thousand workers and other people have gone missing in Noida since the protests. The whereabouts of some were traced to the district jail, while those of several others remain unknown. The Caravan spoke to some of the families of those who went missing during the police action. The police has confirmed the arrests of 396 persons, including four women. They have also filed seven First Information Reports on the protests, charging individual workers and over four thousand unidentified persons of attempt to murder, attacking public officials, rioting, destruction of public and private property, criminal intimidation, provoking breach of peace and other serious acts. https://www.youtube.com/watch?v=QLMwmYRUFZ4",2026-04-24 06:33:00,en,English,,Reddit/r/unitedstatesofindia,
145a37f9-b385-4587-9316-dfa62f8eb1e4,India voices anger after Trump shares comments calling it a ‘hellhole’ | India | The Guardian,2026-04-24 06:29:00,en,English,,Reddit/r/india,
696659c1-55ba-433f-b226-dfef00d6386d,A snapshot of the voices behind the Ken-Betwa protest The video captures a moment from the ken- betwa protest in madhya pradesh.,2026-04-24 06:14:00,en,English,,Reddit/r/IndiaSpeaks,
f6b8e4ba-982d-454c-9228-06d59ed565b2,From AI to subsidies: Bernstein’s candid open letter to PM Modi flags 8 critical fault lines,2026-04-24 05:59:00,en,English,,Reddit/r/india,
e8c201bd-9723-45ab-b67e-62e7cfb0f1b7,Calls for Modi to stand up to Trump after he goes on unhinged racist rant against Indians,2026-04-24 05:58:00,en,English,,Reddit/r/IndiaSpeaks,
4c0dee2e-9880-4e0b-9d8b-36ae83fe0221,"What The Fuck is This? Why Are We Acting Like a Vassal State. ""India agreed to stop buying oil from Iran. We agreed to stop buying oil from Russia despite so much criticism from our opposition. India agreed to a 50% tariff without saying too much. So where exactly is India not doing enough.""",2026-04-24 05:56:00,en,English,,Reddit/r/unitedstatesofindia,
8aa5b000-efff-4352-8c32-580d691d5bd8,‘What is PM scared of’: Opposition slams Modi’s silence over Trump’s ‘hellhole’ remark,2026-04-24 05:49:00,en,English,,IndianExpress,
12a464e5-a033-4de7-8122-4f77cbce1b18,"Knight Frank Wealth Report: 2031 तक देश में होंगे 25 हजार से ज्यादा अति धनाढ्य, 313 अरबपति . Knight Frank Wealth Report: 2031 तक देश में होंगे 25 हजार से ज्यादा अति धनाढ्य, 313 अरबपति india ultra rich population growth 2031 billionaires knight frank wealth report",2026-04-24 05:36:00,hi,Hindi,,AmarUjala,
49eb9c67-4e2d-4e14-a909-6f0630e99139,"How is India still staying united as one country? Honestly, on the surface, we say India is a land of diversity where people of all religions, languages, and cultures live together in harmony. We proudly call it “unity in diversity.” But in reality, things are often very different. 1. North &amp; South tensions over language, culture, and political identity. 2. Locals vs migrants, especially stereotyping migrants from UP, Bihar 3. The North East divide, where North East face racism by mainland India. 4. Regionalism(Ex: Hate between the people of Andhra and Telangana.) 5. Linguistic tensions in states like Maharashtra, Karnataka, and Tamil Nadu. 6. Jammu, Kashmir &amp; Ladakh tensions.. And, there may be many more examples beyond these. Sometimes, it feels unbelievable that India is still standing as one nation. With so many divisions in language, region, religion, and identity, the real wonder is how it still stays together.",2026-04-24 05:25:00,en,English,,Reddit/r/IndiaSpeaks,
8cc026e3-e38d-446c-a3a5-bbe763ba014f,53 Top Indian physicists condemn US-Israeli strikes on Iranian and Palestinian universities,2026-04-24 05:16:00,en,English,,Reddit/r/IndiaSpeaks,
624ac993-0866-4b69-b5a1-a322d3f7b064,"Serving the state for 37 years, a Bengali Muslim cop finds his name deleted from voter roll In Debipur village of Suti, known locally as “mistri para” for its generations of mechanics and artisans, Rejaul Karim grew up watching his father, Naimuddin Biswas, shape “gorur garir chaka” or wooden wheels for bullock carts. More than any material inheritance, Karim’s political lineage traces back to 1952, the year of India’s first electoral rolls, where both his grandfather and father were listed as registered voters in post-Independence Murshidabad. Presently posted at Panrui police station in the Birbhum District of West Bengal, Karim is deployed on election duty, conducting route marches and coordinating with central forces to ensure a smooth polling process. Yet, 21 months away from retiring from his post of a sub-inspector, when voting takes place, he will not be able to cast his ballot. At Booth No. 111 in the 57-Suti Assembly constituency, his name has been deleted from the electoral roll. Thirty-seven years of service, with many laurels to his credit, is now mired in the denial of the right to vote, even when Karim is actively engaged in route marches alongside central forces to ensure the conduct of a free and fair election. “I have been in service since 1991,” Karim tells Maktoob, speaking between his policing duties in Sainthiya ahead of a mega election rally. “My name was there in the 2002 voter list. My father’s and grandfather’s names were there before that. Still, my name is not there now. I don’t know why,” he states. The discrepancy becomes sharper within his own household. His name appeared in the voter list for the 2002 elections; furthermore, his father, mother, elder brother, and Yet, he has now been arbitrarily labeled a “suspicious voter,” and his voting rights have been revoked. There are five registered voters in Karim’s family—his wife, two sons, and daughter—all of whose names appear on the rolls. Their entries were successfully linked using Karim’s own 2002 voter record as the reference point. Source: maktoobmedia [https://www.instagram.com/p/DXbc9yLk54r/?utm\_source=ig\_web\_copy\_link](https://www.instagram.com/p/DXbc9yLk54r/?utm_source=ig_web_copy_link)",2026-04-24 05:04:00,en,English,,Reddit/r/unitedstatesofindia,
82d79893-4076-42be-967d-88fc6e58e03f,"महिलाओं के साथ बढ़ता ऑनलाइन अपराध: रोजाना 370 केस, टॉप पर नकली प्रोफाइल; अश्लील संदेश भी बढ़ा रहे परेशानी . महिलाओं के साथ बढ़ता ऑनलाइन अपराध: रोजाना 370 केस, टॉप पर नकली प्रोफाइल; अश्लील संदेश भी बढ़ा रहे परेशानी rising cyber crime against women india ncrp data online fraud obscene messages identity theft",2026-04-24 05:02:00,hi,Hindi,,AmarUjala,
410bf55c-15b7-4776-b55a-a2898cf76086,"BJP candidate Subhendu Sarkar was attacked by supporters of the ruling party during election campaigning in West Bengal. BJP candidate Subhendu Sarkar was attacked by supporters of the ruling party during election campaigning in West Bengal. Video showed Sarkar being chased through fields and being manhandled by several men allegedly from TMC while he was protesting against booth jamming. BJP said workers linked to the All India Trinamool Congress (TMC) confronted him while he was campaigning in the Kumargram area. The BJP accused TMC supporters of assault and intimidation ahead of the assembly polls, while the TMC did not respond to the incident as of publishing. Police said they were looking into the matter and verifying the circumstances surrounding the clash. Source: brut.india [https://www.instagram.com/reel/DXeNt6wiCD5/?utm\_source=ig\_web\_copy\_link](https://www.instagram.com/reel/DXeNt6wiCD5/?utm_source=ig_web_copy_link)",2026-04-24 04:56:00,en,English,,Reddit/r/unitedstatesofindia,
7cd44840-8d9f-4d34-8b7a-3af8975b8ccd,"West Bengal: बंगाल में मतदान का 2011 का रिकॉर्ड पीछे छूटा, तब ममता ने उखाड़ फेंकी थी वाम सरकार . West Bengal: बंगाल में मतदान का 2011 का रिकॉर्ड पीछे छूटा, तब ममता ने उखाड़ फेंकी थी वाम सरकार west bengal election 2026 record voting turnout 2011 comparison mamata banerjee left bjp tmc",2026-04-24 04:48:00,hi,Hindi,,AmarUjala,
63290aa3-8905-478c-ad72-7daa52d2cbdb,"Delhi High Court Orders Takedown Of Videos From Justice SK Sharma's Recusal Hearing, Issues Notice To Arvind Kejriwal On Contempt Plea",2026-04-24 04:45:00,en,English,,Reddit/r/india,
e8feddef-f8a2-4bbe-966c-883dc4ed6cf5,India ranks 6th globally in ultra-wealth population; billionaire count seen rising 51% by 2031,2026-04-24 04:44:00,en,English,,Reddit/r/india,
04e7c8a7-6088-41b8-aa15-afd8d757623a,"Ground Report: खेला या परिवर्तन, पश्चिम बंगाल में वोटिंग के कीर्तिमान ने बढ़ा दीं धड़कनें . खेला या परिवर्तन: बंगाल में वोटिंग के कीर्तिमान ने बढ़ा दीं धड़कनें, जानें पहले चरण का सुपर ओवर क्यों खास west bengal election 2026 high voting percentage in first phase political battle mamata banerjee bjp",2026-04-24 04:35:00,hi,Hindi,,AmarUjala,
7615b8fc-3a2c-484f-ab49-360aaaa833f4,"Job gone today. No savings. No backup. Just frustrated. I don't even know how to start this. My job is gone. Today. Just like that. It wasn't even a good job. Tin roof, bad conditions, work I never wanted to do in the first place. But I was doing it because I had no choice. You know that feeling where you hate where you are but you show up anyway because responsibilities don't care about your feelings? That was me. Every single day. I had one plan. Just one. I was going to work one more month, save enough for a PG deposit, food, basic setup — and start a fruit stall in Jodhpur. Small. Simple. Mine. I wasn't asking for much. Just enough to get off the ground on my own terms. That one month never came. Job gone today. Money not enough. Plan collapsed before it even started. And on top of that I have to give a fixed amount of money every month to my family. No excuses, no delays. Family doesn't want to hear about my situation — they just need that number to show up. That pressure doesn't pause because my life just fell apart. Right now I'm not thinking about dreams or big plans. I just need one thing. A job. Any job. That gives free accommodation, free food, and minimum ₹15,000 a month. That's it. Nothing fancy. If anyone knows anything — hotels, resorts, hostels, any kind of live-in work anywhere in Rajasthan or anywhere in India — please drop it below. Just need to stabilize. Everything else can wait.",2026-04-24 04:33:00,en,English,,Reddit/r/india,
dd032a8a-68e2-4434-a9a9-a2af9d54187d,"Bombay High Court: वकील और पूर्व सैनिक को लगाई बेवजह हथकड़ी, अदालत का आदेश- सरकार दे 50-50 हजार रुपये मुआवजा . Bombay High Court: वकील और पूर्व सैनिक को लगाई बेवजह हथकड़ी, अदालत का आदेश- सरकार दे 50-50 हजार रुपये मुआवजा bombay high court order maharashtra government Rs 50000 compensation compensation illegal handcuffing",2026-04-24 04:14:00,hi,Hindi,,AmarUjala,
bd59a4ac-547a-4420-a859-57cd443d7fab,Complaint Filed Against Woman Who Confronted Maharashtra Minister Girish Mahajan For Traffic Jam During Women's Protest In Mumbai's Worli,2026-04-24 03:31:00,en,English,,Reddit/r/india,
8326ddbb-cac0-428b-87de-5535e7140fa5,"West Bengal Elections 2026 Voting: छिटपुट हिंसा के बीच बंगाल में बंपर वोटिंग, किसकी बनेगी सरकार? . West Bengal Elections 2026 Voting: छिटपुट हिंसा के बीच बंगाल में बंपर वोटिंग, किसकी बनेगी सरकार?",2026-04-24 03:30:00,hi,Hindi,,AmarUjala,
2d6c98a7-5984-4315-9db6-3684563471ea,"West Bengal Elections 2026 Voting: पश्चिम बंगाल में रिकॉर्ड मतदान, TMC ने बताया अपनी जीत का फैक्टर! . West Bengal Elections 2026 Voting: पश्चिम बंगाल में रिकॉर्ड मतदान, TMC ने बताया अपनी जीत का फैक्टर!",2026-04-24 02:30:00,hi,Hindi,,AmarUjala,
f069d725-13e7-48df-adb6-70a8af589db9,West Bengal Elections 2026 Voting: बंगाल में बंपर वोटिंग के बाद नितिन नवीन ने बताया 'TMC का सूर्यास्त' . West Bengal Elections 2026 Voting: बंगाल में बंपर वोटिंग के बाद नितिन नवीन ने बताया 'TMC का सूर्यास्त',2026-04-24 01:30:00,hi,Hindi,,AmarUjala,
39945d58-6527-42ae-a0eb-342e36e2ce87,"Haha might be irrelevant but I was kinda fascinated The place where I live, usually there are no peacocks they'd be in the outer maybe but nowhere near my house. Idk but for the first time I hear peacock at literally 4am, I as like 😳😳😳.. Literally beautiful nd mesmerizing.. I'm still thinking about it.. It sounded soo near nd louddd tooo Haaaha I just wanted to share cuz it was a bit odd 😉 🦚🦚",2026-04-23 22:42:00,en,English,,Reddit/r/hinduism,
4be4d95a-220e-4f3d-8bb2-1994d807268c,"China in mind, India and Japan move to deepen defence ties",2026-04-23 22:41:00,en,English,,IndianExpress,
157f711a-8546-4661-a715-fd4b3aee0366,"Delhi court orders AAP, Saurabh Bharadwaj to remove defamatory posts against BJP's Bansuri Swaraj",2026-04-23 22:04:00,en,English,,Reddit/r/india,
acbaec04-2e83-4ae2-8988-66598310219f,India’s BIGGEST FEMINIST,2026-04-23 21:19:00,id,Id,,Reddit/r/india,
70ba49f8-463f-4d3e-99aa-f8753d086c45,"India, UK vow cooperation amid ‘turbulent geopolitical environment’",2026-04-23 20:51:00,en,English,,IndianExpress,
40439854-147c-4872-b477-c49fd61d339a,"Kharge’s remarks on Modi: Congress alleges EC issuing ‘casual’ notices, seeks time to reply",2026-04-23 20:27:00,en,English,,IndianExpress,
11ee553e-d0bc-4114-9e59-9389efb2aee7,"Indian food delivery giant Zomato drops pricing clause after pushback, source says",2026-04-23 19:37:00,en,English,,Reddit/r/india,
1d68ac83-4c64-4367-b0cd-611e13607a8b,This is why India development is very slow,2026-04-23 18:58:00,en,English,,Reddit/r/IndiaSpeaks,
d19760e1-c559-460e-ba2e-b6517aa6b4cc,Goddess Durga: The Invincible Protector She is the supreme feminine power (**Shakti**) who protects her devotees from the internal and external forces of chaos and evil.,2026-04-23 17:29:00,en,English,,Reddit/r/hinduism,
08f229d4-41d5-49a3-afe8-30b26a6c2413,"The Indian Official now doing Gundagiri in ROME. After destroying India with Babu, Gunda, VIP etc culture..... Make him famous 🚨🚨India Embassy Official in ROME Harrass an Indian Man The Indian Official now doing Gundagiri in ROME. After destroying India with Babu, Gunda, VIP etc culture. They start spreading this virus to ROME as well thinking that they're in some village of HARYANA. MAKE HIM FAMOUS",2026-04-23 17:24:00,en,English,,Reddit/r/unitedstatesofindia,
1ae9f17b-045a-43a7-a941-e3b59ffe97aa,Indians no longer need transit visas for layover flights via France,2026-04-23 16:57:00,en,English,,IndianExpress,
ddfe83ea-f80a-4d77-894d-cf1a60b5f848,‘Party gave me lesson’: BJP MLA apologises for remarks against cop after son ‘rammed Thar into 5 people’,2026-04-23 16:53:00,en,English,,IndianExpress,
e290fcd7-4226-4979-b0d6-733182eb99c9,‘Free Zone’ for Terrorists in Muslim-Dominated Areas of West Bengal: BJP MP Biplab Kumar Deb,2026-04-23 16:51:00,en,English,,Reddit/r/india,
a07a40d6-ef8e-4b95-98ef-cd6381cf4e07,BJP's start campaigner is at it again,2026-04-23 16:07:00,en,English,,Reddit/r/IndiaSpeaks,
324f0c0b-cc18-45f1-b6eb-221595fa11ca,‘It will be a message of stability in a turbulent world’: New Delhi to host fourth India-Africa Forum Summit next month,2026-04-23 15:47:00,en,English,,IndianExpress,
962bb6a9-3976-4efd-8fdb-6b4f53f505b3,"Bomb blasts and violent clashes between TMC workers and rival parties reported across Bengal, multiple people severely injured During the first phase of the West Bengal Assembly Elections on **23 April 2026**, widespread violence including bombings, beatings, and clashes between **Trinamool Congress (TMC)** and rival party workers has been reported across several districts. * **Murshidabad Crude Bomb Blast**: A crude bomb attack in the **Nowda** area injured multiple people. Reports indicate at least **one death** and three injuries following the blast. * **TMC vs. AUJP Clashes**: Violent confrontations erupted in Murshidabad between TMC workers and supporters of the **Aam Janata Unnayan Party (AUJP)**, led by Humayun Kabir. The unrest involved stone-pelting, vandalism, and allegations of proxy voting. * **Assault on BJP Candidates**: A BJP candidate in **South Dinajpur** was reportedly assaulted and chased by TMC workers. * **Siliguri Confrontation**: Clashes broke out between TMC and BJP workers in **Siliguri**, requiring intervention by the Central Armed Police Forces (CAPF) to restore order. * **Police Personnel Attacked**: Earlier in April, on-duty police officers were allegedly assaulted in **Kasba and Anandapur** during routine operations. * **Kolkata Campaigning Clash**: On **21 April 2026**, nine TMC workers were arrested following a violent face-off outside the **Ekbalpur Police Station** during a campaign meeting. * **Injuries in Danton**: More than **15 BJP workers** were injured in an attack allegedly carried out by TMC supporters in the Danton constituency. * **Shooting in Gosaba**: A TMC worker was shot and hospitalised in **Gosaba** on **20 April 2026** as tensions escalated leading up to the polls. Reports from outlets like [The Economic Times](https://m.economictimes.com/news/elections/assembly-elections/west-bengal/murshidabad-violence-bengal-elections-turn-violent-amid-tmc-aujp-clashes-stone-pelting-crude-bomb-attack-and-proxy-voting-claims/articleshow/130460464.cms) and [Times of India](https://timesofindia.indiatimes.com/videos/news/west-bengal-poll-violence-blast-in-murshidabad-injures-multiple-during-voting/videoshow/130458226.cms) highlight that while security is heavily deployed, the first phase has been marred by significant unrest and casualties. [https://www.youtube.com](https://www.youtube.com/watch?v=1TL1bprN1Sw#:~:text=%E0%A4%AA%E0%A4%B6%E0%A5%8D%E0%A4%9A%E0%A4%BF%E0%A4%AE%20%E0%A4%AC%E0%A4%82%E0%A4%97%E0%A4%BE%E0%A4%B2%20%E0%A4%95%E0%A5%87%20%E0%A4%B9%E0%A5%81%E0%A4%97%E0%A4%B2%E0%A5%80%20%E0%A4%AE%E0%A5%87%E0%A4%82%20%E0%A4%9F%E0%A5%80%E0%A4%8F%E0%A4%AE%E0%A4%B8%E0%A5%80%20%E0%A4%94%E0%A4%B0,%E0%A4%AA%E0%A4%B0%20%E0%A4%AE%E0%A5%8C%E0%A4%9C%E0%A5%82%E0%A4%A6%20%E0%A4%B2%E0%A5%8B%E0%A4%97%E0%A5%8B%E0%A4%82%20%E0%A4%95%E0%A5%87%20%E0%A4%AC%E0%A5%80%E0%A4%9A%20%E0%A4%A7%E0%A4%95%E0%A5%8D%E0%A4%95%E0%A4%BE%2D%E0%A4%AE%E0%A5%81%E0%A4%95%E0%A5%8D%E0%A4%95%E0%A5%80%20%E0%A4%94%E0%A4%B0) [https://www.youtube.com](https://www.youtube.com/watch?v=kUc9LNXA6tg) [https://www.youtube.com](https://www.youtube.com/watch?v=pYV_tqICFiY#:~:text=Clashes%20erupt%20between%20All%20India%20Trinamool%20Congress,in%20Siliguri%20during%20West%20Bengal%20Elections%202026.) [https://timesofindia.indiatimes.com](https://timesofindia.indiatimes.com/videos/news/west-bengal-poll-violence-blast-in-murshidabad-injures-multiple-during-voting/videoshow/130458226.cms) [https://www.thehindu.com](https://www.thehindu.com/videos/west-bengal-polls-ajup-tmc-workers-clash-in-murshidabad/article70896569.ece#:~:text=Clash%20breaks%20out%20between%20TMC%20workers%20and,Party%20%28AUJP%29%20founder%20Humayun%20Kabir%20in%20Murshidabad.) [https://m.economictimes.com](https://m.economictimes.com/news/elections/assembly-elections/west-bengal/murshidabad-violence-bengal-elections-turn-violent-amid-tmc-aujp-clashes-stone-pelting-crude-bomb-attack-and-proxy-voting-claims/articleshow/130460464.cms) [https://organiser.org](https://organiser.org/2026/04/17/349019/bharat/west-bengal-law-and-order-crisis-21-attacks-on-government-officials-reported-between-2018-and-2026/) [https://organiser.org](https://organiser.org/2026/04/17/349019/bharat/west-bengal-law-and-order-crisis-21-attacks-on-government-officials-reported-between-2018-and-2026/) [https://www.youtube.com](https://www.youtube.com/watch?v=Xp4aSkk4ynA#:~:text=A%20Trinamool%20Congress%20worker%20was%20shot%20in,The%20injured%20has%20been%20hospitalised%20as%20political) [https://www.indiasnews.net](https://www.indiasnews.net/news/279001215/west-bengal-polls-9-people-arrested-after-bjp-tmc-workers-clash-amid-campaigning-in-kolkata) [https://www.youtube.com](https://www.youtube.com/watch?v=P6ruE1jOBQU#:~:text=%E0%AC%9F%E0%AC%BF%E0%AC%8F%E0%AC%AE%E0%AC%B8%E0%AC%BF_%E0%AC%95%E0%AC%B0%E0%AD%8D%E0%AC%AE%E0%AD%80%E0%AC%99%E0%AD%8D%E0%AC%95_%E0%AC%86%E0%AC%95%E0%AD%8D%E0%AC%B0%E0%AC%AE%E0%AC%A3%20%23%E0%AD%A7%E0%AD%AB_%E0%AC%AC%E0%AC%BF%E0%AC%9C%E0%AD%87%E0%AC%AA%E0%AC%BF_%E0%AC%95%E0%AC%B0%E0%AD%8D%E0%AC%AE%E0%AD%80_%E0%AC%86%E0%AC%B9%E0%AC%A4%20%E0%AC%9F%E0%AC%BF%E0%AC%8F%E0%AC%AE%E0%AC%B8%E0%AC%BF%20%E0%AC%95%E0%AC%B0%E0%AD%8D%E0%AC%AE%E0%AD%80%E0%AC%99%E0%AD%8D%E0%AC%95%20%E0%AC%86%E0%AC%95%E0%AD%8D%E0%AC%B0%E0%AC%AE%E0%AC%A3%E0%AC%B0%E0%AD%87%20%E0%AD%A7%E0%AD%AB%E0%AC%B0%E0%AD%81%20%E0%AC%85%E0%AC%A7%E0%AC%BF%E0%AC%95,%E0%AC%AE%E0%AC%A3%E0%AD%8D%E0%AC%A1%E0%AC%B3%E0%AD%80%E0%AC%B0%E0%AD%87%20%E0%AC%AC%E0%AC%BF%E0%AC%9C%E0%AD%87%E0%AC%AA%E0%AC%BF%20%E0%AC%95%E0%AC%B0%E0%AD%8D%E0%AC%AE%E0%AD%80%E0%AC%99%E0%AD%8D%E0%AC%95%E0%AD%81%20%E0%AC%86%E0%AC%95%E0%AD%8D%E0%AC%B0%E0%AC%AE%E0%AC%A3%20%E0%AC%95%E0%AC%B0%E0%AC%BF%E0%AC%9B%E0%AC%A8%E0%AD%8D%E0%AC%A4%E0%AC%BF%20%E0%AC%9F%E0%AC%BF%E0%AC%8F%E0%AC%AE%E0%AC%B8%E0%AC%BF%20%E0%AC%95%E0%AC%B0%E0%AD%8D%E0%AC%AE%E0%AD%80%E0%A5%A4)",2026-04-23 15:44:00,en,English,,Reddit/r/IndiaSpeaks,
d7ab0cfd-ae59-446d-9676-1dcf37b5e2cc,Calls for Modi to stand up to Trump after he goes on racist rant against Indians,2026-04-23 15:37:00,en,English,,Reddit/r/india,
279612a6-5b32-467a-9583-4ae15b567861,"""South Asian"" is becoming a tool for Indian cultural erasure just me, or is there a weird trend of rebranding specifically Indian heritage as ""South Asian"" the second it becomes trendy or ""aesthetic""? Think about it: Yoga, Ayurveda, ancient Vedic philosophy, and even specific fashion like the Bindi or Saree are increasingly labeled as ""South Asian"" in Western media. Yet, when the media talks about negative stereotypes or political issues, they have no problem using the word ""Indian"". It feels like a way to make Indian culture more ""palatable"" or ""brand-neutral"" for a global audience while stripping the actual origin of the credit it deserves. We don't call Sushi ""East Asian food"" or Tacos ""North American food"" to be 'inclusive. Why is Indian culture the only one that gets diluted?",2026-04-23 15:18:00,en,English,,Reddit/r/IndiaSpeaks,
def66ca8-b60d-4595-8f4a-cad87a6a05cb,India should also adopt these Japanese food regulations where food displayed outside should match with what's inside the packet,2026-04-23 15:12:00,en,English,,Reddit/r/IndiaSpeaks,
e5b3d3ea-e1f6-4135-9bb9-c8fabf9bf3fb,"I quit my job, hit rock bottom, and found clarity in the most unexpected place: ancient Indian texts. For almost 10 years, throughout my teens and early twenties, I was desperately searching for one comprehensive mental model or thinking framework that could handle everything life throws at me. Exam stress, career anxiety, overthinking at 2 AM, all of it. And because we have access to so much information, I tried everything. I read every popular self-help book, studied various philosophies, even tried the 5am morning routines. These would work partially for a few weeks and then inevitably fail in some particular situations. Last year, I took a massive risk, quit my job, and started my own company. The stress, overthinking and uncertainty were destroying me, and all those self-help frameworks completely broke down under the pressure. During that chaotic time, I started listening to stories from the Mahabharata, Shrimad Bhagvat, and Puranas. The crazy thing is, I found the most foolproof solutions through these stories. These stories don't give you answers directly. They train you to think critically and arrive at the answer yourself. They put you in intense, real situations, take you through a dramatic arc, and usually end with an emotional punch that forces you to see things differently. Now, listening to one ancient story every morning has completely replaced my toxic habit of waking up and doom-scrolling reels. The difference is insane, my mind is clearer, I overthink way less, and on days I skip it, I literally feel myself slipping back into brain-fog. These stories are relatively inaccessible and hard to find. And I eventually realised I couldn't be the only one feeling this way. So, I turned this into a small passion project called KathaDaily. One story from our ancient texts in your inbox every morning at 7 AM. The change in perspective I gained through these is truly magical. Has anyone else turned to our ancient texts to deal with modern anxiety? Would genuinely love to know what mental frameworks you are using to navigate life.",2026-04-23 14:21:00,en,English,,Reddit/r/hinduism,
f1a83cc0-61e6-4e07-9638-58ba4d4cf2c2,"Bengal records 90% voter turnout till 5 pm, Tamil Nadu crosses 82%",2026-04-23 13:43:00,en,English,,Reddit/r/india,
e47046d0-8a07-4c37-ad4c-eba20fa3e0c7,"Delhi HC orders social media platforms to remove videos of Kejriwal seeking judge's recusal The Delhi High Court on Thursday directed social media platforms to take down videos of proceedings where Aam Aadmi Party chief Arvind Kejriwal had sought that Justice Swarana Kanta Sharma recuse herself from hearing the Central Bureau of Investigation’s challenge to his discharge in the Delhi liquor policy case, Live Law reported. Videos of Kejriwal arguing his case before the High Court on April 13 had been shared widely on social media. On April 15, the court directed the police to remove unauthorised videos of Kejriwal’s arguments. On Thursday, a division bench of Justices V Kameshwar Rao and Manpreet Pritam Singh Arora was hearing a public interest litigation seeking contempt action against Kejriwal and journalist Ravish Kumar for “unauthorisedly” recording and sharing videos of the proceedings, Live Law reported. The others mentioned in the petition are the Congress’ Digvijay Singh, and AAP leaders Manish Sisodia, Sanjay Singh, Sanjeev Jha, Purandeep Sawhney, Jarnail Singh, Mukesh Ahlawat and Vinay Mishra. Source: scroll\_in [https://www.instagram.com/p/DXePlI4Dfnu/?utm\_source=ig\_web\_copy\_link](https://www.instagram.com/p/DXePlI4Dfnu/?utm_source=ig_web_copy_link)",2026-04-23 12:41:00,en,English,,Reddit/r/unitedstatesofindia,
db5d214d-aa04-43ef-bbe5-fefb5835a130,"India-UK Ties: राष्ट्रीय सुरक्षा सलाहकार डोभाल ने ब्रिटिश समकक्ष से की मुलाकात, सुरक्षा चिंताओं पर हुआ मंथन . India-UK Ties: राष्ट्रीय सुरक्षा सलाहकार डोभाल ने ब्रिटिश समकक्ष से की मुलाकात, सुरक्षा चिंताओं पर हुआ मंथन",2026-04-23 11:39:00,hi,Hindi,,AmarUjala,
45c5c01b-ab2d-49c1-bb18-3fb040470c83,"PM Modi: 'चार मई को परिणाम नहीं, परिवर्तन आएगा', पश्चिम बंगाल में पीएम मोदी बोले- महिलाओं ने संभाली कमान . PM Modi: 'चार मई को परिणाम नहीं, परिवर्तन आएगा', पश्चिम बंगाल में पीएम मोदी बोले- महिलाओं ने संभाली कमान",2026-04-23 11:26:00,hi,Hindi,,AmarUjala,
5139f7a0-e4dc-473f-929f-e8f691c840d6,Donald Trump calls India a “hellhole” and refers to Indians as “laptop gangsters”,2026-04-23 11:12:00,en,English,,Reddit/r/IndiaSpeaks,
4b404b8f-267c-46f4-88e2-9c96f4d6ef7d,"ट्रंप के नरक वाले बयान पर घमासान: कांग्रेस ने सरकार को घेरा, खरगे ने पूछा- पीएम मोदी क्यों हैं खामोश? . ट्रंप के नरक वाले बयान पर घमासान: कांग्रेस ने सरकार को घेरा, खरगे ने पूछा- पीएम मोदी क्यों हैं खामोश? kharge slams pm modi over trump hellhole remark india us controversy",2026-04-23 11:01:00,hi,Hindi,,AmarUjala,
cf200d77-a234-4598-80c6-41172590ecd1,‘Life term or death’: NCB warns Indians travelling to Maldives after it toughens drug laws,2026-04-23 09:49:00,en,English,,IndianExpress,
a033ec7f-15ca-4f90-9888-197baf59627b,"Wtf is happening to our country I found this video on instgram this guy surjit\_travel\_vlog is using a kid for views having the child wear full bhagwa carrying bjp flag and is teaching him to hit people who don’t agree there are other videos like this on his page , after this in another reel the police was called and the guy who pushed that kid was arrested, and these videos have millions of veiws in comments people were loathing that guy and taging narendra modi yogi and up police to take strictest actions lmao what is this country watching!! Serious issue Update: he has removed or archived this specific reel more of this incident is still uploaded. Here’s his profile : https://www.instagram.com/surjit\_travel\_vlog?igsh=MTQ5bTdhZmpkZ3A1Yw==",2026-04-23 09:48:00,en,English,,Reddit/r/unitedstatesofindia,
618a031f-0767-4f63-ad33-94c22811b5dc,"UP’s Shekha Jheel joins Ramsar List, India nears milestone of 100 sites",2026-04-23 09:42:00,en,English,,IndianExpress,
8e398c34-19bb-4c9e-8481-c78f405b8b32,"Mahila thana to Rs 36,000 women’s allowance: PM Modi announces ’10 guarantees’ ahead of Bengal phase 2 polls",2026-04-23 09:39:00,en,English,,IndianExpress,
d1e27ad3-899b-4afc-a44b-1520674f2e90,Why is modiji not visiting Manipur?,2026-04-23 09:09:00,en,English,,Reddit/r/unitedstatesofindia,
4007850b-fca5-4b55-9f46-1115be333053,"EVM didnt record his vote, it took his permission",2026-04-23 09:06:00,en,English,,Reddit/r/IndiaSpeaks,
c4431428-9642-4fef-84fc-399b5643b0c5,"Trump shares letter on birthright citizenship that calls India, China ‘hellhole’",2026-04-23 07:19:00,en,English,,Reddit/r/india,
1a99a82e-7f33-4b60-acbf-7dbb80b67784,"Another conversion case from KGMU, a medical college Second case from this college in the past few months. Source: https://www.indiatoday.in/amp/india/story/class-12-pass-fake-doctor-kgmu-arrested-conversion-racket-lucknow-2899806-2026-04-22",2026-04-23 05:17:00,en,English,,Reddit/r/IndiaSpeaks,
e1c58804-ae71-44a8-8e9c-a6c252e3273e,"Acharya Ramanuja and Visista Adwait Vedanta Ramanuj Acharya, one of the greatest philosophers and theologians of Hinduism. He was born in the 11th century and is the chief proponent of the Vishishtadvaita (qualified non-dualism) philosophy., Qualified non-dualism refers to the philosophy of \*Vishishtadvaita, taught by Ramanujacharya. It sits between pure non-dualism and dualism There is one Supreme Reality (Brahman), but it is not empty or without qualities. There is one Supreme Reality (Brahman), but it is not empty or without qualities. It includes: God (Brahman) – Supreme, personal, full of qualities Souls (Jiva) – Individual beings Universe (Jagat) – The world 👉 All three are real, and the souls &amp; universe are dependent on God. Advaita Vedanta → Only God is real, world is illusion Vishishtadvaita → God is one, world &amp; souls are real parts of Him Dvaita Vedanta → God and souls are completely separate Vishishtadvaita made spirituality more personal and devotional, opening the path of love, surrender, and equality for all devotees.",2026-04-23 04:45:00,en,English,,Reddit/r/hinduism,
5ab40ea9-f52d-4a1a-a291-608c30393367,"Monthly r/Hinduism Political Thread+Community+News - (March 31, 2026) **For Political Discussion outside this thread, visit r/politicalhinduism** This is a monthly thread to discuss worldwide news affecting Hindu society, as well as anything else related to Hindu politics in general. Questions and other stuff related to social affairs can also be discussed here.",2026-03-31 22:01:00,en,English,,Reddit/r/hinduism,
7a56fb8d-1a39-4a0e-bd81-7b4bf7e33f95,"r/IndiaSpeaks - What happened in your State or City this week ? Tell us anything noticeable big or small, funny or strange happened in your city/state/region. Please remember to state the city/state/region in your comment and it would be great if you link to some news article or a source to it. &amp;#x200B; * You can also join our [Discord server Invite](https://discord.gg/V8sCPac) * The ""What happened in your State or City"" thread is posted weekly on Saturday evening * [Previous Threads](https://www.reddit.com/r/IndiaSpeaks/search/?q=What%20happened%20in%20your%20State%20or%20City%20this%20week&amp;restrict_sr=1&amp;sort=new) can be found here",2026-03-27 04:30:00,en,English,x200B,Reddit/r/IndiaSpeaks,
d39e3947-76d1-45ea-aea3-542b83511767,"Ask India Thread Welcome to r/India's Ask India Thread. If you have any queries about life in India (or life as Indians), this is the thread for you. Please keep in mind the following rules: * Top level comments are reserved for queries. * No political posts. * Relationship queries belong in /r/RelationshipIndia. * Please try to search the internet before asking for help. Sometimes the answer is just an internet search away. :) [Older Threads](https://www.reddit.com/r/india/search?q=%22Ask+India+Thread%22+flair%3AScheduled&amp;restrict_sr=on&amp;include_over_18=on&amp;sort=new&amp;t=all)",2026-03-01 08:30:00,en,English,,Reddit/r/india,
fcd1fbd4-1b76-403b-8bd5-f28501f113f1,"Mental &amp; Emotional Health Support Thread Welcome to /r/India's mental and emotional health support thread. If you are struggling and are looking for support, please use this thread to discuss your issues with other members of /r/India. Please keep in point the following rules: * Be kind. Harsh language and rudeness will not be tolerated in these threads. The aim is to support and help, not demotivate and abuse. * Top level comments are reserved for those seeking advice. [Older Threads](https://www.reddit.com/r/india/search/?q=%22Mental+Health+Support%22+flair%3AScheduled&amp;include_over_18=on&amp;restrict_sr=on&amp;t=all&amp;sort=new)",2026-03-01 08:30:00,en,English,,Reddit/r/india,
